[
    {
        "type"  : "item_group",
        "id"    : "bowling_alcohol",
        "items" : [
            ["beer",                60],
            ["european_pilsner",    50],
            ["pale_ale",            50],
            ["india_pale_ale",      47],
            ["stout",               46],
            ["belgian_ale",         40],
            ["imperial_stout",      35],
            ["whiskey",             10],
            ["vodka",               10],
            ["gin",                 10],
            ["rum",                 10],
            ["tequila",             10],
            ["triple_sec",          5],
            ["fruit_wine",           5],
            ["brandy",               5],
            ["drink_boozeberry",     4],
            ["drink_rumcola",       40],
            ["drink_screwdriver",   35],
            ["drink_wild_apple",    10],
            ["drink_strawberry_surprise", 15],
            ["long_island",         17]
        ]
    },
    {
        "type"  : "item_group",
        "id"    : "bowling_food",
        "items" : [
            ["water_clean",     50],
            ["water_mineral",   20],
            ["oj",              40],
            ["juice",           35],
            ["cranberry_juice", 35],
            ["cola",            50],
            ["lemonlime",       45],
            ["V8",              15],
            ["gum",             15]
        ]
    },
    {
        "type"  : "item_group",
        "id"    : "bowling_fridge",
        "items" : [
            ["water_clean",     50],
            ["water_mineral",   20],
            ["oj",              40],
            ["juice",           35],
            ["cranberry_juice", 35],
            ["cola",            50],
            ["lemonlime",       45],
            ["V8",              15],
            ["fries",            7],
            ["cheese_fries",     5],
            ["onion_rings",      7],
            ["mayonnaise",       3],
            ["mustard",          3],
            ["ketchup",          3],
            ["pickle",           5],
            ["cheeseburger",    10],
            ["hamburger",        7],
            ["bobburger",        1],
            ["sloppyjoe",        6],
            ["hotdogs_frozen",   6]
        ]
    },
    {
        "type"  : "item_group",
        "id"    : "bowling_table",
        "items" : [
            ["cig",           50],
            ["matches",       45],
            ["rolling_paper", 10],
            ["bottle_glass",  50],
            ["bottle_plastic",70],
            ["can_drink",     65],
            ["wrapper",       50],
            ["ceramic_plate", 40],
            ["news_regional", 20],
            ["mag_news",      20]
        ]
    },
    {
        "type"  : "item_group",
        "id"    : "bowling_bathroom",
        "items" : [
            ["weed",        30],
            ["coke",        30],
            ["aspirin",     40],
            ["cig",         20],
            ["syringe",     20],
            ["meth",        10],
            ["heroin",       5],
            ["mag_porn",    35],
            ["hairpin",      5],
            ["purse",       15]
        ]
    },
    {
        "type"  : "item_group",
        "id"    : "bowling_trash",
        "items" : [
            ["wrapper",       50],
            ["bottle_glass",  50],
            ["bottle_plastic",70],
            ["can_drink",     60],
            ["flyer",         30],
            ["box_small",     30],
            ["rag",           20],
            ["bag_plastic",   20],
            ["news_regional", 15],
            ["mag_news",      15]
        ]
    },
    {
        "type"  : "item_group",
        "id"    : "bowling_item",
        "items" : [
            ["socks_bowling", 100],
            ["shoes_bowling", 100],
            ["bowling_pin", 100],
            ["bowling_ball", 100]
        ]
    },{
        "type"  : "item_group",
        "id"    : "bowling_balls",
        "items" : [
            ["bowling_ball", 100]
        ]
    },{
        "type":"monstergroup",
        "name" : "GROUP_PLAIN",
        "default" : "mon_zombie",
        "monsters" : [{ "monster" : "mon_zombie", "freq" : 40, "cost_multiplier" : 1 }]
    },{
        "type"       : "overmap_terrain",
        "id"         : "bowling_alley",
        "name"       : "bowling alley",
        "rotate"     : true,
        "sym"        : 66,
        "color"      : "red",
        "see_cost"   : 5,
        "extras"     : "build",
        "mondensity" : 2,
        "sidewalk"   : true,
        "mapgen":
        [
            {
                "method": "json",
                "weight": 10000000,
                "object": {
                    "rows": [
                        ",,,,,__________________,",
                        ",,,,,_y____y____y____y_,",
                        ",,,,,_y____y____y____y_,",
                        ",,,,,_y____y____y____y_,",
                        ",,,,,_y____y____y____y_,",
                        ",,,,,_y____y____y____y_,",
                        ",,,,,_y____y____y____y_,",
                        "|-+------OOOO----OOOO--|",
                        "|            lll&   # r|",
                        "|ctc   ctc          # r|",
                        "|ctc   ctc             |",
                        "|ctc   ctc     c    c  |",
                        "|             ctc  ctc |",
                        "|          r           |",
                        "| ####     r    =  =   |",
                        "|r   #c   &| GSSGSSGSSG|",
                        "|r   #     | GSSGSSGSSG|",
                        "|r   #c    | GSSGSSGSSG|",
                        "|-+--|     | GSSGSSGSSG|",
                        "|F  r|     | GSSGSSGSSG|",
                        "|F  r|+-|+-| GSSGSSGSSG|",
                        "|F  r|LU|LU| GSSGSSGSSG|",
                        "|F  r|T%|T%| GSSGSSGSSG|",
                        "|----------------------|"
                    ],
                    "terrain": {
                        ".": "t_grass",
                        "_": "t_pavement",
                        ",": "t_sidewalk",
                        "y": "t_pavement_y",
                        " ": "t_floor",
                        "-": "t_wall_h",
                        "|": "t_wall_v",
                        "O": "t_window",
                        "+": "t_door_c",
                        "M": "t_door_metal_locked",
                        "w": "t_gates_mech_control",
                        "x": "t_console_broken",
                        "c": "t_floor",
                        "#": "t_floor",
                        "r": "t_floor",
                        "^": "t_floor",
                        "t": "t_floor",
                        "F": "t_floor",
                        "@": "t_floor",
                        ":": "t_floor",
                        "T": "t_linoleum_white",
                        "l": "t_floor",
                        "S": "t_floor_waxed",
                        "=": "t_floor",
                        "G": "t_floor",
                        "L": "t_linoleum_white",
                        "U": "t_linoleum_white",
                        "&": "t_floor",
                        "%": "t_linoleum_white"
                    },
                    "furniture": {
                        ".": "f_null",
                        "_": "f_null",
                        ",": "f_null",
                        " ": "f_null",
                        "-": "f_null",
                        "|": "f_null",
                        "O": "f_null",
                        "L": "f_null",
                        "+": "f_null",
                        "M": "f_null",
                        "w": "f_null",
                        "x": "f_null",
                        "c": "f_chair",
                        "#": "f_counter",
                        "r": "f_rack",
                        "^": "f_indoor_plant",
                        "t": "f_table",
                        "F": "f_fridge",
                        "@": "f_bed",
                        ":": "f_dresser",
                        "T": "f_toilet",
                        "l": "f_vending_c",
                        "S": "f_null",
                        "=": "f_ball_mach",
                        "G": "f_lane",
                        "U": "f_sink",
                        "&": "f_trashcan",
                        "%": "f_trashcan"
                    },
                    "set": [
                    ],
                    "place_groups": [
                        { "monster": "GROUP_PLAIN",      "chance": 1,     "x": [2,21],  "y": [7,22]  },
                        { "item":    "bowling_item",     "chance": 70,    "x": [22,22],   "y": [8,9] },
                        { "item":    "bowling_item",     "chance": 70,    "x": [4,4],   "y": [19,22] },
                        { "item":    "bowling_balls",    "chance": 80,    "x": [11,11], "y": [13,14] },
                        { "item":    "bowling_balls",    "chance": 80,    "x": [16,16], "y": [15,15] },
                        { "item":    "bowling_balls",    "chance": 80,    "x": [19,19], "y": [14,14] },
                        { "item":    "vending_food",     "chance": 90,    "x": [12,14],   "y": [7,7] },
                        { "item":    "bowling_item",     "chance": 70,    "x": [12,22], "y": [15,22] },
                        { "item":    "bowling_trash",    "chance": 55,    "x": [16,16], "y":[8,8]      },
                        { "item":    "bowling_trash",    "chance": 55,    "x": [10,10],"y":[15, 15]  },
                        { "item":    "bowling_alcohol",  "chance": 50,    "x": [1,1],"y":[17, 17]    },
                        { "item":    "bowling_alcohol",  "chance": 50,    "x": [1,1],"y":[22, 22]    },
                        { "item":    "bowling_bathroom", "chance": 35,    "x": [6,7],  "y":[21,22],  "repeat": [1,2]   },
                        { "item":    "bowling_bathroom", "chance": 35,    "x": [9,10],  "y":[21,22], "repeat": [1,2]   },
                        { "item":    "bowling_table",    "chance": 40,    "x": [2,2],  "y":[9,11],   "repeat": [1,2]   },
                        { "item":    "bowling_table",    "chance": 40,    "x": [8,8],  "y":[9,11],   "repeat": [1,2]   },
                        { "item":    "bowling_table",    "chance": 40,    "x": [5,5],  "y":[14,17],  "repeat": [1,2]   },
                        { "item":    "bowling_table",    "chance": 40,    "x": [15,15], "y":[12,12]  },
                        { "item":    "bowling_table",    "chance": 40,    "x": [20,20], "y":[12,12]  },
                        { "item":    "bowling_food",     "chance": 60,    "x": [1,1], "y":[15,16]    },
                        { "item":    "bowling_fridge",   "chance": 70,    "x": [1,1], "y":[19,21]    }
                    ],
                    "place_specials": [
                        { "type": "toilet", "x": 6, "y": 22 },
                        { "type": "toilet", "x": 9, "y": 22 }
                    ]
                }
            }
        ]
    }
]