[
  {
    "type": "mapgen",
    "om_terrain": [
      "s_gun"
    ],
    "method": "json",
    "weight": 100,
    "object": {
      "rows": [
        "__________________sss___",
        "_,___,___,___,___,sss_%_",
        "_,___,___,___,___,sss_%_",
        "_,___,___,___,___,sss_%_",
        "_,___,___,___,___,sss_%_",
        "_,___,___,___,___,sss___",
        "ssssssssssssssssssssssss",
        "s--5555--5555--+--55555s",
        "s|r..rrrrrr...^.^|rrrr8s",
        "s8r..............L...r8s",
        "s8r..rrrrrr...###|----|_",
        "s8r..rrrrrr...x..rrrrr|_",
        "s8r...........#......r|_",
        "s|r..rrrrrr...#......r|_",
        "s|---------D--------+-|_",
        "s|#######|...|tccEc..^|_",
        "s|#.c..c#|...|t.xEc...w_",
        "sL...c...L...D........w_",
        "_|l.###.l|..^|##FCC...|_",
        "_|l.rrr.l|-L-------D-D|_",
        "_|l.rrr.l|ssss____WS|SW_",
        "_|l.....l|s__,_dd_|T|T|_",
        "_--WW-WW--s__,_dd_-----_",
        "__________s__,_dd_______"
      ],
      "terrain": {
        "_": "t_pavement",
        ",": "t_pavement_y",
        "s": "t_sidewalk",
        "-": "t_wall_h",
        "|": "t_wall_v",
        "5": "t_window_bars_alarm",
        "8": "t_window_bars_alarm",
        ".": "t_floor",
        "+": "t_door_metal_pickable",
        "D": "t_door_c",
        "L": "t_door_metal_pickable",
        "w": "t_window_bars_alarm",
        "W": "t_window_bars_alarm",
        "%": "t_shrub",
        "x": "t_console_broken",
        "^": "t_floor",
        "r": "t_floor",
        "l": "t_floor",
        "#": "t_floor",
        "E": "t_floor",
        "t": "t_floor",
        "c": "t_floor",
        "C": "t_floor",
        "F": "t_floor",
        "S": "t_floor",
        "T": "t_floor",
        "d": "t_pavement"
      },
      "furniture": {
        "_": "f_null",
        ",": "f_null",
        "s": "f_null",
        "-": "f_null",
        "|": "f_null",
        "5": "f_null",
        "8": "f_null",
        ".": "f_null",
        "+": "f_null",
        "D": "f_null",
        "L": "f_null",
        "w": "f_null",
        "W": "f_null",
        "%": "f_null",
        "x": "f_null",
        "^": "f_indoor_plant",
        "r": "f_rack",
        "l": "f_locker",
        "#": "f_counter",
        "E": "f_desk",
        "t": "f_table",
        "c": "f_chair",
        "C": "f_sofa",
        "F": "f_fridge",
        "S": "f_sink",
        "T": "f_toilet",
        "d": "f_dumpster"
      },
      "place_specials": [
        { "type": "toilet", "x": 19, "y": 21 },
        { "type": "toilet", "x": 21, "y": 21 }
      ],
      "set": [
        { "point": "terrain", "id": "t_tree_young",
          "x": 22, "y": [ 1, 4 ], "chance": 10, "repeat" : [ 1, 3 ] },
        { "point": "terrain", "id": "t_tree_apple",
           "x": 22, "y": [ 1, 4 ], "chance": 30, "repeat": [ 1, 2 ] }
      ],
      "add": [
        { "item": "television", "x": 14, "y": 16, "chance": 60 },
        { "item": "laptop", "x": 17, "y": 15, "chance": 30 }
      ],
      "place_groups": [
        { "item": "fridgesnacks", "chance": 70, "x": 16, "y": 18, "repeat": [ 1, 2 ] },
        { "item": "ammo", "chance": 75, "x": 21, "y": [ 11, 13 ], "repeat": [ 1, 5 ] },
        { "item": "allguns", "chance": 60, "x": [ 17, 20 ], "y": 11, "repeat": [ 1, 4 ] },
        { "item": "gunxtras", "chance": 70, "x": [ 18, 21 ], "y": [ 8, 9 ], "repeat": [ 3, 6 ] },
        { "item": "gunxtras", "chance": 50, "x": 2, "y": [ 8, 13 ], "repeat": [ 1, 4 ] },
        { "item": "gunxtras", "chance": 50, "x": [ 5, 10 ], "y": 8, "repeat": [ 1, 4 ] },
        { "item": "gunxtras", "chance": 50, "x": [ 5, 10 ], "y": 10, "repeat": [ 1, 4 ] },
        { "item": "gunxtras", "chance": 50, "x": [ 5, 10 ], "y": 11, "repeat": [ 1, 4 ] },
        { "item": "gunxtras", "chance": 50, "x": [ 5, 10 ], "y": 13, "repeat": [ 1, 4 ] },
        { "item": "gunsmith_tools", "chance": 80, "x": [ 2, 8 ] , "y": 15 , "repeat": [ 4, 6 ] },
        { "item": "gunsmith_mat", "chance": 90, "x": [ 4, 6], "y": [ 19, 20 ], "repeat": [ 4, 8 ] },
        { "item": "gunsmith_hazmat", "chance": 75, "x": 2, "y": [ 18, 21 ], "repeat": [ 2, 6 ] },
        { "item": "gunsmith_hazmat", "chance": 75, "x": 8, "y": [ 18, 21 ], "repeat": [ 2, 6 ] },
        { "item": "gunsmith_gunparts", "chance": 40, "x": [ 4, 6 ], "y": 18, "repeat": [ 3, 4 ] },
        { "item": "gunsmith_casings", "chance": 75, "x": 2, "y": 16, "repeat": [ 3, 5 ] },
        { "item": "gunsmith_casings", "chance": 75, "x": 8, "y": 16, "repeat": [ 3, 5 ] }
      ]
    },
    "comment": "end of mapgen entry ---v"
  }
]
