[
    {
    "type":"monstergroup",
    "name" : "GROUP_QUIVERFULL",
    "default" : "mon_null",
    "monsters" : [
      { "monster" : "mon_zombie_child", "freq" : 100, "cost_multiplier" : 0, "pack_size": [6,10] }
                 ]
      },{
        "type": "mapgen",
        "om_terrain": [
            "house"
        ],
        "method": "json",
        "weight": 300, "comment": "<--- low weight due to low randomness, remove when house mapgen pool is big",
        "object": {
            "rows": [
                "....................DDD.",
                ".|---33----22----------.",
                ".|6H    ?|A   | B66B E|.",
                ".|H     ?|;  8| B66B E|.",
                ".|      ?|   8| B66B E|.",
                ".26     ?|    | B66B E|.",
                ".26      |-+--| B66B F|.",
                ".26     H|    |   B  F|.",
                ".|       |    +      G|.",
                ".|       +    |      A2.",
                ".|???6???|    |      >2.",
                ".|-------|    |D   >>>|.",
                ".2            |---+---|.",
                ".2            +      :|.",
                ".|-+--------+-|     @@2.",
                ".|:   :@:@:@  |C    @@2.",
                ".|@@   @ @ @  |CB    :|.",
                ".|:           |CC77   |.",
                ".|@@        @@|-----+-|.",
                ".|:          :|D      |.",
                ".|@@   B B  @@|;      |.",
                ".|     CCCC  :|A    88|.",
                ".----22---------22-----.",
                "........................"
            ],
            "terrain": {
                ".": "t_grass",
                "-": "t_wall_h",
                "2": "t_window",
                "3": "t_door_locked",
                "|": "t_wall_v",
                " ": "t_floor",
                "6": "t_floor",
                "7": "t_floor",
                "8": "t_floor",
                "9": "t_floor",
                ":": "t_floor",
                ";": "t_floor",
                "+": "t_door_c",
                "=": "t_floor",
                ">": "t_floor",
                "?": "t_floor",
                "@": "t_floor",
                "A": "t_floor",
                "B": "t_floor",
                "C": "t_floor",
                "D": "t_dirt",
                "E": "t_floor",
                "F": "t_floor",
                "G": "t_floor",
                "H": "t_floor",
                "z": "t_shrub",
                "S": "t_sidewalk",
                "^": "t_tree",
                "{": "t_door_glass_c",
                "[": "t_fence_v",
                "~": "t_fence_h"
            },
            "furniture": {
                "6": "f_table",
                "7": "f_bookcase",
                "8": "f_bathtub",
                "9": "f_rack",
                ":": "f_dresser",
                ";": "f_toilet",
                "=": "f_fireplace",
                ">": "f_counter",
                "?": "f_sofa",
                "@": "f_bed",
                "A": "f_sink",
                "B": "f_chair",
                "C": "f_desk",
                "D": "f_trashcan",
                "E": "f_cupboard",
                "F": "f_fridge",
                "G": "f_oven",
                "H": "f_armchair"
            },
            "place_specials": [
                { "type": "toilet", "x": 15, "y": 20 },
                { "type": "toilet", "x": 10, "y": 2 }
            ],
                        "comment": "randomly picked from a group ---v",
            "place_groups": [
                { "item": "livingroom", "chance": 70,  "x": [ 3,8 ], "y": [ 2,10 ] },
                { "item": "kitchen", "chance": 70,  "x": [ 15,20 ], "y": [ 2,11 ] },
                { "item": "fridge", "chance": 70,  "x": 21, "y": [ 6,7 ], "repeat": [2,3] },
                { "item": "kitchen", "chance": 70,  "x": 21, "y": [ 2,5 ], "repeat": [1,2] },
                { "item": "dresser", "chance": 70,  "x": 2, "y": 15 },
                { "item": "bed", "chance": 70,  "x": [ 2,3 ], "y": 16 },
                { "item": "dresser", "chance": 70,  "x": 2, "y": 17 },
                { "item": "bed", "chance": 70,  "x": [ 2,3 ], "y": 18 },
                { "item": "dresser", "chance": 70,  "x": 2, "y": 19 },
                { "item": "bed", "chance": 70,  "x": [ 2,3 ], "y": 20 },
                { "item": "dresser", "chance": 70,  "x": 6, "y": 15 },
                { "item": "bed", "chance": 70,  "x": 7, "y": [ 15,16 ] },
                { "item": "dresser", "chance": 70,  "x": 8, "y": 15 },
                { "item": "bed", "chance": 70,  "x": 9, "y": [ 15,16 ] },
                { "item": "dresser", "chance": 70,  "x": 10, "y": 15 },
                { "item": "bed", "chance": 70,  "x": 11, "y": [ 15,16 ] },
                { "item": "dresser", "chance": 70,  "x": 12, "y": 21 },
                { "item": "bed", "chance": 70,  "x": [ 12,13 ], "y": 18 },
                { "item": "dresser", "chance": 70,  "x": 12, "y": 19 },
                { "item": "bed", "chance": 70,  "x": [ 12,13 ], "y": 20 },
                { "item": "dresser", "chance": 70,  "x": 21, "y": 13 },
                { "item": "dresser", "chance": 70,  "x": 21, "y": 16 },
                { "item": "bed", "chance": 70,  "x": [ 20,21 ], "y": [ 14,15 ] },
                { "item": "dresser", "chance": 70,  "x": [ 15,21 ], "y": [ 19,21 ] },
                { "monster": "GROUP_ZOMBIE", "chance": 2, "x": [ 2, 21 ], "y": [ 2, 21 ] },
                { "monster": "GROUP_QUIVERFULL", "chance": 1, "x": [ 2, 14 ], "y": [ 15, 21 ]  }
            ],
            "add": [
                { "item": "american_flag", "x": 2, "y": 5, "amount":1},
                { "item": "holybook_bible1", "x": 2, "y": 6, "amount":1 },
                { "item": "quiver_large",  "x": 2, "y": 7, "amount":1 }
            ],
            "comment": "end of mapgen json definition ---v"
        },
        "comment": "end of mapgen entry ---v"
    }
]
