[
    {
        "type": "mapgen",
        "om_terrain": [
            "house"
        ],
        "method": "json",
        "weight": 300, "comment": "<--- low weight due to low randomness, remove when house mapgen pool is big",
        "object": {
            "rows": [
                "..............SSSSSSS.x.",
                "..............SSSSSSS.x.",
                "..............SSSSSSS.x.",
                "..............SSSSSSS.x.",
                "..............SSSSSSS.x.",
                "...o..........SSSSSSS.x.",
                "..............SSSSSSS.x.",
                "..............SSSSSSS.x.",
                "..............SSSSSSS.x.",
                "..............SSSSSSS.x.",
                "..............SSSSSSS.x.",
                "..............SSSSSSS.x.",
                ".|-----2332-----+-----|.",
                ".|8  A|    |D        F|.",
                ".28  ;|    |  66B    G2.",
                ".2    |    +  66B    >2.",
                ".|    +    |         >|.",
                ".-----|7   |-----+----|.",
                ".[    |7      +      6|.",
                ".[   B|7   6 B|     @@|.",
                ".[   B|    6  |     @@|.",
                ".[    3    6 B|      :|.",
                ".o~~~~--22-------22----.",
                "........................"
            ],
            "terrain": {
                ".": "t_grass",
                "-": "t_wall_h",
                "2": "t_window_domestic",
                "3": "t_door_locked",
                "|": "t_wall_v",
                " ": "t_floor",
                "6": "t_floor",
                "7": "t_floor",
                "8": "t_floor",
                "9": "t_floor",
                ":": "t_floor",
                ";": "t_floor",
                "+": "t_door_c",
                "=": "t_floor",
                ">": "t_floor",
                "?": "t_floor",
                "@": "t_floor",
                "A": "t_floor",
                "B": "t_floor",
                "C": "t_floor",
                "D": "t_floor",
                "E": "t_floor",
                "F": "t_floor",
                "G": "t_floor",
                "S": "t_sidewalk",
                "^": "t_tree",
                "M": "t_door_metal_locked",
                "X": "t_gates_mech_control",
                "[": "t_fence_v",
                "~": "t_fence_h",
                "o": "t_column",
                "x": "t_shrub"


            },
            "furniture": {
                "6": "f_table",
                "7": "f_bookcase",
                "8": "f_bathtub",
                "9": "f_rack",
                ":": "f_dresser",
                ";": "f_toilet",
                "=": "f_fireplace",
                ">": "f_counter",
                "?": "f_sofa",
                "@": "f_bed",
                "A": "f_sink",
                "B": "f_chair",
                "C": "f_desk",
                "D": "f_trashcan",
                "E": "f_cupboard",
                "F": "f_fridge",
                "G": "f_oven"
            },
            "place_specials": [
                { "type": "toilet", "x": 5, "y": 14 }
            ],
            "comment": "specific terrain/furniture/radiation. doing this until grass_or_dirt is supported ---v",
            "set": [
                { "point": "terrain", "id": "t_dirt", "x": 0, "y": [ 0, 23 ], "repeat": [ 5, 10 ] },
                 { "point": "terrain", "id": "t_door_locked_interior", "x": 6, "y": 21, "repeat": [ 0, 1 ] },
                { "point": "terrain", "id": "t_dirt", "x": 23, "y": [ 0, 23 ], "repeat": [ 5, 10 ] },
                { "point": "terrain", "id": "t_dirt", "x": [ 0, 23 ], "y": 23, "repeat": [ 5, 8 ] },
                { "point": "terrain", "id": "t_dirt", "x": [ 0, 14 ], "y": 0, "repeat": [ 5, 8 ] },
                { "point": "terrain", "id": "t_dirt", "x": [ 2, 11 ], "y": [2, 11], "repeat": [ 8, 12 ] }
            ],
            "add": [

                { "item": "american_flag", "x": 4, "y": 5, "chance": 2 }
            ],
            "comment": "randomly picked from a group ---v",
            "place_groups": [
                { "vehicle": "beetle", "x": 17, "y": 6, "rotation": 270, "chance": 10  },
                { "item": "bed", "chance": 80,  "x": [20,21 ], "y": [19,20 ] },
                { "item": "bedroom", "chance": 80, "x": [ 15, 21 ], "y": [ 18, 21 ] },
                { "item": "livingroom", "chance": 60, "x": [ 7,13 ], "y": [ 18,21 ] },
                { "item": "homeguns", "chance": 5, "x": [ 15,21 ], "y": [ 18,21 ] },
                { "item": "homebooks", "chance": 70, "x": [ 7,7 ], "y": [ 16,18 ] },
                { "item": "dresser", "chance": 70, "x": [ 21,21 ], "y": [ 21,21 ] },
                { "item": "kitchen", "chance": 75, "x": [ 13,21 ], "y": [ 16,13 ] },
                { "item": "fridge", "chance": 50, "x": [ 21,21 ], "y": [ 13,13 ] },
                { "item": "kitchen", "chance": 75, "x": [ 21,21 ], "y": [ 15,16 ] },
                { "item": "trash_forest", "chance": 75, "x": 11, "y": 12 },
                { "item": "oven", "chance": 50, "x": 21 , "y": 14 },
                { "item": "softdrugs", "chance": 75, "x": [ 2,4 ], "y": [ 13,16 ] },
                { "item": "cleaning", "chance": 75, "x": [ 2,4 ], "y": [ 13,16] },
                { "monster": "GROUP_ZOMBIE", "chance": 2, "x": [ 2, 21 ], "y": [ 2, 21 ] }            ],
            "comment": "end of mapgen json definition ---v"
        },
        "comment": "end of mapgen entry ---v"
    }
]
