[
    {
        "type": "mapgen",
        "om_terrain": [
            "house"
        ],
        "method": "json",
        "weight": 100, "comment": "<--- low weight due to low randomness, remove when house mapgen pool is big",
        "object": {
            "rows": [
                "...ss...................",
                ".z.ss.z.................",
                "...ss...................",
                ".--++---................",
                ".|   +:|................",
                ".|   ----2222---22-22-..",
                ".|   B   ???? |:   CC|..",
                ".2>  66       +     B|..",
                ".2>  66  H   7|      |..",
                ".|G   B    H 7|   @@ |..",
                ".|EF>         |  :@@:|..",
                ".|---+-|--+-----------..",
                ".|; A X|    9999 9999|..",
                ".--2---|            >|..",
                ".[zzzzz|--+----------|..",
                ".[...................[..",
                ".[.I.#.#.#..########.[..",
                ".[.I.#.#.#...........[..",
                ".[.J.#.#.#..########.[..",
                ".[.J.#.#.#...........[..",
                ".[.J.#.#.#..########.[..",
                ".[...................[..",
                ".[~~~~~~~~~~~~~~~~~~~[..",
                "........................"
            ],
            "terrain": {
                ".": "t_grass",
                "-": "t_wall_h",
                "2": "t_window",
                "3": "t_door_locked",
                "|": "t_wall_v",
                " ": "t_floor",
                "6": "t_floor",
                "7": "t_floor",
                "8": "t_floor",
                "9": "t_floor",
                ":": "t_floor",
                ";": "t_floor",
                "+": "t_door_c",
                "=": "t_floor",
                ">": "t_floor",
                "?": "t_floor",
                "@": "t_floor",
                "A": "t_floor",
                "B": "t_floor",
                "C": "t_floor",
                "D": "t_dirt",
                "E": "t_floor",
                "F": "t_floor",
                "G": "t_floor",
                "H": "t_floor",
                "X": "t_floor",
                "z": "t_shrub",
                "I": "t_shrub_blueberry",
                "J": "t_shrub_strawberry",
                "s": "t_sidewalk",
                "^": "t_tree",
                "{": "t_door_glass_c",
                "[": "t_fence_v",
                "~": "t_fence_h",
                "#": "t_dirtmound"
            },
            "furniture": {
                "6": "f_table",
                "7": "f_bookcase",
                "8": "f_bathtub",
                "9": "f_rack",
                ":": "f_dresser",
                ";": "f_toilet",
                "=": "f_fireplace",
                ">": "f_counter",
                "?": "f_sofa",
                "@": "f_bed",
                "A": "f_sink",
                "B": "f_chair",
                "C": "f_desk",
                "D": "f_trashcan",
                "E": "f_cupboard",
                "F": "f_fridge",
                "G": "f_oven",
                "H": "f_armchair",
                "X": "f_shower"
            },
            "place_specials": [
                { "type": "toilet", "x": 2, "y": 12 }
            ],
            "comment": "specific terrain/furniture/radiation. doing this until grass_or_dirt is supported ---v",
            "set": [
                { "point": "terrain", "id": "t_dirt", "x": 0, "y": [ 0, 23 ], "repeat": [ 5, 10 ] },
                { "point": "terrain", "id": "t_dirt", "x": 23, "y": [ 0, 23 ], "repeat": [ 5, 10 ] },
                { "point": "terrain", "id": "t_dirt", "x": [ 0, 23 ], "y": 23, "repeat": [ 5, 8 ] },
                { "point": "terrain", "id": "t_dirt", "x": [ 0, 14 ], "y": 0, "repeat": [ 5, 8 ] },
                { "point": "terrain", "id": "t_dirt", "x": [ 2, 14 ], "y":[ 17,21 ] , "repeat": [ 1,3 ] },
                { "point": "terrain", "id": "t_grass", "x": [ 2, 14 ], "y":[ 17,21 ] , "repeat": [ 1,3 ] }
            ],
                        "comment": "randomly picked from a group ---v",
            "place_groups": [
                { "item": "hydro", "chance": 80,  "x": 5, "y": [ 16,20 ] },
                { "item": "hydro", "chance": 80,  "x": 7, "y": [ 16,20 ] },
                { "item": "hydro", "chance": 80,  "x": 9, "y": [ 16,20 ] },
                { "item": "hydro", "chance": 80,  "x": [ 12,18 ], "y": 16 },
                { "item": "hydro", "chance": 80,  "x": [ 12,18 ], "y": 18 },
                { "item": "hydro", "chance": 80,  "x": [ 12,18 ], "y": 20 },
                { "item": "dresser", "chance": 70,  "x": 6, "y": 4 },
                { "item": "dresser", "chance": 70,  "x": 17, "y": 10 },
                { "item": "dresser", "chance": 70,  "x": 20, "y": 10 },
                { "item": "dresser", "chance": 70,  "x": 15, "y": 6 },
                { "item": "farming_seeds", "chance": 80,  "x": [ 12,15 ], "y": 12, "repeat": [ 1,4 ] },
                { "item": "farming_tools", "chance": 60,  "x": [ 18,21 ], "y": 12 },
                { "item": "oven", "chance": 70,  "x": 2, "y": 9, "repeat": [ 1,4 ] },
                { "item": "fridge", "chance": 70,  "x": 3, "y": 10, "repeat": [ 1,4 ] },
                { "item": "magazines", "chance": 30,  "x": 13, "y": [ 8,9 ], "repeat": [ 1,2 ] },
                { "monster": "GROUP_ZOMBIE", "chance": 2, "x": [ 2, 21 ], "y": [ 2, 21 ] }
            ],
            "comment": "end of mapgen json definition ---v"
        },
        "comment": "end of mapgen entry ---v"
    }
]
