[
    {
        "type": "mapgen",
        "om_terrain": [ "house" ],
        "method": "json",
        "weight": 200,
        "object": {
            "rows": [
                "...............ss.......",
                "...............ss.......",
                "...............ss.......",
                "...............ss.......",
                "...............ss.......",
                "..|--22----22--**----|..",
                "..|^     +       ????|..",
                "..|      |   ^^  ?  ?2..",
                "..2@@   7|-+---  ?  ?2..",
                "..2@@   7|;  |F  ?  ?2..",
                "..|:     |A  |>      2..",
                "..|----++|-|S|>     H|..",
                "..|: :|::|S|-|A     7|..",
                "..|+++---|  A|G      |..",
                "..|   CC +  ;|D   BB 2..",
                "..2   B  |----|   66 2..",
                "..2      |EE43|^  66 2..",
                "..|  @@  |        BB 2..",
                "..|^:@@  +           |..",
                "..|--22--------**----|..",
                "........................",
                "........................",
                "........................",
                "........................"
            ],
            "terrain": {
                "A": "t_floor",
                "6": "t_floor",
                "G": "t_floor",
                "?": "t_floor",
                "F": "t_floor",
                "H": "t_floor",
                "C": "t_floor",
                ">": "t_floor",
                "|": "t_wall_v",
                "3": "t_floor",
                ":": "t_floor",
                ".": "t_grass",
                "E": "t_floor",
                "^": "t_floor",
                "+": "t_door_c",
                "D": "t_floor",
                "-": "t_wall_h",
                "B": "t_floor",
                "4": "t_floor",
                "7": "t_floor",
                "s": "t_sidewalk",
                "*": "t_door_locked",
                "@": "t_floor",
                ";": "t_floor",
                " ": "t_floor",
                "2": "t_window_domestic",
                "S": "t_floor"
            },
            "furniture": {
                "A": "f_sink",
                "6": "f_table",
                "G": "f_oven",
                "?": "f_sofa",
                "F": "f_fridge",
                "H": "f_armchair",
                "C": "f_desk",
                ">": "f_counter",
                "3": "f_washer",
                ":": "f_dresser",
                "E": "f_cupboard",
                "^": "f_indoor_plant",
                "D": "f_trashcan",
                "B": "f_chair",
                "4": "f_dryer",
                "7": "f_bookcase",
                "@": "f_bed",
                ";": "f_toilet",
                "S": "f_shower"
            },
            "place_specials": [
                { "type": "toilet", "x": 10, "y": 9 },
                { "type": "toilet", "x": 12, "y": 14 }
            ],
            "set": [
                { "point": "terrain", "id": "t_dirt", "x": [ 0, 1 ], "y": [ 0, 23 ], "repeat": [ 8, 14 ] },
                { "point": "terrain", "id": "t_dirt", "x": [ 2, 14 ], "y": [ 0, 4 ], "repeat": [ 8, 14 ] },
                { "point": "terrain", "id": "t_dirt", "x": [ 2, 23 ], "y": [ 20, 23 ], "repeat": [ 8, 14 ] },
                { "point": "terrain", "id": "t_dirt", "x": [ 17, 23 ], "y": [ 0, 4 ], "repeat": [ 8, 13 ] },
                { "point": "terrain", "id": "t_dirt", "x": [ 22, 23 ], "y": [ 5, 19 ], "repeat": [ 7, 11 ] }
            ],
            "place_groups": [
                { "item": "dining", "chance": 60, "x": [ 16, 20 ],  "y": [ 13, 18 ] },
                { "item": "oven", "chance": 50, "x": 14,  "y": 13 },
                { "item": "fridge", "chance": 50, "x": 14,  "y": 9 },
                { "item": "kitchen", "chance": 65, "x": [ 14, 16 ],  "y": [ 10, 12 ] },
                { "item": "trash", "chance": 90, "x": 14,  "y": 14 },
                { "item": "softdrugs", "chance": 60, "x": [ 10, 11 ],  "y": [ 13, 14 ] },
                { "item": "softdrugs", "chance": 60, "x": [ 11, 12 ],  "y": [ 9, 10 ] },
                { "item": "bedroom", "chance": 70, "x": [ 4, 7 ],  "y": [ 6, 10 ] },
                { "item": "bedroom", "chance": 70, "x": [ 3, 8 ],  "y": [ 15, 17 ] },
                { "item": "livingroom", "chance": 65, "x": [ 17, 20 ],  "y": [ 6, 11 ] },
                { "item": "fridgesnacks", "chance": 25, "x": 14,  "y": 9 },
                { "item": "cleaning", "chance": 75, "x": [ 10, 11 ],  "y": 16 },
                { "item": "homebooks", "chance": 20, "x": 20,  "y": 12 },
                { "item": "homebooks", "chance": 20, "x": 8,  "y": [ 8, 9 ] },
                { "item": "allclothes", "chance": 65, "x": [ 12, 13 ],  "y": 16 },
                { "item": "dresser", "chance": 65, "x": 4,  "y": 18 },
                { "item": "dresser", "chance": 65, "x": [ 7, 8 ],  "y": 12 },
                { "item": "dresser", "chance": 65, "x": 5,  "y": 12 },
                { "item": "dresser", "chance": 65, "x": 3,  "y": 12 },
                { "item": "dresser", "chance": 65, "x": 3,  "y": 10 },
                { "item": "bed", "chance": 80, "x": [ 5, 6 ],  "y": [ 17, 18 ] },
                { "item": "bed", "chance": 80, "x": [ 3, 4 ],  "y": [ 8, 9 ] },
                { "item": "homeguns", "chance": 1, "x": 4,  "y": 12 },
                { "item": "magazines", "chance": 30, "x": 7,  "y": 14 },
                { "item": "harddrugs", "chance": 5, "x": 12,  "y": 13 },
                { "item": "cannedfood", "chance": 30, "x": 10,  "y": 16 },
                { "monster": "GROUP_ZOMBIE", "chance": 5, "x": [ 2, 21 ],  "y": [ 2, 21 ] }
            ]
        }
    }
]
