[
    {
        "type": "mapgen",
        "om_terrain": [ "house" ],
        "method": "json",
        "weight": 200,
        "object": {
            "rows": [
                ".........zSSz...........",
                ".........zSSz...........",
                ".........zSSz...........",
                ".........zSSz...........",
                ".........zSSz...........",
                ".........zSSz...........",
                ".|-2-2-|.zSSz.|-2-2-|...",
                ".| @@: |.zSSz.| :@@ |...",
                ".2 @@  2.zSSz.2  @@ 2...",
                ".|     2.zSSz.2     |...",
                ".2     2.zSSz.2     2...",
                ".|     |.zSSz.|     |...",
                ".|+|H  |-2332-|  H|+|...",
                ".|:|H ^|^    ^|^ H|:|...",
                ".|-|-+-|7    7|-+-|-|...",
                "...|D             |.....",
                "...|>       ????? 2.....",
                "...2G  E>B  ?   ? |.....",
                "...2>  A>B  ? 6 ? |-2-|.",
                "...|>F>>>B        +   |.",
                "...|--22---+++--2-|A 82.",
                "..........|L4W|...|; 8|.",
                "..........|---|...|-2-|.",
                "........................"
            ],
            "terrain": {
                "A": "t_floor",
                "6": "t_floor",
                "G": "t_floor",
                "?": "t_floor",
                "z": "t_shrub",
                "F": "t_floor",
                "8": "t_floor",
                "H": "t_floor",
                ">": "t_floor",
                "|": "t_wall_v",
                "W": "t_floor",
                ":": "t_floor",
                ".": "t_grass",
                "E": "t_floor",
                "L": "t_floor",
                "^": "t_floor",
                "+": "t_door_c",
                "D": "t_floor",
                "-": "t_wall_h",
                "B": "t_floor",
                "4": "t_floor",
                "7": "t_floor",
                "S": "t_sidewalk",
                "3": "t_door_locked",
                "@": "t_floor",
                ";": "t_floor",
                " ": "t_floor",
                "2": "t_window_domestic"
            },
            "furniture": {
                "A": "f_sink",
                "6": "f_table",
                "G": "f_oven",
                "?": "f_sofa",
                "F": "f_fridge",
                "8": "f_bathtub",
                "H": "f_armchair",
                ">": "f_counter",
                "W": "f_washer",
                ":": "f_dresser",
                "E": "f_cupboard",
                "L": "f_locker",
                "^": "f_indoor_plant",
                "D": "f_trashcan",
                "B": "f_chair",
                "4": "f_dryer",
                "7": "f_bookcase",
                "@": "f_bed",
                ";": "f_toilet"
            },
            "place_specials": [
                { "type": "toilet", "x": 19, "y": 21 }
            ],
            "set": [
                { "point": "terrain", "id": "t_dirt", "x": 0, "y": [ 0, 23 ], "repeat": [ 5, 8 ] },
                { "point": "terrain", "id": "t_dirt", "x": [ 1, 8 ], "y": [ 0, 5 ], "repeat": [ 8, 14 ] },
                { "point": "terrain", "id": "t_dirt", "x": [ 1, 2 ], "y": [ 15, 23 ], "repeat": [ 4, 6 ] },
                { "point": "terrain", "id": "t_dirt", "x": [ 3, 9 ], "y": [ 21, 23 ], "repeat": [ 5, 7 ] },
                { "point": "terrain", "id": "t_dirt", "x": 8, "y": [ 6, 11 ], "repeat": [ 0, 1 ] },
                { "point": "terrain", "id": "t_dirt", "x": [ 10, 23 ], "y": 23, "repeat": [ 3, 4 ] },
                { "point": "terrain", "id": "t_dirt", "x": 13, "y": [ 0, 11 ], "repeat": [ 2, 3 ] },
                { "point": "terrain", "id": "t_dirt", "x": [ 14, 23 ], "y": [ 0, 5 ], "repeat": [ 8, 14 ] },
                { "point": "terrain", "id": "t_dirt", "x": [ 15, 17 ], "y": [ 21, 22 ], "repeat": [ 0, 1 ] },
                { "point": "terrain", "id": "t_dirt", "x": [ 19, 23 ], "y": [ 15, 17 ], "repeat": [ 3, 5 ] },
                { "point": "terrain", "id": "t_dirt", "x": [ 21, 23 ], "y": [ 6, 14 ], "repeat": [ 6, 9 ] },
                { "point": "terrain", "id": "t_dirt", "x": 23, "y": [ 18, 22 ], "repeat": [ 0, 1 ] }
            ],
            "place_groups": [
                { "item": "livingroom", "chance": 70, "x": [ 10, 17 ],  "y": [ 15, 19 ] },
                { "item": "kitchen", "chance": 85, "x": [ 4, 7 ],  "y": [ 16, 19 ] },
                { "item": "fridge", "chance": 50, "x": 5,  "y": 19 },
                { "item": "oven", "chance": 50, "x": 4,  "y": 17 },
                { "item": "trash", "chance": 70, "x": 4,  "y": 15 },
                { "item": "dining", "chance": 65, "x": [ 8, 9 ],  "y": [ 17, 19 ] },
                { "item": "homebooks", "chance": 35, "x": 13,  "y": 14 },
                { "item": "homebooks", "chance": 70, "x": 8,  "y": 14 },
                { "item": "allclothes", "chance": 70, "x": [ 12, 13 ],  "y": 21 },
                { "item": "home_hw", "chance": 70, "x": 11,  "y": 21 },
                { "item": "softdrugs", "chance": 50, "x": [ 19, 21 ],  "y": [ 19, 21 ] },
                { "item": "cleaning", "chance": 50, "x": [ 19, 21 ],  "y": [ 19, 21 ] },
                { "item": "bedroom", "chance": 70, "x": [ 15, 19 ],  "y": [ 7, 11 ] },
                { "item": "bedroom", "chance": 70, "x": [ 2, 6 ],  "y": [ 7, 11 ] },
                { "item": "bed", "chance": 80, "x": [ 17, 18 ],  "y": [ 7, 8 ] },
                { "item": "bed", "chance": 80, "x": [ 3, 4 ],  "y": [ 7, 8 ] },
                { "item": "dresser", "chance": 70, "x": 19,  "y": 13 },
                { "item": "dresser", "chance": 70, "x": 16,  "y": 7 },
                { "item": "dresser", "chance": 70, "x": 2,  "y": 13 },
                { "item": "dresser", "chance": 70, "x": 5,  "y": 7 },
                { "item": "magazines", "chance": 35, "x": 14,  "y": 18 },
                { "monster": "GROUP_ZOMBIE", "chance": 6, "x": [ 2, 21 ],  "y": [ 2, 21 ] }
            ]
        }
    }
]
