[
    {
        "type": "mapgen",
        "om_terrain": [ "house" ],
        "method": "json",
        "weight": 200,
        "object": {
            "rows": [
                ".......SSS..............",
                ".......SSS..............",
                ".......SSS..............",
                ".......SSS..............",
                ".......SSSSSSSSSSSSS....",
                ".......SSSSSSSSSSSSS....",
                "..................SS....",
                "...zzzzzz..zzzzz..SS....",
                "..z|2222|zz|222|z.SS....",
                ".|-|????|--|???|-|SS~~[.",
                ".|               3cccc[.",
                ".| B 66 ? B66B  -|ccc4[.",
                ".|=  66 ? B66B  F|ccc4[.",
                ".| B 66 ?       A2cccc[.",
                ".|          D EGE|caac[.",
                ".|-+-------+-+---|~~~~[.",
                ".|C D +  |  |  DC|......",
                ".2    | ;|; +    2......",
                ".2 @@ | A|A | @@ 2......",
                ".|:@@:|88|88| @@:|......",
                ".|------W|2------|......",
                "........................",
                "........................",
                "........................"
            ],
            "terrain": {
                "6": "t_floor",
                "A": "t_floor",
                "~": "t_fence_h",
                "G": "t_floor",
                "?": "t_floor",
                "z": "t_shrub",
                "F": "t_floor",
                "8": "t_floor",
                "[": "t_fence_v",
                "C": "t_floor",
                "|": "t_wall_v",
                ":": "t_floor",
                ".": "t_grass",
                "E": "t_floor",
                "4": "t_concrete",
                "c": "t_concrete",
                "+": "t_door_c",
                "D": "t_floor",
                "-": "t_wall_h",
                "B": "t_floor",
                "S": "t_sidewalk",
                "3": "t_door_locked",
                "@": "t_floor",
                ";": "t_floor",
                " ": "t_floor",
                "2": "t_window_domestic",
                "a": "t_concrete",
                "W": "t_curtains",
                "=": "t_floor"
            },
            "furniture": {
                "6": "f_table",
                "A": "f_sink",
                "G": "f_oven",
                "?": "f_sofa",
                "F": "f_fridge",
                "8": "f_bathtub",
                "C": "f_desk",
                ":": "f_dresser",
                "E": "f_cupboard",
                "4": "f_bench",
                "D": "f_trashcan",
                "B": "f_chair",
                "@": "f_bed",
                ";": "f_toilet",
                "a": "f_chair",
                "=": "f_fireplace"
            },
            "place_specials": [
                { "type": "toilet", "x": 8, "y": 17 },
                { "type": "toilet", "x": 10, "y": 17 }
            ],
            "set": [
                { "point": "terrain", "id": "t_dirt", "x": 0, "y": [ 0, 23 ], "repeat": [ 5, 8 ] },
                { "point": "terrain", "id": "t_dirt", "x": 1, "y": [ 0, 8 ], "repeat": [ 1, 2 ] },
                { "point": "terrain", "id": "t_dirt", "x": [ 1, 23 ], "y": [ 21, 23 ], "repeat": [ 8, 14 ] },
                { "point": "terrain", "id": "t_dirt", "x": 2, "y": [ 0, 7 ], "repeat": [ 1, 2 ] },
                { "point": "terrain", "id": "t_dirt", "x": [ 3, 6 ], "y": [ 0, 6 ], "repeat": [ 7, 10 ] },
                { "point": "terrain", "id": "t_dirt", "x": [ 7, 17 ], "y": 6, "repeat": [ 2, 3 ] },
                { "point": "terrain", "id": "t_dirt", "x": [ 9, 10 ], "y": 7, "repeat": [ 0, 1 ] },
                { "point": "terrain", "id": "t_dirt", "x": [ 10, 23 ], "y": [ 0, 3 ], "repeat": [ 8, 14 ] },
                { "point": "terrain", "id": "t_dirt", "x": [ 16, 17 ], "y": 7, "repeat": [ 0, 1 ] },
                { "point": "terrain", "id": "t_dirt", "x": 17, "y": 8, "repeat": [ 0, 1 ] },
                { "point": "terrain", "id": "t_dirt", "x": [ 18, 23 ], "y": [ 16, 20 ], "repeat": [ 7, 11 ] },
                { "point": "terrain", "id": "t_dirt", "x": [ 20, 23 ], "y": [ 4, 8 ], "repeat": [ 4, 7 ] },
                { "point": "terrain", "id": "t_dirt", "x": 23, "y": [ 9, 15 ], "repeat": [ 1, 1 ] }
            ],
            "place_groups": [
                { "item": "bedroom", "chance": 70, "x": [ 2, 5 ],  "y": [ 16, 19 ] },
                { "item": "trash", "chance": 35, "x": 4,  "y": 16 },
                { "item": "magazines", "chance": 15, "x": [ 5, 6 ],  "y": [ 11, 13 ] },
                { "item": "fridge", "chance": 50, "x": 16,  "y": 12 },
                { "item": "dresser", "chance": 70, "x": 16,  "y": 19 },
                { "item": "kitchen", "chance": 65, "x": 16,  "y": 14 },
                { "item": "trash", "chance": 35, "x": 15,  "y": 16 },
                { "item": "oven", "chance": 50, "x": 15,  "y": 14 },
                { "item": "trash", "chance": 35, "x": 12,  "y": 14 },
                { "item": "cleaning", "chance": 75, "x": 10,  "y": 16 },
                { "item": "cleaning", "chance": 75, "x": 8,  "y": 16 },
                { "item": "dresser", "chance": 70, "x": 2,  "y": 19 },
                { "item": "dresser", "chance": 70, "x": 5,  "y": 19 },
                { "item": "kitchen", "chance": 75, "x": 15,  "y": [ 10, 13 ] },
                { "item": "softdrugs", "chance": 55, "x": [ 7, 8 ],  "y": [ 16, 19 ] },
                { "item": "softdrugs", "chance": 55, "x": [ 10, 11 ],  "y": [ 16, 19 ] },
                { "item": "bed", "chance": 80, "x": [ 3, 4 ],  "y": [ 18, 19 ] },
                { "item": "bed", "chance": 80, "x": [ 14, 15 ],  "y": [ 18, 19 ] },
                { "item": "dining", "chance": 75, "x": [ 9, 14 ],  "y": [ 10, 14 ] },
                { "item": "bedroom", "chance": 60, "x": [ 13, 16 ],  "y": [ 16, 19 ] },
                { "item": "livingroom", "chance": 60, "x": [ 2, 8 ],  "y": [ 10, 14 ] },
                { "monster": "GROUP_ZOMBIE", "chance": 5, "x": [ 2, 21 ],  "y": [ 2, 21 ] }
            ]
        }
    }
]
