[
    {
        "type": "mapgen",
        "om_terrain": [
            "house"
        ],
        "method": "json",
        "weight": 100, "comment": "<--- low weight due to low randomness, remove when house mapgen pool is big",
        "object": {
            "rows": [
                "..............SSSSSSS...",
                ".--22--3--22--MMMMMMM--.",
                ".|7777   7  7|@@@@@@ X|.",
                ".|           |9@@@@@@@|.",
                ".|           |9@@@@@@D|.",
                ".|=   66     |9@@@@@@@|.",
                ".|    66     |9@@@@@@>|.",
                ".2           |@@@@@@@>|.",
                ".2     B     |@66@@@@>|.",
                ".|          ?|@66@@B >|.",
                ".|A         ?|@@@@@@@>|.",
                ".|EGFE     ??|>>> >>>>|.",
                ".|------5--------3----|.",
                ".|8!!A|    9999     CC|.",
                ".|8!!;|              C|.",
                ".|!!!!|            B H|.",
                ".|!!!!+               |.",
                ".--44-|------------+--|.",
                "......4               |.",
                "......4               |.",
                "....^.|      $$       |.",
                "......|     :$$      :|.",
                "......-----------------.",
                "........................"
            ],
            "terrain": {
                ".": "t_grass",
                "@": "t_thconc_floor",
                "!": "t_linoleum_white",
                "-": "t_wall_h",
                "2": "t_window_boarded",
                "3": "t_door_locked",
                "4": "t_window_reinforced",
                "5": "t_door_boarded",
                "|": "t_wall_v",
                " ": "t_carpet_red",
                "6": "t_carpet_red",
                "7": "t_carpet_red",
                "8": "t_linoleum_white",
                "9": "t_carpet_red",
                ":": "t_carpet_red",
                ";": "t_linoleum_white",
                "+": "t_door_c",
                "=": "t_carpet_red",
                ">": "t_carpet_red",
                "?": "t_carpet_red",
                "$": "t_carpet_red",
                "A": "t_linoleum_white",
                "B": "t_carpet_red",
                "C": "t_carpet_red",
                "D": "t_carpet_red",
                "E": "t_carpet_red",
                "F": "t_carpet_red",
                "G": "t_carpet_red",
                "H": "t_console_broken",
                "S": "t_sidewalk",
                "^": "t_tree",
                "M": "t_door_metal_locked",
                "X": "t_gates_mech_control"
            },
            "furniture": {
                "6": "f_table",
                "7": "f_bookcase",
                "8": "f_bathtub",
                "9": "f_rack",
                ":": "f_dresser",
                ";": "f_toilet",
                "=": "f_fireplace",
                ">": "f_counter",
                "?": "f_sofa",
                "$": "f_bed",
                "A": "f_sink",
                "B": "f_chair",
                "C": "f_desk",
                "D": "f_trashcan",
                "E": "f_cupboard",
                "F": "f_fridge",
                "G": "f_oven"
            },
            "place_specials": [
                { "type": "toilet", "x": 5, "y": 14 }
            ],
            "comment": "specific terrain/furniture/radiation. doing this until grass_or_dirt is supported ---v",
            "set": [
                { "point": "terrain", "id": "t_dirt", "x": 0, "y": [ 0, 23 ], "repeat": [ 5, 10 ] },
                { "point": "terrain", "id": "t_dirt", "x": 23, "y": [ 0, 23 ], "repeat": [ 5, 10 ] },
                { "point": "terrain", "id": "t_dirt", "x": [ 0, 23 ], "y": 23, "repeat": [ 5, 8 ] },
                { "point": "terrain", "id": "t_dirt", "x": [ 0, 14 ], "y": 0, "repeat": [ 5, 8 ] },
                { "point": "trap", "id": "tr_beartrap", "x": [ 10, 11 ], "y": 2, "repeat": [ 1, 2 ] },
                { "point": "trap", "id": "tr_beartrap", "x": 2, "y": [ 7, 8 ], "repeat": [ 1, 2 ] },
                { "point": "trap", "id": "tr_landmine", "x": 5, "y": 14},
                { "point": "trap", "id": "tr_shotgun_2", "x": 8, "y": 14},
                { "point": "trap", "id": "tr_shotgun_2", "x": 7, "y": 2},
                { "point": "trap", "id": "tr_landmine_buried", "x": [ 5,8 ], "y": [ 4, 7 ], "repeat": [ 5, 12 ] }
            ],
            "comment": "randomly picked from a group ---v",
            "place_groups": [
                { "item": "bed", "chance": 80,  "x": [13,14 ], "y": [20,21 ] },
                { "item": "bedroom", "chance": 75, "x": [ 6, 21 ], "y": [ 13,20 ], "repeat": [ 1, 2 ] },
                { "item": "livingroom", "chance": 80, "x": [ 1,12 ], "y": [ 2,6 ], "repeat": [ 1, 2 ] },
                { "item": "homeguns", "chance": 90, "x":  12 , "y":  21  },
                { "item": "dresser", "chance": 50, "x": [ 21,21 ], "y": [ 21,21 ] },
                { "item": "kitchen", "chance": 80, "x": [ 6,7 ], "y": [ 5,6 ], "repeat": [ 1, 5 ] },
                { "item": "cannedfood", "chance": 90, "x": [ 11,14 ], "y":  13 , "repeat": [ 1, 4 ]  },
                { "item": "tools", "chance": 90, "x": [ 14,16 ], "y":  11  },
                { "item": "bigtools", "chance": 20, "x":  14 , "y": [ 3,6 ] },
                { "item": "mischw", "chance": 90, "x": [ 14,16 ], "y":  11  },
                { "item": "gunsmith_tools", "chance": 80, "x": [ 17,21 ], "y":  11 , "repeat": [ 1, 3 ]   },
                { "item": "gunsmith_mat", "chance": 80, "x":  21 , "y": [ 6,11 ], "repeat": [ 4, 5 ]   },
                { "item": "gunsmith_hazmat", "chance": 80, "x":  21 , "y": [ 6,11 ], "repeat": [ 1, 3 ]   },
                { "item": "gunsmith_casings", "chance": 60, "x":  21 , "y": [ 6,11 ], "repeat": [ 1, 5 ]   },
                { "item": "gunsmith_gunparts", "chance": 40, "x":  21 , "y": [ 6,11 ]},
                { "item": "allguns", "chance": 70, "x": [ 15,16 ], "y": [ 8,9 ]},
                { "item": "fridge", "chance": 50, "x": [ 4,4 ], "y": [ 11,11 ] },
                { "item": "oven", "chance": 50, "x": [ 3,3 ], "y": 11 },
                { "item": "softdrugs", "chance": 75, "x": [ 2,4 ], "y": [ 13,16 ] },
                { "item": "cleaning", "chance": 75, "x": [ 2,4 ], "y": [ 13,16] },
                { "monster": "GROUP_PREPPER_HOUSE", "chance": 2, "x": [ 2, 21 ], "y": [ 2, 21 ] }            ],
            "comment": "end of mapgen json definition ---v"
        },
        "comment": "end of mapgen entry ---v"
    }
]
