[
    {
        "type": "mapgen",
        "om_terrain": [ "house" ],
        "method": "json",
        "weight": 200,
        "object": {
            "rows": [
                ".C______C.....SSS.......",
                ".C______C.....SSS.......",
                ".C______C.....SSS.......",
                ".C______C.....SSS.......",
                ".|MMMMMM-|....SSS.......",
                ".|      w|~~~~SSS~~~~[..",
                ".|      L|....SSS....[..",
                ".|      L|zzzzSSSzzzz[..",
                ".|      |--22--*--22-|..",
                ".|      |?????   >  >|..",
                ".|      |?       >  >|..",
                ".|      |? 666   A  G|..",
                ".|      |? 666      E|..",
                ".|9 9999|        7  F|..",
                ".|-I----| |---| |----|..",
                ".|      + |:|E+ | A;8|..",
                ".|      |--+--| +   8|..",
                ".|ff 43 |     | |----|..",
                ".|------|     + +    |..",
                "........| @@  |-|  @@|..",
                "........|:@@  |:+ :@@|..",
                "........|-22------22-|..",
                "........................",
                "........................"
            ],
            "terrain": {
                "~": "t_fence_h",
                "6": "t_floor",
                "A": "t_floor",
                "G": "t_floor",
                "9": "t_floor",
                "?": "t_floor",
                "z": "t_shrub",
                "F": "t_floor",
                "8": "t_floor",
                "f": "t_floor",
                "[": "t_fence_v",
                "w": "t_gates_mech_control",
                ">": "t_floor",
                "|": "t_wall_v",
                "3": "t_floor",
                ":": "t_floor",
                ".": "t_grass",
                "L": "t_floor",
                "E": "t_floor",
                "C": "t_concrete",
                "+": "t_door_c",
                "-": "t_wall_h",
                "4": "t_floor",
                "7": "t_floor",
                "S": "t_sidewalk",
                "*": "t_door_locked",
                "M": "t_door_metal_locked",
                "@": "t_floor",
                ";": "t_floor",
                " ": "t_floor",
                "2": "t_window_domestic",
                "_": "t_pavement",
                "I": "t_door_locked_interior"
            },
            "furniture": {
                "6": "f_table",
                "A": "f_sink",
                "G": "f_oven",
                "9": "f_rack",
                "?": "f_sofa",
                "F": "f_fridge",
                "8": "f_bathtub",
                "f": "f_glass_fridge",
                ">": "f_counter",
                "3": "f_washer",
                ":": "f_dresser",
                "L": "f_locker",
                "E": "f_cupboard",
                "4": "f_dryer",
                "7": "f_bookcase",
                "@": "f_bed",
                ";": "f_toilet"
            },
            "place_specials": [
                { "type": "toilet", "x": 19, "y": 15 }
            ],
            "set": [
                { "point": "terrain", "id": "t_dirt", "x": 0, "y": [ 0, 23 ], "repeat": [ 5, 8 ] },
                { "point": "terrain", "id": "t_dirt", "x": [ 1, 7 ], "y": [ 19, 23 ], "repeat": [ 8, 13 ] },
                { "point": "terrain", "id": "t_dirt", "x": [ 8, 23 ], "y": [ 22, 23 ], "repeat": [ 8, 11 ] },
                { "point": "terrain", "id": "t_dirt", "x": [ 9, 13 ], "y": [ 0, 3 ], "repeat": [ 4, 7 ] },
                { "point": "terrain", "id": "t_dirt", "x": [ 10, 13 ], "y": 4, "repeat": [ 0, 1 ] },
                { "point": "terrain", "id": "t_dirt", "x": [ 10, 13 ], "y": 6, "repeat": [ 0, 1 ] },
                { "point": "terrain", "id": "t_dirt", "x": [ 17, 23 ], "y": [ 0, 4 ], "repeat": [ 8, 13 ] },
                { "point": "terrain", "id": "t_dirt", "x": [ 17, 20 ], "y": 6, "repeat": [ 0, 1 ] },
                { "point": "terrain", "id": "t_dirt", "x": [ 22, 23 ], "y": [ 5, 21 ], "repeat": [ 8, 12 ] }
            ],
            "place_groups": [
                { "item": "dresser", "chance": 70, "x": [ 5, 6 ],  "y": 16 },
                { "item": "kitchen", "chance": 65, "x": [ 18, 19 ],  "y": 11 },
                { "item": "dresser", "chance": 60, "x": 18,  "y": 20 },
                { "item": "oven", "chance": 50, "x": 20,  "y": 11 },
                { "item": "fridge", "chance": 50, "x": 20,  "y": 13 },
                { "item": "homebooks", "chance": 40, "x": 17,  "y": 13 },
                { "item": "dresser", "chance": 60, "x": 15,  "y": 20 },
                { "item": "kitchen", "chance": 70, "x": 13,  "y": 15 },
                { "item": "dresser", "chance": 60, "x": 9,  "y": 20 },
                { "item": "dresser", "chance": 60, "x": 11,  "y": 15 },
                { "item": "bed", "chance": 80, "x": [ 19, 20 ],  "y": [ 19, 20 ] },
                { "item": "tools", "chance": 30, "x": [ 4, 7 ],  "y": 13 },
                { "item": "allclothes", "chance": 10, "x": [ 5, 6 ],  "y": 17 },
                { "item": "fridge", "chance": 60, "x": [ 2, 3 ],  "y": 17 },
                { "item": "tools", "chance": 40, "x": 2,  "y": 13 },
                { "item": "bed", "chance": 80, "x": [ 10, 11 ],  "y": [ 19, 20 ] },
                { "item": "livingroom", "chance": 70, "x": [ 9, 15 ],  "y": [ 9, 13 ] },
                { "item": "kitchen", "chance": 65, "x": [ 16, 20 ],  "y": [ 9, 10 ] },
                { "item": "kitchen", "chance": 65, "x": [ 17, 20 ],  "y": [ 12, 13 ] },
                { "item": "softdrugs", "chance": 65, "x": [ 17, 20 ],  "y": [ 15, 16 ] },
                { "item": "cleaning", "chance": 75, "x": [ 17, 20 ],  "y": [ 15, 16 ] },
                { "item": "bedroom", "chance": 70, "x": [ 17, 20 ],  "y": [ 18, 20 ] },
                { "item": "bedroom", "chance": 70, "x": [ 9, 13 ],  "y": [ 17, 20 ] },
                { "item": "mischw", "chance": 40, "x": [ 2, 7 ],  "y": [ 5, 12 ] },
                { "monster": "GROUP_ZOMBIE", "chance": 10, "x": [ 2, 21 ],  "y": [ 2, 21 ] }
            ]
        }
    }
]
