[
    {
        "type": "mapgen",
        "om_terrain": [ "house" ],
        "method": "json",
        "weight": 200,
        "object": {
            "rows": [
                "......zzzFFFFFFzzz......",
                ".....zCCCCCCCCCCCCz.....",
                "....zCCCCCCCCCCCCCCz....",
                "...zCCCCCCCCCCCCCCCCz...",
                "..zCCCCCzzzzzzzzCCCCCz..",
                ".zCCCCCzxxxxxxxxzCCCCCz.",
                ".zCCCCzs|222222|szCCCCz.",
                ".zCCCzs||??????||szCCCz.",
                ".zCCCS||H      H||SCCCz.",
                ".|232-|H6 6666 6H|-232|.",
                ".|G  ^|   6666       >|.",
                ".|B @@|7             A|.",
                ".|  @@|7  ^==^  B66B O|.",
                ".|   :|  ------ B66B f|.",
                ".| ^  +              D|.",
                ".|+--+|--+-+--+---+---|.",
                ".| |8 |   | A|   |  + |.",
                ".|:|A;| @ | ;| @ |r4|a2.",
                ".|--2-|^@:| ~|:@^|-2--|.",
                "......|-2-|W---2-|......",
                "........................",
                "........................",
                "........................",
                "........................"
            ],
            "terrain": {
                "A": "t_floor",
                "6": "t_floor",
                "O": "t_floor",
                "?": "t_floor",
                "z": "t_shrub",
                "f": "t_floor",
                "a": "t_floor",
                "8": "t_floor",
                "s": "t_shrub_blueberry",
                "H": "t_floor",
                "G": "t_floor",
                ">": "t_floor",
                "|": "t_wall_v",
                "r": "t_floor",
                ":": "t_floor",
                ".": "t_grass",
                "x": "t_grass",
                "^": "t_floor",
                "C": "t_concrete",
                "+": "t_door_c",
                "D": "t_floor",
                "-": "t_wall_h",
                "B": "t_floor",
                "4": "t_floor",
                "7": "t_floor",
                "F": "t_sidewalk",
                "3": "t_door_locked",
                "@": "t_floor",
                ";": "t_floor",
                "S": "t_shrub_strawberry",
                " ": "t_floor",
                "2": "t_window_domestic",
                "W": "t_curtains",
                "~": "t_floor",
                "=": "t_floor"
            },
            "furniture": {
                "A": "f_sink",
                "6": "f_table",
                "O": "f_oven",
                "?": "f_sofa",
                "f": "f_fridge",
                "a": "f_treadmill",
                "8": "f_bathtub",
                "H": "f_armchair",
                "G": "f_desk",
                ">": "f_counter",
                "r": "f_washer",
                ":": "f_dresser",
                "x": "f_bluebell",
                "^": "f_indoor_plant",
                "D": "f_trashcan",
                "B": "f_chair",
                "4": "f_dryer",
                "7": "f_bookcase",
                "@": "f_bed",
                ";": "f_toilet",
                "~": "f_shower",
                "=": "f_fireplace"
            },
            "place_specials": [
                { "type": "toilet", "x": 5, "y": 17 },
                { "type": "toilet", "x": 12, "y": 17 }
            ],
            "set": [
                { "point": "terrain", "id": "t_dirt", "x": 0, "y": [ 0, 23 ], "repeat": [ 5, 8 ] },
                { "point": "terrain", "id": "t_dirt", "x": 1, "y": [ 0, 4 ], "repeat": [ 0, 1 ] },
                { "point": "terrain", "id": "t_dirt", "x": [ 1, 5 ], "y": [ 19, 23 ], "repeat": [ 6, 9 ] },
                { "point": "terrain", "id": "t_dirt", "x": 2, "y": [ 0, 3 ], "repeat": [ 0, 1 ] },
                { "point": "terrain", "id": "t_dirt", "x": 3, "y": [ 0, 2 ], "repeat": [ 0, 1 ] },
                { "point": "terrain", "id": "t_dirt", "x": 4, "y": [ 0, 1 ], "repeat": [ 0, 1 ] },
                { "point": "terrain", "id": "t_dirt", "x": 5, "y": 0, "repeat": [ 0, 1 ] },
                { "point": "terrain", "id": "t_dirt", "x": [ 6, 23 ], "y": [ 20, 23 ], "repeat": [ 8, 14 ] },
                { "point": "terrain", "id": "t_dirt", "x": [ 18, 23 ], "y": 0, "repeat": [ 0, 1 ] },
                { "point": "terrain", "id": "t_dirt", "x": [ 18, 23 ], "y": 19, "repeat": [ 0, 1 ] },
                { "point": "terrain", "id": "t_dirt", "x": [ 19, 23 ], "y": 1, "repeat": [ 0, 1 ] },
                { "point": "terrain", "id": "t_dirt", "x": [ 20, 23 ], "y": 2, "repeat": [ 0, 1 ] },
                { "point": "terrain", "id": "t_dirt", "x": [ 21, 23 ], "y": 3, "repeat": [ 0, 1 ] },
                { "point": "terrain", "id": "t_dirt", "x": [ 22, 23 ], "y": 4, "repeat": [ 0, 1 ] },
                { "point": "terrain", "id": "t_dirt", "x": 23, "y": [ 5, 18 ], "repeat": [ 3, 4 ] }
            ],
            "place_groups": [
                { "item": "dresser", "chance": 70, "x": 2,  "y": 17 },
                { "item": "cleaning", "chance": 75, "x": [ 18, 19 ],  "y": 16 },
                { "item": "dresser", "chance": 70, "x": [ 18, 19 ],  "y": 17 },
                { "item": "home_hw", "chance": 40, "x": 21,  "y": [ 16, 17 ] },
                { "item": "trash", "chance": 75, "x": 21,  "y": 14 },
                { "item": "fridge", "chance": 50, "x": 21,  "y": 13 },
                { "item": "oven", "chance": 50, "x": 21,  "y": 12 },
                { "item": "kitchen", "chance": 65, "x": [ 19, 21 ],  "y": [ 10, 14 ] },
                { "item": "dining", "chance": 60, "x": [ 15, 18 ],  "y": [ 10, 14 ] },
                { "item": "dresser", "chance": 60, "x": 5,  "y": 13 },
                { "item": "dresser", "chance": 60, "x": 9,  "y": 18 },
                { "item": "dresser", "chance": 60, "x": 14,  "y": 18 },
                { "item": "bedroom", "chance": 70, "x": [ 14, 16 ],  "y": [ 16, 18 ] },
                { "item": "bedroom", "chance": 70, "x": [ 7, 9 ],  "y": [ 16, 18 ] },
                { "item": "bedroom", "chance": 70, "x": [ 2, 5 ],  "y": [ 10, 14 ] },
                { "item": "livingroom", "chance": 70, "x": [ 7, 16 ],  "y": [ 7, 12 ] },
                { "item": "softdrugs", "chance": 65, "x": [ 11, 12 ],  "y": [ 16, 18 ] },
                { "item": "softdrugs", "chance": 65, "x": [ 4, 5 ],  "y": [ 16, 17 ] },
                { "item": "bed", "chance": 80, "x": 15,  "y": [ 17, 18 ] },
                { "item": "bed", "chance": 80, "x": 8,  "y": [ 17, 18 ] },
                { "item": "bed", "chance": 80, "x": [ 4, 5 ],  "y": [ 11, 12 ] },
                { "item": "homebooks", "chance": 75, "x": 7,  "y": [ 11, 12 ] },
                { "monster": "GROUP_ZOMBIE", "chance": 5, "x": [ 1, 22 ],  "y": [ 2, 21 ] }
            ]
        }
    }
]
