[
{
    "type": "MOD_INFO",
    "mod-type": "SUPPLEMENTAL",
    "ident": "no_medieval_items",
    "name": "No Medieval Items",
    "author": "Rivet-the-Zombie",
    "description": "Removes medieval weapons, armors, and specific books.",
    "path": "modinfo.json"
},{
    "type": "ITEM_BLACKLIST",
    "items": [
        "katana_fake",
        "broadsword",
        "broadsword_fake",
        "katana",
        "rapier_fake",
        "rapier",
        "kris",
        "kris_fake",
        "zweihander",
        "zweihander_fake",
        "nodachi",
        "nodachi_fake",
        "bullwhip",
        "wakizashi",
        "wakizashi_fake",
        "q_staff",
        "i_staff",
        "battleaxe",
        "battleaxe_fake",
        "mace",
        "morningstar",
        "warhammer",
        "nodachi",
        "nodachi_fake",
        "scythe_war",
        "pike",
        "textbook_weapwest",
        "textbook_weapeast",
        "textbook_armwest",
        "textbook_armeast",
        "armor_plate",
        "gloves_plate",
        "boots_plate",
        "helmet_plate",
        "armor_lightplate",
        "helmet_barbute",
        "armor_samurai",
        "helmet_kabuto",
        "helmet_larmor",
        "boots_larmor",
        "armor_larmor"
    ]
}
]
