[
{
    "type": "MOD_INFO",
    "mod-type": "SUPPLEMENTAL",
    "ident": "no_rivtech_guns",
    "name": "No Rivtech Guns",
    "author": "tungtn",
    "description": "Removes Rivtech firearms and ammunition.",
    "path": "modinfo.json"
},{
    "type": "ITEM_BLACKLIST",
    "items": [
        "8mm_caseless",
        "8mm_bootleg",
        "8mm_bootleg_jsp",
        "8mm_fmj",
        "8mm_jhp",
        "8mm_inc",
        "5x50dart",
        "20x66_shot",
        "20x66_flechette",
        "20x66_slug",
        "20x66_exp",
        "20x66_frag",
        "20x66_flare",
        "20x66_inc",
        "20x66_beanbag",
        "20x66_bootleg_shot",
        "20x66_bootleg_flechette",
        "20x66_bootleg_slug",
        "recipe_caseless",
        "reloaded_5x50dart",
        "rm121aux",
        "rm802",
        "rm51_assault_rifle",
        "rm88_battle_rifle",
        "rm614_lmg",
        "rm2000_smg",
        "rm99_pistol",
        "rm103a_pistol",
        "needlegun",
        "needlepistol",
        "rm20",
        "rm120c",
        "rm228",
        "8mm_civilian",
        "rm298"
    ]
}
]
