[
{"usage": "city", "name": "Abbot"},
{"usage": "city", "name": "Abington"},
{"usage": "city", "name": "Acton"},
{"usage": "city", "name": "Acushnet"},
{"usage": "city", "name": "Acworth"},
{"usage": "city", "name": "Adams"},
{"usage": "city", "name": "Addison"},
{"usage": "city", "name": "Agawam"},
{"usage": "city", "name": "Albany"},
{"usage": "city", "name": "Albion"},
{"usage": "city", "name": "Alburg"},
{"usage": "city", "name": "Alexander"},
{"usage": "city", "name": "Alexandria"},
{"usage": "city", "name": "Alford"},
{"usage": "city", "name": "Allagash"},
{"usage": "city", "name": "Allenstown"},
{"usage": "city", "name": "Alna"},
{"usage": "city", "name": "Alstead"},
{"usage": "city", "name": "Alton"},
{"usage": "city", "name": "Amesbury"},
{"usage": "city", "name": "Amherst"},
{"usage": "city", "name": "Amity"},
{"usage": "city", "name": "Andover"},
{"usage": "city", "name": "Anson"},
{"usage": "city", "name": "Ansonia"},
{"usage": "city", "name": "Antrim"},
{"usage": "city", "name": "Appleton"},
{"usage": "city", "name": "Aquinnah"},
{"usage": "city", "name": "Argyle"},
{"usage": "city", "name": "Arlington"},
{"usage": "city", "name": "Arrowsic"},
{"usage": "city", "name": "Arundel"},
{"usage": "city", "name": "Ashburnham"},
{"usage": "city", "name": "Ashby"},
{"usage": "city", "name": "Ashfield"},
{"usage": "city", "name": "Ashford"},
{"usage": "city", "name": "Ashland"},
{"usage": "city", "name": "Athens"},
{"usage": "city", "name": "Athol"},
{"usage": "city", "name": "Atkinson"},
{"usage": "city", "name": "Attleboro"},
{"usage": "city", "name": "Auburn"},
{"usage": "city", "name": "Augusta"},
{"usage": "city", "name": "Aurora"},
{"usage": "city", "name": "Avon"},
{"usage": "city", "name": "Ayer"},
{"usage": "city", "name": "Baileyville"},
{"usage": "city", "name": "Bakersfield"},
{"usage": "city", "name": "Baldwin"},
{"usage": "city", "name": "Baltimore"},
{"usage": "city", "name": "Bancroft"},
{"usage": "city", "name": "Bangor"},
{"usage": "city", "name": "Bar Harbor"},
{"usage": "city", "name": "Baring Plantation"},
{"usage": "city", "name": "Barkhamsted"},
{"usage": "city", "name": "Barnard"},
{"usage": "city", "name": "Barnet"},
{"usage": "city", "name": "Barnstable"},
{"usage": "city", "name": "Barnstead"},
{"usage": "city", "name": "Barre"},
{"usage": "city", "name": "Barrington"},
{"usage": "city", "name": "Bartlett"},
{"usage": "city", "name": "Barton"},
{"usage": "city", "name": "Bath"},
{"usage": "city", "name": "Beacon Falls"},
{"usage": "city", "name": "Beals"},
{"usage": "city", "name": "Beaver Cove"},
{"usage": "city", "name": "Becket"},
{"usage": "city", "name": "Beddington"},
{"usage": "city", "name": "Bedford"},
{"usage": "city", "name": "Belchertown"},
{"usage": "city", "name": "Belfast"},
{"usage": "city", "name": "Belgrade"},
{"usage": "city", "name": "Bellingham"},
{"usage": "city", "name": "Belmont"},
{"usage": "city", "name": "Belvidere"},
{"usage": "city", "name": "Benedicta"},
{"usage": "city", "name": "Bennington"},
{"usage": "city", "name": "Benson"},
{"usage": "city", "name": "Benton"},
{"usage": "city", "name": "Berkley"},
{"usage": "city", "name": "Berkshire"},
{"usage": "city", "name": "Berlin"},
{"usage": "city", "name": "Bernardston"},
{"usage": "city", "name": "Berwick"},
{"usage": "city", "name": "Bethany"},
{"usage": "city", "name": "Bethel"},
{"usage": "city", "name": "Bethlehem"},
{"usage": "city", "name": "Beverly"},
{"usage": "city", "name": "Biddeford"},
{"usage": "city", "name": "Billerica"},
{"usage": "city", "name": "Bingham"},
{"usage": "city", "name": "Blackstone"},
{"usage": "city", "name": "Blaine"},
{"usage": "city", "name": "Blanchard"},
{"usage": "city", "name": "Blandford"},
{"usage": "city", "name": "Bloomfield"},
{"usage": "city", "name": "Blue Hill"},
{"usage": "city", "name": "Bolton"},
{"usage": "city", "name": "Boothbay Harbor"},
{"usage": "city", "name": "Boothbay"},
{"usage": "city", "name": "Boscawen"},
{"usage": "city", "name": "Boston"},
{"usage": "city", "name": "Bourne"},
{"usage": "city", "name": "Bow"},
{"usage": "city", "name": "Bowdoin"},
{"usage": "city", "name": "Bowdoinham"},
{"usage": "city", "name": "Bowerbank"},
{"usage": "city", "name": "Boxborough"},
{"usage": "city", "name": "Boxford"},
{"usage": "city", "name": "Boylston"},
{"usage": "city", "name": "Bozrah"},
{"usage": "city", "name": "Bradford"},
{"usage": "city", "name": "Bradley"},
{"usage": "city", "name": "Braintree"},
{"usage": "city", "name": "Brandon"},
{"usage": "city", "name": "Branford"},
{"usage": "city", "name": "Brattleboro"},
{"usage": "city", "name": "Bremen"},
{"usage": "city", "name": "Brentwood"},
{"usage": "city", "name": "Brewer"},
{"usage": "city", "name": "Brewster"},
{"usage": "city", "name": "Bridgeport"},
{"usage": "city", "name": "Bridgewater"},
{"usage": "city", "name": "Bridgton"},
{"usage": "city", "name": "Bridport"},
{"usage": "city", "name": "Brighton Plantation"},
{"usage": "city", "name": "Brighton"},
{"usage": "city", "name": "Brimfield"},
{"usage": "city", "name": "Bristol"},
{"usage": "city", "name": "Brockton"},
{"usage": "city", "name": "Brookfield"},
{"usage": "city", "name": "Brooklin"},
{"usage": "city", "name": "Brookline"},
{"usage": "city", "name": "Brooklyn"},
{"usage": "city", "name": "Brooks"},
{"usage": "city", "name": "Brooksville"},
{"usage": "city", "name": "Brookton"},
{"usage": "city", "name": "Brownfield"},
{"usage": "city", "name": "Brownington"},
{"usage": "city", "name": "Brownville"},
{"usage": "city", "name": "Brunswick"},
{"usage": "city", "name": "Buckfield"},
{"usage": "city", "name": "Buckland"},
{"usage": "city", "name": "Bucksport"},
{"usage": "city", "name": "Burke"},
{"usage": "city", "name": "Burlington"},
{"usage": "city", "name": "Burnham"},
{"usage": "city", "name": "Burrillville"},
{"usage": "city", "name": "Buxton"},
{"usage": "city", "name": "Byron"},
{"usage": "city", "name": "Cabot"},
{"usage": "city", "name": "Calais"},
{"usage": "city", "name": "Cambridge"},
{"usage": "city", "name": "Camden"},
{"usage": "city", "name": "Campton"},
{"usage": "city", "name": "Canaan"},
{"usage": "city", "name": "Candia"},
{"usage": "city", "name": "Canterbury"},
{"usage": "city", "name": "Canton"},
{"usage": "city", "name": "Cape Elizabeth"},
{"usage": "city", "name": "Caratunk"},
{"usage": "city", "name": "Caribou"},
{"usage": "city", "name": "Carlisle"},
{"usage": "city", "name": "Carmel"},
{"usage": "city", "name": "Carrabassett Valley"},
{"usage": "city", "name": "Carroll Plantation"},
{"usage": "city", "name": "Carroll"},
{"usage": "city", "name": "Carthage"},
{"usage": "city", "name": "Carver"},
{"usage": "city", "name": "Cary Plantation"},
{"usage": "city", "name": "Casco"},
{"usage": "city", "name": "Castine"},
{"usage": "city", "name": "Castle Hill"},
{"usage": "city", "name": "Castleton"},
{"usage": "city", "name": "Caswell"},
{"usage": "city", "name": "Cavendish"},
{"usage": "city", "name": "Center Harbor"},
{"usage": "city", "name": "Centerville"},
{"usage": "city", "name": "Central Falls"},
{"usage": "city", "name": "Charlotte"},
{"usage": "city", "name": "Connor"},
{"usage": "city", "name": "Cooper"},
{"usage": "city", "name": "Foster"},
{"usage": "city", "name": "Gray"},
{"usage": "city", "name": "Hill"},
{"usage": "city", "name": "Jackson"},
{"usage": "city", "name": "Johnson"},
{"usage": "city", "name": "Lee"},
{"usage": "city", "name": "Madison"},
{"usage": "city", "name": "Mason"},
{"usage": "city", "name": "Monkton"},
{"usage": "city", "name": "Monmouth"},
{"usage": "city", "name": "Monroe"},
{"usage": "city", "name": "Monson"},
{"usage": "city", "name": "Mont Vernon"},
{"usage": "city", "name": "Montague"},
{"usage": "city", "name": "Monterey"},
{"usage": "city", "name": "Montgomery"},
{"usage": "city", "name": "Monticello"},
{"usage": "city", "name": "Morgan"},
{"usage": "city", "name": "Morris"},
{"usage": "city", "name": "Nelson"},
{"usage": "city", "name": "Perry"},
{"usage": "city", "name": "Phillips"},
{"usage": "city", "name": "Russell"},
{"usage": "city", "name": "Thompson"},
{"usage": "city", "name": "Turner"},
{"usage": "city", "name": "Washington"},
{"usage": "family", "gender": "unisex", "name": "Adams"},
{"usage": "family", "gender": "unisex", "name": "Alexander"},
{"usage": "family", "gender": "unisex", "name": "Allen"},
{"usage": "family", "gender": "unisex", "name": "Anderson"},
{"usage": "family", "gender": "unisex", "name": "Bailey"},
{"usage": "family", "gender": "unisex", "name": "Baker"},
{"usage": "family", "gender": "unisex", "name": "Barnes"},
{"usage": "family", "gender": "unisex", "name": "Bell"},
{"usage": "family", "gender": "unisex", "name": "Bennett"},
{"usage": "family", "gender": "unisex", "name": "Brooks"},
{"usage": "family", "gender": "unisex", "name": "Brown"},
{"usage": "family", "gender": "unisex", "name": "Bryant"},
{"usage": "family", "gender": "unisex", "name": "Butler"},
{"usage": "family", "gender": "unisex", "name": "Campbell"},
{"usage": "family", "gender": "unisex", "name": "Carter"},
{"usage": "family", "gender": "unisex", "name": "Clark"},
{"usage": "family", "gender": "unisex", "name": "Coleman"},
{"usage": "family", "gender": "unisex", "name": "Collins"},
{"usage": "family", "gender": "unisex", "name": "Cook"},
{"usage": "family", "gender": "unisex", "name": "Cooper"},
{"usage": "family", "gender": "unisex", "name": "Cox"},
{"usage": "family", "gender": "unisex", "name": "Davis"},
{"usage": "family", "gender": "unisex", "name": "Diaz"},
{"usage": "family", "gender": "unisex", "name": "Edwards"},
{"usage": "family", "gender": "unisex", "name": "Evans"},
{"usage": "family", "gender": "unisex", "name": "Flores"},
{"usage": "family", "gender": "unisex", "name": "Foster"},
{"usage": "family", "gender": "unisex", "name": "Garcia"},
{"usage": "family", "gender": "unisex", "name": "Gonzales"},
{"usage": "family", "gender": "unisex", "name": "Gonzalez"},
{"usage": "family", "gender": "unisex", "name": "Gray"},
{"usage": "family", "gender": "unisex", "name": "Green"},
{"usage": "family", "gender": "unisex", "name": "Griffin"},
{"usage": "family", "gender": "unisex", "name": "Hall"},
{"usage": "family", "gender": "unisex", "name": "Harris"},
{"usage": "family", "gender": "unisex", "name": "Hayes"},
{"usage": "family", "gender": "unisex", "name": "Henderson"},
{"usage": "family", "gender": "unisex", "name": "Hernandez"},
{"usage": "family", "gender": "unisex", "name": "Hill"},
{"usage": "family", "gender": "unisex", "name": "Howard"},
{"usage": "family", "gender": "unisex", "name": "Hughes"},
{"usage": "family", "gender": "unisex", "name": "Jackson"},
{"usage": "family", "gender": "unisex", "name": "James"},
{"usage": "family", "gender": "unisex", "name": "Jenkins"},
{"usage": "family", "gender": "unisex", "name": "Johnson"},
{"usage": "family", "gender": "unisex", "name": "Jones"},
{"usage": "family", "gender": "unisex", "name": "Kelly"},
{"usage": "family", "gender": "unisex", "name": "King"},
{"usage": "family", "gender": "unisex", "name": "Lee"},
{"usage": "family", "gender": "unisex", "name": "Lewis"},
{"usage": "family", "gender": "unisex", "name": "Long"},
{"usage": "family", "gender": "unisex", "name": "Lopez"},
{"usage": "family", "gender": "unisex", "name": "Martin"},
{"usage": "family", "gender": "unisex", "name": "Martinez"},
{"usage": "family", "gender": "unisex", "name": "Miller"},
{"usage": "family", "gender": "unisex", "name": "Mitchell"},
{"usage": "family", "gender": "unisex", "name": "Moore"},
{"usage": "family", "gender": "unisex", "name": "Morgan"},
{"usage": "family", "gender": "unisex", "name": "Morris"},
{"usage": "family", "gender": "unisex", "name": "Murphy"},
{"usage": "family", "gender": "unisex", "name": "Nelson"},
{"usage": "family", "gender": "unisex", "name": "Parker"},
{"usage": "family", "gender": "unisex", "name": "Patterson"},
{"usage": "family", "gender": "unisex", "name": "Perez"},
{"usage": "family", "gender": "unisex", "name": "Perry"},
{"usage": "family", "gender": "unisex", "name": "Peterson"},
{"usage": "family", "gender": "unisex", "name": "Phillips"},
{"usage": "family", "gender": "unisex", "name": "Powell"},
{"usage": "family", "gender": "unisex", "name": "Price"},
{"usage": "family", "gender": "unisex", "name": "Ramirez"},
{"usage": "family", "gender": "unisex", "name": "Reed"},
{"usage": "family", "gender": "unisex", "name": "Richardson"},
{"usage": "family", "gender": "unisex", "name": "Rivera"},
{"usage": "family", "gender": "unisex", "name": "Roberts"},
{"usage": "family", "gender": "unisex", "name": "Robinson"},
{"usage": "family", "gender": "unisex", "name": "Rodriguez"},
{"usage": "family", "gender": "unisex", "name": "Rogers"},
{"usage": "family", "gender": "unisex", "name": "Ross"},
{"usage": "family", "gender": "unisex", "name": "Russell"},
{"usage": "family", "gender": "unisex", "name": "Sanchez"},
{"usage": "family", "gender": "unisex", "name": "Sanders"},
{"usage": "family", "gender": "unisex", "name": "Scott"},
{"usage": "family", "gender": "unisex", "name": "Simmons"},
{"usage": "family", "gender": "unisex", "name": "Smith"},
{"usage": "family", "gender": "unisex", "name": "Stewart"},
{"usage": "family", "gender": "unisex", "name": "Taylor"},
{"usage": "family", "gender": "unisex", "name": "Thomas"},
{"usage": "family", "gender": "unisex", "name": "Thompson"},
{"usage": "family", "gender": "unisex", "name": "Torres"},
{"usage": "family", "gender": "unisex", "name": "Turner"},
{"usage": "family", "gender": "unisex", "name": "Walker"},
{"usage": "family", "gender": "unisex", "name": "Ward"},
{"usage": "family", "gender": "unisex", "name": "Washington"},
{"usage": "family", "gender": "unisex", "name": "Watson"},
{"usage": "family", "gender": "unisex", "name": "White"},
{"usage": "family", "gender": "unisex", "name": "Williams"},
{"usage": "family", "gender": "unisex", "name": "Wilson"},
{"usage": "family", "gender": "unisex", "name": "Wood"},
{"usage": "family", "gender": "unisex", "name": "Young"},
{"usage": "given", "gender": "female", "name": "Aaliyah"},
{"usage": "given", "gender": "female", "name": "Abigail"},
{"usage": "given", "gender": "female", "name": "Addison"},
{"usage": "given", "gender": "female", "name": "Alexa"},
{"usage": "given", "gender": "female", "name": "Alexandra"},
{"usage": "given", "gender": "female", "name": "Alexis"},
{"usage": "given", "gender": "female", "name": "Allison"},
{"usage": "given", "gender": "female", "name": "Alyssa"},
{"usage": "given", "gender": "female", "name": "Amelia"},
{"usage": "given", "gender": "female", "name": "Andrea"},
{"usage": "given", "gender": "female", "name": "Angelina"},
{"usage": "given", "gender": "female", "name": "Anna"},
{"usage": "given", "gender": "female", "name": "Ariana"},
{"usage": "given", "gender": "female", "name": "Arianna"},
{"usage": "given", "gender": "female", "name": "Ashley"},
{"usage": "given", "gender": "female", "name": "Aubrey"},
{"usage": "given", "gender": "female", "name": "Audrey"},
{"usage": "given", "gender": "female", "name": "Autumn"},
{"usage": "given", "gender": "female", "name": "Ava"},
{"usage": "given", "gender": "female", "name": "Avery"},
{"usage": "given", "gender": "female", "name": "Bailey"},
{"usage": "given", "gender": "female", "name": "Brianna"},
{"usage": "given", "gender": "female", "name": "Brooke"},
{"usage": "given", "gender": "female", "name": "Brooklyn"},
{"usage": "given", "gender": "female", "name": "Camilla"},
{"usage": "given", "gender": "female", "name": "Caroline"},
{"usage": "given", "gender": "female", "name": "Charlotte"},
{"usage": "given", "gender": "female", "name": "Chloe"},
{"usage": "given", "gender": "female", "name": "Claire"},
{"usage": "given", "gender": "female", "name": "Destiny"},
{"usage": "given", "gender": "female", "name": "Elizabeth"},
{"usage": "given", "gender": "female", "name": "Ella"},
{"usage": "given", "gender": "female", "name": "Emily"},
{"usage": "given", "gender": "female", "name": "Emma"},
{"usage": "given", "gender": "female", "name": "Evelyn"},
{"usage": "given", "gender": "female", "name": "Faith"},
{"usage": "given", "gender": "female", "name": "Gabriella"},
{"usage": "given", "gender": "female", "name": "Gabrielle"},
{"usage": "given", "gender": "female", "name": "Genesis"},
{"usage": "given", "gender": "female", "name": "Gianna"},
{"usage": "given", "gender": "female", "name": "Grace"},
{"usage": "given", "gender": "female", "name": "Gracie"},
{"usage": "given", "gender": "female", "name": "Hailey"},
{"usage": "given", "gender": "female", "name": "Hannah"},
{"usage": "given", "gender": "female", "name": "Isabel"},
{"usage": "given", "gender": "female", "name": "Isabella"},
{"usage": "given", "gender": "female", "name": "Isabelle"},
{"usage": "given", "gender": "female", "name": "Jasmine"},
{"usage": "given", "gender": "female", "name": "Jen"},
{"usage": "given", "gender": "female", "name": "Jennifer"},
{"usage": "given", "gender": "female", "name": "Jessica"},
{"usage": "given", "gender": "female", "name": "Jessie"},
{"usage": "given", "gender": "female", "name": "Jocelyn"},
{"usage": "given", "gender": "female", "name": "Julia"},
{"usage": "given", "gender": "female", "name": "Kaitlin"},
{"usage": "given", "gender": "female", "name": "Katelyn"},
{"usage": "given", "gender": "female", "name": "Katie"},
{"usage": "given", "gender": "female", "name": "Kayla"},
{"usage": "given", "gender": "female", "name": "Kaylee"},
{"usage": "given", "gender": "female", "name": "Kim"},
{"usage": "given", "gender": "female", "name": "Kimberly"},
{"usage": "given", "gender": "female", "name": "Kylie"},
{"usage": "given", "gender": "female", "name": "Lauren"},
{"usage": "given", "gender": "female", "name": "Layla"},
{"usage": "given", "gender": "female", "name": "Leah"},
{"usage": "given", "gender": "female", "name": "Lillian"},
{"usage": "given", "gender": "female", "name": "Lily"},
{"usage": "given", "gender": "female", "name": "Madeline"},
{"usage": "given", "gender": "female", "name": "Madelyn"},
{"usage": "given", "gender": "female", "name": "Madison"},
{"usage": "given", "gender": "female", "name": "Makayla"},
{"usage": "given", "gender": "female", "name": "Maria"},
{"usage": "given", "gender": "female", "name": "Mariah"},
{"usage": "given", "gender": "female", "name": "Mary"},
{"usage": "given", "gender": "female", "name": "Maya"},
{"usage": "given", "gender": "female", "name": "Megan"},
{"usage": "given", "gender": "female", "name": "Melanie"},
{"usage": "given", "gender": "female", "name": "Mia"},
{"usage": "given", "gender": "female", "name": "Morgan"},
{"usage": "given", "gender": "female", "name": "Natalie"},
{"usage": "given", "gender": "female", "name": "Nevaeh"},
{"usage": "given", "gender": "female", "name": "Olivia"},
{"usage": "given", "gender": "female", "name": "Paige"},
{"usage": "given", "gender": "female", "name": "Payton"},
{"usage": "given", "gender": "female", "name": "Rachel"},
{"usage": "given", "gender": "female", "name": "Riley"},
{"usage": "given", "gender": "female", "name": "Samantha"},
{"usage": "given", "gender": "female", "name": "Sara"},
{"usage": "given", "gender": "female", "name": "Sarah"},
{"usage": "given", "gender": "female", "name": "Savannah"},
{"usage": "given", "gender": "female", "name": "Sofia"},
{"usage": "given", "gender": "female", "name": "Sophie"},
{"usage": "given", "gender": "female", "name": "Sydney"},
{"usage": "given", "gender": "female", "name": "Trinity"},
{"usage": "given", "gender": "female", "name": "Valeria"},
{"usage": "given", "gender": "female", "name": "Victoria"},
{"usage": "given", "gender": "female", "name": "Zoe"},
{"usage": "given", "gender": "female", "name": "Zoey"},
{"usage": "given", "gender": "male", "name": "Aaron"},
{"usage": "given", "gender": "male", "name": "Adam"},
{"usage": "given", "gender": "male", "name": "Adrian"},
{"usage": "given", "gender": "male", "name": "Aidan"},
{"usage": "given", "gender": "male", "name": "Aiden"},
{"usage": "given", "gender": "male", "name": "Alex"},
{"usage": "given", "gender": "male", "name": "Alexander"},
{"usage": "given", "gender": "male", "name": "Andrew"},
{"usage": "given", "gender": "male", "name": "Angel"},
{"usage": "given", "gender": "male", "name": "Anthony"},
{"usage": "given", "gender": "male", "name": "Austin"},
{"usage": "given", "gender": "male", "name": "Ayden"},
{"usage": "given", "gender": "male", "name": "Benjamin"},
{"usage": "given", "gender": "male", "name": "Blake"},
{"usage": "given", "gender": "male", "name": "Brady"},
{"usage": "given", "gender": "male", "name": "Brandon"},
{"usage": "given", "gender": "male", "name": "Brayden"},
{"usage": "given", "gender": "male", "name": "Brian"},
{"usage": "given", "gender": "male", "name": "Brody"},
{"usage": "given", "gender": "male", "name": "Bryan"},
{"usage": "given", "gender": "male", "name": "Caden"},
{"usage": "given", "gender": "male", "name": "Caleb"},
{"usage": "given", "gender": "male", "name": "Cameron"},
{"usage": "given", "gender": "male", "name": "Carlos"},
{"usage": "given", "gender": "male", "name": "Carson"},
{"usage": "given", "gender": "male", "name": "Carter"},
{"usage": "given", "gender": "male", "name": "Charles"},
{"usage": "given", "gender": "male", "name": "Chase"},
{"usage": "given", "gender": "male", "name": "Christian"},
{"usage": "given", "gender": "male", "name": "Christopher"},
{"usage": "given", "gender": "male", "name": "Cole"},
{"usage": "given", "gender": "male", "name": "Colton"},
{"usage": "given", "gender": "male", "name": "Connor"},
{"usage": "given", "gender": "male", "name": "Cooper"},
{"usage": "given", "gender": "male", "name": "Daniel"},
{"usage": "given", "gender": "male", "name": "David"},
{"usage": "given", "gender": "male", "name": "Diego"},
{"usage": "given", "gender": "male", "name": "Dominic"},
{"usage": "given", "gender": "male", "name": "Dylan"},
{"usage": "given", "gender": "male", "name": "Eben"},
{"usage": "given", "gender": "male", "name": "Eli"},
{"usage": "given", "gender": "male", "name": "Elijah"},
{"usage": "given", "gender": "male", "name": "Eric"},
{"usage": "given", "gender": "male", "name": "Ethan"},
{"usage": "given", "gender": "male", "name": "Evan"},
{"usage": "given", "gender": "male", "name": "Gabriel"},
{"usage": "given", "gender": "male", "name": "Gavin"},
{"usage": "given", "gender": "male", "name": "Hayden"},
{"usage": "given", "gender": "male", "name": "Henry"},
{"usage": "given", "gender": "male", "name": "Hunter"},
{"usage": "given", "gender": "male", "name": "Ian"},
{"usage": "given", "gender": "male", "name": "Isaac"},
{"usage": "given", "gender": "male", "name": "Isaiah"},
{"usage": "given", "gender": "male", "name": "Jack"},
{"usage": "given", "gender": "male", "name": "Jackson"},
{"usage": "given", "gender": "male", "name": "Jacob"},
{"usage": "given", "gender": "male", "name": "Jaden"},
{"usage": "given", "gender": "male", "name": "James"},
{"usage": "given", "gender": "male", "name": "Jason"},
{"usage": "given", "gender": "male", "name": "Jayden"},
{"usage": "given", "gender": "male", "name": "Jeremiah"},
{"usage": "given", "gender": "male", "name": "Jesus"},
{"usage": "given", "gender": "male", "name": "John"},
{"usage": "given", "gender": "male", "name": "Jonathan"},
{"usage": "given", "gender": "male", "name": "Jordan"},
{"usage": "given", "gender": "male", "name": "Jose"},
{"usage": "given", "gender": "male", "name": "Joseph"},
{"usage": "given", "gender": "male", "name": "Joshua"},
{"usage": "given", "gender": "male", "name": "Josiah"},
{"usage": "given", "gender": "male", "name": "Juan"},
{"usage": "given", "gender": "male", "name": "Julian"},
{"usage": "given", "gender": "male", "name": "Justin"},
{"usage": "given", "gender": "male", "name": "Kaden"},
{"usage": "given", "gender": "male", "name": "Kevin"},
{"usage": "given", "gender": "male", "name": "Kyle"},
{"usage": "given", "gender": "male", "name": "Landon"},
{"usage": "given", "gender": "male", "name": "Liam"},
{"usage": "given", "gender": "male", "name": "Logan"},
{"usage": "given", "gender": "male", "name": "Lucas"},
{"usage": "given", "gender": "male", "name": "Luis"},
{"usage": "given", "gender": "male", "name": "Luke"},
{"usage": "given", "gender": "male", "name": "Mason"},
{"usage": "given", "gender": "male", "name": "Matthew"},
{"usage": "given", "gender": "male", "name": "Michael"},
{"usage": "given", "gender": "male", "name": "Nathan"},
{"usage": "given", "gender": "male", "name": "Nathaniel"},
{"usage": "given", "gender": "male", "name": "Nicholas"},
{"usage": "given", "gender": "male", "name": "Noah"},
{"usage": "given", "gender": "male", "name": "Owen"},
{"usage": "given", "gender": "male", "name": "Robert"},
{"usage": "given", "gender": "male", "name": "Ryan"},
{"usage": "given", "gender": "male", "name": "Sabastian"},
{"usage": "given", "gender": "male", "name": "Samuel"},
{"usage": "given", "gender": "male", "name": "Sean"},
{"usage": "given", "gender": "male", "name": "Thomas"},
{"usage": "given", "gender": "male", "name": "Tristan"},
{"usage": "given", "gender": "male", "name": "Tyler"},
{"usage": "given", "gender": "male", "name": "William"},
{"usage": "given", "gender": "male", "name": "Wyatt"},
{"usage": "given", "gender": "male", "name": "Xavier"},
{"usage": "given", "gender": "male", "name": "Zachary"}
]
