[
{"usage": "backer", "gender": "unisex", "name": "ｱｰｶﾞｽ M. ﾛｰｳｪﾙ"},
{"usage": "backer", "gender": "unisex", "name": "ｱｰｸ"},
{"usage": "backer", "gender": "unisex", "name": "ｱｰﾁｬｰ"},
{"usage": "backer", "gender": "unisex", "name": "ｱｰﾘｽﾄ ﾏｸﾌﾟﾘｭｰﾃﾞﾝﾄ"},
{"usage": "backer", "gender": "unisex", "name": "ｱｼﾞｬｲ ﾁｬﾝﾄﾞﾗ"},
{"usage": "backer", "gender": "unisex", "name": "ｱﾄﾓｽ"},
{"usage": "backer", "gender": "unisex", "name": "ｱﾙﾌｧｲ"},
{"usage": "backer", "gender": "unisex", "name": "ｱﾚｸｻﾝﾀﾞｰ ｳｨｰｸｽ"},
{"usage": "backer", "gender": "unisex", "name": "ｱﾚｸｻﾝﾀﾞｰ ｸﾘｯｸｺｰ"},
{"usage": "backer", "gender": "unisex", "name": "ｱﾚｸｻﾝﾀﾞｰ ﾄﾞﾐﾄﾘｴﾌ"},
{"usage": "backer", "gender": "unisex", "name": "ｱﾝｿﾆｰ ﾊﾞｰﾘｰ"},
{"usage": "backer", "gender": "unisex", "name": "ｱﾝﾄﾝ ｽﾄﾗｲｸ"},
{"usage": "backer", "gender": "unisex", "name": "ｱﾝﾄﾞﾘｭｰ ｳｪﾌﾞｽﾀｰ"},
{"usage": "backer", "gender": "unisex", "name": "ｱﾝﾄﾞﾘｭｰ ｶﾞｰｽﾃﾗｰ"},
{"usage": "backer", "gender": "unisex", "name": "ｲｪﾚﾐｱｽ ﾌﾞﾗﾍﾞｰﾀ"},
{"usage": "backer", "gender": "unisex", "name": "ｲｪﾝｽ ﾍﾞｯｶｰ"},
{"usage": "backer", "gender": "unisex", "name": "ｲｰﾘｰ ﾌｫﾚｽﾄ ｷｰﾄﾝ"},
{"usage": "backer", "gender": "unisex", "name": "ｲｱﾝ ｸﾘｰ"},
{"usage": "backer", "gender": "unisex", "name": "ｳｨﾘｱﾑ ﾌｫﾚｽﾄ"},
{"usage": "backer", "gender": "unisex", "name": "ｳｨﾙ ｳｫｰｶｰ"},
{"usage": "backer", "gender": "unisex", "name": "ｳｨﾝﾀｰ ｸﾞｰﾄﾞﾌﾞﾛｯﾄﾞ"},
{"usage": "backer", "gender": "unisex", "name": "ｳｪｲﾝ A ｱｰｻｰﾄﾝ"},
{"usage": "backer", "gender": "unisex", "name": "ｴﾍﾞﾘﾝ ﾌﾛｽﾄ"},
{"usage": "backer", "gender": "unisex", "name": "ｴﾘｯｸ ﾊﾝｶﾞｰﾌﾞｰﾗｰ"},
{"usage": "backer", "gender": "unisex", "name": "ｴﾘｯｸ ﾛｰｻｯｸ"},
{"usage": "backer", "gender": "unisex", "name": "ｴﾝﾘｹ ｱﾛﾝｿ"},
{"usage": "backer", "gender": "unisex", "name": "ｵｰｴﾝ ﾀﾞﾝ"},
{"usage": "backer", "gender": "unisex", "name": "ｶﾐﾙ ｸﾘｳｨｿﾝ"},
{"usage": "backer", "gender": "unisex", "name": "ｶﾞｯﾂ"},
{"usage": "backer", "gender": "unisex", "name": "ｶﾞｰｸﾞ ﾊｯｸﾎﾟﾌ"},
{"usage": "backer", "gender": "unisex", "name": "ｶﾞﾌﾞﾘｴﾙ ﾄﾞﾝ"},
{"usage": "backer", "gender": "unisex", "name": "ｶﾞﾙﾌｧｽ ﾓｰｺﾞﾛｯｸ"},
{"usage": "backer", "gender": "unisex", "name": "ｷﾞｮｰﾑ ﾚﾋﾞｺﾞｯﾄ"},
{"usage": "backer", "gender": "unisex", "name": "ｸﾘｽ ﾜﾄｷﾝｽ"},
{"usage": "backer", "gender": "unisex", "name": "ｸﾘｽﾄﾌｧｰ ﾌｫｰﾘﾝｽﾞ"},
{"usage": "backer", "gender": "unisex", "name": "ｸﾚｲ ﾌｫｯｸｽﾃｲﾙ"},
{"usage": "backer", "gender": "unisex", "name": "ｸﾚｲｸﾞ ﾌｧｰｶﾞｿﾝ"},
{"usage": "backer", "gender": "unisex", "name": "ｸﾚｲｸﾞ ﾏﾄﾝ"},
{"usage": "backer", "gender": "unisex", "name": "ｸﾞﾚﾝ ﾗﾝｼｯﾀｰ"},
{"usage": "backer", "gender": "unisex", "name": "ｹﾋﾞﾝ ｳｨｯﾄ"},
{"usage": "backer", "gender": "unisex", "name": "ｹﾋﾞﾝ ｸﾞﾗｯｿ"},
{"usage": "backer", "gender": "unisex", "name": "ｹﾝｼﾞ ｸﾛｶﾜ"},
{"usage": "backer", "gender": "unisex", "name": "ｺﾑﾚｲﾄﾞ ｷﾞｬﾘｰ"},
{"usage": "backer", "gender": "unisex", "name": "ｻｲﾓﾝ ﾄｰﾚｾﾝ ﾊﾙﾄ"},
{"usage": "backer", "gender": "unisex", "name": "ｻﾑ ｽﾀｲﾝ"},
{"usage": "backer", "gender": "unisex", "name": "ｻﾞﾅﾑ"},
{"usage": "backer", "gender": "unisex", "name": "ｼｬｰﾛｯﾄ ﾎｰﾙ"},
{"usage": "backer", "gender": "unisex", "name": "ｼｮｰﾝ ﾀﾞﾝｶﾝ"},
{"usage": "backer", "gender": "unisex", "name": "ｼﾒﾌｧﾐ"},
{"usage": "backer", "gender": "unisex", "name": "ｼﾞｪｰﾑｽ ｹﾆｰ"},
{"usage": "backer", "gender": "unisex", "name": "ｼﾞｪﾌ ﾒｼﾞｬｰ"},
{"usage": "backer", "gender": "unisex", "name": "ｼﾞｬｽﾃｨﾝ ﾏｯｷﾉﾝ"},
{"usage": "backer", "gender": "unisex", "name": "ｼﾞｮｼｭｱ ﾔﾝｸﾞ"},
{"usage": "backer", "gender": "unisex", "name": "ｼﾞｮｾﾌ 'ｻﾞｷｬﾙｩｰ' ﾊﾞｰﾄﾚｯﾄ"},
{"usage": "backer", "gender": "unisex", "name": "ｼﾞｮﾝ ｴﾆｵﾝ"},
{"usage": "backer", "gender": "unisex", "name": "ｼﾞｮﾝ ﾊﾒﾙ"},
{"usage": "backer", "gender": "unisex", "name": "ｼﾞﾑ ｳｨｰﾊﾞｰ"},
{"usage": "backer", "gender": "unisex", "name": "ｼﾞﾑ ﾗﾝﾀﾞｰﾗﾝﾄﾞ"},
{"usage": "backer", "gender": "unisex", "name": "ｽｿﾞｯｸｽ ｶﾞﾎﾞｰﾙ ﾌｪﾚﾝﾂ"},
{"usage": "backer", "gender": "unisex", "name": "ｽﾃｨｰﾌﾞﾝ ﾋﾞｰﾀｰｿﾝ"},
{"usage": "backer", "gender": "unisex", "name": "ｽﾄｯﾄﾅｰ"},
{"usage": "backer", "gender": "unisex", "name": "ｽﾉｰ 'ﾆｬｰ'"},
{"usage": "backer", "gender": "unisex", "name": "ｽﾊﾟｼｰ ﾌﾟｹﾗｳｸﾄ"},
{"usage": "backer", "gender": "unisex", "name": "ｽﾊﾟﾛｰ ｸﾞﾘﾌｫﾝ"},
{"usage": "backer", "gender": "unisex", "name": "ｽﾞﾋｱｵ"},
{"usage": "backer", "gender": "unisex", "name": "ｾﾊﾞｽﾁｬﾝ ｼﾞｬﾌﾙ"},
{"usage": "backer", "gender": "unisex", "name": "ｾﾙｶﾝ ｺｲﾙ"},
{"usage": "backer", "gender": "unisex", "name": "ﾀﾞｯｸｺｰ"},
{"usage": "backer", "gender": "unisex", "name": "ﾀﾞｸﾞ ｵｸﾞﾃﾞﾝ"},
{"usage": "backer", "gender": "unisex", "name": "ﾀﾞｽｸ ｶﾞｵ"},
{"usage": "backer", "gender": "unisex", "name": "ﾀﾞﾆｴﾙ ｱﾝﾌｨｰﾙﾄﾞ"},
{"usage": "backer", "gender": "unisex", "name": "ﾀﾞﾆｴﾙ ﾀﾞﾅﾋｰ"},
{"usage": "backer", "gender": "unisex", "name": "ﾃﾞｨｯｸ ｻｰｼﾞ"},
{"usage": "backer", "gender": "unisex", "name": "ﾃﾞｲｳﾞ ｽﾃﾊﾞｰﾃﾞｲﾊﾞｰｿﾝ"},
{"usage": "backer", "gender": "unisex", "name": "ﾄｯﾄﾞﾘｯｸ ﾘｯﾎｰﾌﾟ"},
{"usage": "backer", "gender": "unisex", "name": "ﾄｰﾏｽ ｻｲﾓﾝ"},
{"usage": "backer", "gender": "unisex", "name": "ﾄｰﾏｽ ﾗﾙｿﾝ"},
{"usage": "backer", "gender": "unisex", "name": "ﾄﾅﾐ ﾖﾙｹﾞﾝｾﾝ"},
{"usage": "backer", "gender": "unisex", "name": "ﾄﾋﾞｱｽ ﾌﾗﾝｹ"},
{"usage": "backer", "gender": "unisex", "name": "ﾄﾑ ﾌｰﾊﾟｰ"},
{"usage": "backer", "gender": "unisex", "name": "ﾄﾗﾋﾞｽ ｷﾞﾌﾞｿﾝ"},
{"usage": "backer", "gender": "unisex", "name": "ﾄﾘｱﾅ"},
{"usage": "backer", "gender": "unisex", "name": "ﾄﾝｻﾞ"},
{"usage": "backer", "gender": "unisex", "name": "ﾄﾞｸﾀｰ ﾋﾙｸ ｳﾞｧﾝ ﾀﾞｰ ｼｬｰﾌ"},
{"usage": "backer", "gender": "unisex", "name": "ﾄﾞﾘｵ"},
{"usage": "backer", "gender": "unisex", "name": "ﾅｻﾆｴﾙ ﾌｫｰﾄﾞ"},
{"usage": "backer", "gender": "unisex", "name": "ﾆｯｸ 'ﾊﾎﾞｯｸ' ﾊﾟｰｶｰ"},
{"usage": "backer", "gender": "unisex", "name": "ﾆｯｸ ｽﾃﾌｧﾝ"},
{"usage": "backer", "gender": "unisex", "name": "ﾈｲｻﾝ ｷｬﾝ"},
{"usage": "backer", "gender": "unisex", "name": "ﾊﾘﾄﾞ ﾗｼｯﾄﾞ"},
{"usage": "backer", "gender": "unisex", "name": "ﾊﾝｸ ﾚｸﾗﾑ"},
{"usage": "backer", "gender": "unisex", "name": "ﾊﾟｽｶﾙ ﾌｨﾘｯﾎﾟﾋﾞｯｸｽﾞ"},
{"usage": "backer", "gender": "unisex", "name": "ﾋｭｰﾊﾞｰﾄ ﾋｭｰｽﾞ"},
{"usage": "backer", "gender": "unisex", "name": "ﾋｭｰﾊﾞｰﾄ ﾛｰﾃﾞﾝﾎﾞｳ"},
{"usage": "backer", "gender": "unisex", "name": "ﾋﾟｰﾀｰ ｽﾄｰﾙﾍﾞﾘ"},
{"usage": "backer", "gender": "unisex", "name": "ﾌｨﾘｯﾌﾟ ﾄﾚﾝﾌﾞﾚｲ"},
{"usage": "backer", "gender": "unisex", "name": "ﾌｪﾘｯｸｽ ｱﾌﾟﾘﾝ"},
{"usage": "backer", "gender": "unisex", "name": "ﾌｪﾘｯｸｽ ﾌｫｯｸｽ"},
{"usage": "backer", "gender": "unisex", "name": "ﾌﾛｰｽﾞﾝﾌｫｸｼｰ"},
{"usage": "backer", "gender": "unisex", "name": "ﾌﾞﾗｲｱﾝ ﾃﾞﾋﾞｯﾄｿﾝ"},
{"usage": "backer", "gender": "unisex", "name": "ﾌﾞﾗｲｱﾝ ﾎｰｽﾀｰﾏﾝ"},
{"usage": "backer", "gender": "unisex", "name": "ﾍﾘｽ ｾﾞｰﾎﾞﾝ"},
{"usage": "backer", "gender": "unisex", "name": "ﾍﾞﾝ ﾏｸﾙｰｱ"},
{"usage": "backer", "gender": "unisex", "name": "ﾍﾞﾝｼﾞｬﾐﾝ ﾚｯﾌﾟﾛｰｸﾞﾙ"},
{"usage": "backer", "gender": "unisex", "name": "ﾎﾒﾛｽ"},
{"usage": "backer", "gender": "unisex", "name": "ﾎﾞﾊﾞﾛｯﾄ"},
{"usage": "backer", "gender": "unisex", "name": "ﾎﾟｰﾙ ｳｫﾚｽ"},
{"usage": "backer", "gender": "unisex", "name": "ﾏｯﾄ ｳｨﾘｱﾑｽﾞ"},
{"usage": "backer", "gender": "unisex", "name": "ﾏｯﾄ ﾃﾞｲﾋﾞｽ"},
{"usage": "backer", "gender": "unisex", "name": "ﾏｰｸ 'ﾊﾞｯﾄﾞ ﾎﾞｰｲ' ﾊﾞｯﾄﾞｲ"},
{"usage": "backer", "gender": "unisex", "name": "ﾏｰﾃｨﾝ ｳｯﾀﾞｰﾄﾞ"},
{"usage": "backer", "gender": "unisex", "name": "ﾏｰﾃｨﾝ ｽｳｪﾝｿﾝ"},
{"usage": "backer", "gender": "unisex", "name": "ﾏｲｹﾙ 'ﾃﾞｨｽ ﾎﾘﾌﾞﾘｰ' ｼﾞｮｰﾝｽﾞ"},
{"usage": "backer", "gender": "unisex", "name": "ﾏｲｹﾙ ｷﾝｹｲﾄﾞ"},
{"usage": "backer", "gender": "unisex", "name": "ﾏｲｹﾙ ﾋﾙ"},
{"usage": "backer", "gender": "unisex", "name": "ﾏｲﾙ ﾌﾟﾛﾜｰｽ"},
{"usage": "backer", "gender": "unisex", "name": "ﾏｼｭｰ ｾﾝﾄ ｼﾞｮﾝ"},
{"usage": "backer", "gender": "unisex", "name": "ﾏﾆｯｸ ﾃﾞﾌﾟﾚｲｼｰﾌﾞ"},
{"usage": "backer", "gender": "unisex", "name": "ﾐｯｸ ﾊﾞｯﾄ"},
{"usage": "backer", "gender": "unisex", "name": "ﾐｹﾞﾙ ﾊｰﾒｽﾞ"},
{"usage": "backer", "gender": "unisex", "name": "ﾐｼｪﾙ ﾊﾞｰｼﾞｪﾛﾝ"},
{"usage": "backer", "gender": "unisex", "name": "ﾐﾛｯﾁ"},
{"usage": "backer", "gender": "unisex", "name": "ﾗｸｴﾙ ﾏｸﾏﾎﾝ"},
{"usage": "backer", "gender": "unisex", "name": "ﾗｸﾗﾝ"},
{"usage": "backer", "gender": "unisex", "name": "ﾗｽ ﾚｲﾉﾙｽﾞ III"},
{"usage": "backer", "gender": "unisex", "name": "ﾗﾘｱﾝ"},
{"usage": "backer", "gender": "unisex", "name": "ﾗﾝﾊﾞﾝｸﾃｨｵｽ ﾘｯｸ"},
{"usage": "backer", "gender": "unisex", "name": "ﾘﾉ ﾊﾟｰｶｰ"},
{"usage": "backer", "gender": "unisex", "name": "ﾙﾄﾞﾙﾌ ｼｭﾐｯﾄ"},
{"usage": "backer", "gender": "unisex", "name": "ﾚｲﾓﾝﾄﾞ ﾍﾞﾗｽ"},
{"usage": "backer", "gender": "unisex", "name": "ﾚｵﾆｰﾄﾞ ﾜｼﾘｴﾌ"},
{"usage": "backer", "gender": "unisex", "name": "ﾚﾌ ﾑｲｼｷﾝ"},
{"usage": "backer", "gender": "unisex", "name": "ﾛｰﾙ"},
{"usage": "backer", "gender": "unisex", "name": "ﾛｳﾘｰ ﾃﾞﾆｽ"},
{"usage": "backer", "gender": "unisex", "name": "ﾛﾆｰ ﾏｸﾞﾇｿﾝ"},
{"usage": "backer", "gender": "unisex", "name": "ﾛﾌﾞ ｳｪｯﾂｪﾙ"},
{"usage": "backer", "gender": "unisex", "name": "ﾛﾌﾞ ｷｰ"},
{"usage": "backer", "gender": "unisex", "name": "ﾛﾝ 'ﾉｲｽﾞ' ﾊｷﾑ"},
{"usage": "city", "name": "ｱｯｼｭﾊﾞｰﾝﾊﾑ"},
{"usage": "city", "name": "ｱｯｼｭﾋﾞｰ"},
{"usage": "city", "name": "ｱｯｼｭﾌｨｰﾙﾄﾞ"},
{"usage": "city", "name": "ｱｯｼｭﾌｫｰﾄﾞ"},
{"usage": "city", "name": "ｱｯｼｭﾗﾝﾄﾞ"},
{"usage": "city", "name": "ｱｯﾀﾙﾎﾞﾛｰ"},
{"usage": "city", "name": "ｱｯﾌﾟﾙﾄﾝ"},
{"usage": "city", "name": "ｱｰｶﾞｲﾙ"},
{"usage": "city", "name": "ｱｰﾋﾞﾝｸﾞ"},
{"usage": "city", "name": "ｱｰﾗｽﾊﾞｰｸﾞ"},
{"usage": "city", "name": "ｱｰﾘﾝﾄﾝ"},
{"usage": "city", "name": "ｱｲﾔｰ"},
{"usage": "city", "name": "ｱｲﾗ"},
{"usage": "city", "name": "ｱｲﾗﾝﾀﾞｰ"},
{"usage": "city", "name": "ｱｲﾗﾝﾄﾞﾌｫｰﾙｽ"},
{"usage": "city", "name": "ｱｲﾙ･ｵ･ﾎｯﾄ"},
{"usage": "city", "name": "ｱｲﾙ･ﾗ･ﾓｯﾃ"},
{"usage": "city", "name": "ｱｲﾙｽﾞﾎﾞﾛ"},
{"usage": "city", "name": "ｱｶｼｭﾈｯﾄ"},
{"usage": "city", "name": "ｱｶﾞｳｧﾑ"},
{"usage": "city", "name": "ｱｸｧｰｽ"},
{"usage": "city", "name": "ｱｸｲﾅ"},
{"usage": "city", "name": "ｱｸｽﾌﾞﾘｯｼﾞ"},
{"usage": "city", "name": "ｱｸﾄﾝ"},
{"usage": "city", "name": "ｱｿｰﾙ"},
{"usage": "city", "name": "ｱﾀﾞﾑｽ"},
{"usage": "city", "name": "ｱﾃﾈ"},
{"usage": "city", "name": "ｱﾃﾞｨｿﾝ"},
{"usage": "city", "name": "ｱﾄｷﾝｿﾝ"},
{"usage": "city", "name": "ｱﾋﾞﾝｸﾞﾄﾝ"},
{"usage": "city", "name": "ｱﾌﾟﾄﾝ"},
{"usage": "city", "name": "ｱﾎﾞｯﾄ"},
{"usage": "city", "name": "ｱﾐﾃｨ"},
{"usage": "city", "name": "ｱﾑﾊｰｽﾄ"},
{"usage": "city", "name": "ｱﾗﾝﾃﾞﾙ"},
{"usage": "city", "name": "ｱﾙｽﾃｯﾄﾞ"},
{"usage": "city", "name": "ｱﾙﾄﾝ"},
{"usage": "city", "name": "ｱﾙﾅ"},
{"usage": "city", "name": "ｱﾙﾊﾞｰｸﾞ"},
{"usage": "city", "name": "ｱﾙﾋﾞｵﾝ"},
{"usage": "city", "name": "ｱﾙﾌﾚｯﾄﾞ"},
{"usage": "city", "name": "ｱﾚｸｻﾝﾀﾞｰ"},
{"usage": "city", "name": "ｱﾚｸｻﾝﾄﾞﾘｱ"},
{"usage": "city", "name": "ｱﾛｰｼｯｸ"},
{"usage": "city", "name": "ｱﾝｿﾆｱ"},
{"usage": "city", "name": "ｱﾝｿﾝ"},
{"usage": "city", "name": "ｱﾝﾀﾞｰﾋﾙ"},
{"usage": "city", "name": "ｱﾝﾄﾘﾑ"},
{"usage": "city", "name": "ｱﾝﾄﾞｰﾊﾞｰ"},
{"usage": "city", "name": "ｲｰｸﾞﾙﾚｲｸ"},
{"usage": "city", "name": "ｲｰｽﾄｳｨﾝｻﾞｰ"},
{"usage": "city", "name": "ｲｰｽﾄｷﾝｸﾞｽﾄﾝ"},
{"usage": "city", "name": "ｲｰｽﾄｸﾞﾗﾝﾋﾞｰ"},
{"usage": "city", "name": "ｲｰｽﾄｸﾞﾘﾆｯｼﾞ"},
{"usage": "city", "name": "ｲｰｽﾄﾊｯﾀﾞﾑ"},
{"usage": "city", "name": "ｲｰｽﾄﾊｰﾄﾌｫｰﾄﾞ"},
{"usage": "city", "name": "ｲｰｽﾄﾊﾑ"},
{"usage": "city", "name": "ｲｰｽﾄﾊﾝﾌﾟﾄﾝ"},
{"usage": "city", "name": "ｲｰｽﾄﾊﾝﾌﾟﾄﾝ"},
{"usage": "city", "name": "ｲｰｽﾄﾌｫｰﾄﾞ"},
{"usage": "city", "name": "ｲｰｽﾄﾌﾞﾘｯｼﾞｳｫｰﾀｰ"},
{"usage": "city", "name": "ｲｰｽﾄﾌﾞﾙｯｸ"},
{"usage": "city", "name": "ｲｰｽﾄﾌﾞﾙｯｸﾌｨｰﾙﾄﾞ"},
{"usage": "city", "name": "ｲｰｽﾄﾌﾟﾛﾋﾞﾃﾞﾝｽ"},
{"usage": "city", "name": "ｲｰｽﾄﾍﾌﾞﾝ"},
{"usage": "city", "name": "ｲｰｽﾄﾎﾟｰﾄ"},
{"usage": "city", "name": "ｲｰｽﾄﾏﾁｱｽ"},
{"usage": "city", "name": "ｲｰｽﾄﾐﾘﾉｹｯﾄ"},
{"usage": "city", "name": "ｲｰｽﾄﾓﾝﾄﾋﾟｰﾘｱ"},
{"usage": "city", "name": "ｲｰｽﾄﾗｲﾑ"},
{"usage": "city", "name": "ｲｰｽﾄﾛﾝｸﾞﾒﾄﾞｳ"},
{"usage": "city", "name": "ｲｰｽﾄﾝ"},
{"usage": "city", "name": "ｲｰﾄﾝ"},
{"usage": "city", "name": "ｲﾌﾟｽｳｨｯﾁ"},
{"usage": "city", "name": "ｲﾝﾀﾞｽﾄﾘｰ"},
{"usage": "city", "name": "ｳｨｰｱｰ"},
{"usage": "city", "name": "ｳｨｰﾛｯｸ"},
{"usage": "city", "name": "ｳｨｰﾝ"},
{"usage": "city", "name": "ｳｨｽｷｬｾｯﾄ"},
{"usage": "city", "name": "ｳｨﾇｰｽｷ"},
{"usage": "city", "name": "ｳｨﾘｱﾑｽﾞﾀｳﾝ"},
{"usage": "city", "name": "ｳｨﾘｱﾑｽﾞﾊﾞｰｸﾞ"},
{"usage": "city", "name": "ｳｨﾘｽﾄﾝ"},
{"usage": "city", "name": "ｳｨﾘﾏﾝﾃｨｯｸ"},
{"usage": "city", "name": "ｳｨﾙﾄﾝ"},
{"usage": "city", "name": "ｳｨﾙﾌﾞﾗｰﾑ"},
{"usage": "city", "name": "ｳｨﾙﾐﾝﾄﾝ"},
{"usage": "city", "name": "ｳｨﾙﾓｯﾄ"},
{"usage": "city", "name": "ｳｨﾝ"},
{"usage": "city", "name": "ｳｨﾝｻﾞｰ"},
{"usage": "city", "name": "ｳｨﾝｻﾞｰﾛｯｸｽ"},
{"usage": "city", "name": "ｳｨﾝｽﾛｯﾌﾟ"},
{"usage": "city", "name": "ｳｨﾝｽﾛｰ"},
{"usage": "city", "name": "ｳｨﾝﾀｰﾊｰﾊﾞｰ"},
{"usage": "city", "name": "ｳｨﾝﾀｰﾋﾞﾙﾌﾟﾗﾝﾃｰｼｮﾝ"},
{"usage": "city", "name": "ｳｨﾝﾀｰﾎﾟｰﾄ"},
{"usage": "city", "name": "ｳｨﾝﾀﾞﾑ"},
{"usage": "city", "name": "ｳｨﾝﾁｪｽﾀｰ"},
{"usage": "city", "name": "ｳｨﾝﾁｪﾝﾄﾞﾝ"},
{"usage": "city", "name": "ｳｨﾝﾎｰﾙ"},
{"usage": "city", "name": "ｳｪｰﾙｽﾞ"},
{"usage": "city", "name": "ｳｪｱ"},
{"usage": "city", "name": "ｳｪｱﾗﾑ"},
{"usage": "city", "name": "ｳｪｲｸﾌｨｰﾙﾄﾞ"},
{"usage": "city", "name": "ｳｪｲﾄ"},
{"usage": "city", "name": "ｳｪｲﾄｽﾌｨｰﾙﾄﾞ"},
{"usage": "city", "name": "ｳｪｲﾄﾘｰ"},
{"usage": "city", "name": "ｳｪｲﾄﾞ"},
{"usage": "city", "name": "ｳｪｲﾌﾞﾘｯｼﾞ"},
{"usage": "city", "name": "ｳｪｲﾏｽ"},
{"usage": "city", "name": "ｳｪｲﾗﾝﾄﾞ"},
{"usage": "city", "name": "ｳｪｲﾝ"},
{"usage": "city", "name": "ｳｪｻﾞｰｽﾌｨｰﾙﾄﾞ"},
{"usage": "city", "name": "ｳｪｻﾞｰｽﾞﾌｨｰﾙﾄﾞ"},
{"usage": "city", "name": "ｳｪｽﾀﾘｰ"},
{"usage": "city", "name": "ｳｪｽﾄﾝ"},
{"usage": "city", "name": "ｳｪｽﾞﾚｰ"},
{"usage": "city", "name": "ｳｪﾌﾞｽﾀｰ"},
{"usage": "city", "name": "ｳｪﾌﾞｽﾀｰﾌﾟﾗﾝﾃｰｼｮﾝ"},
{"usage": "city", "name": "ｳｪﾘﾝﾄﾝ"},
{"usage": "city", "name": "ｳｪﾘﾝﾄﾝ"},
{"usage": "city", "name": "ｳｪﾙｽﾞ"},
{"usage": "city", "name": "ｳｪﾙｽﾞﾘｰ"},
{"usage": "city", "name": "ｳｪﾙﾄﾞ"},
{"usage": "city", "name": "ｳｪﾙﾌﾘｰﾄ"},
{"usage": "city", "name": "ｳｪﾝﾃﾞﾙ"},
{"usage": "city", "name": "ｳｪﾝﾄﾜｰｽ"},
{"usage": "city", "name": "ｳｪﾝﾊﾑ"},
{"usage": "city", "name": "ｳｫｯｼｭﾊﾞｰﾝ"},
{"usage": "city", "name": "ｳｫｰﾀｰﾀｳﾝ"},
{"usage": "city", "name": "ｳｫｰﾀｰﾋﾞﾙ"},
{"usage": "city", "name": "ｳｫｰﾀｰﾋﾞﾙﾊﾞﾚｰ"},
{"usage": "city", "name": "ｳｫｰﾀｰﾌｫｰﾄﾞ"},
{"usage": "city", "name": "ｳｫｰﾀｰﾍﾞﾘｰ"},
{"usage": "city", "name": "ｳｫｰﾀｰﾎﾞﾛｰ"},
{"usage": "city", "name": "ｳｫｰﾙﾃﾞﾝ"},
{"usage": "city", "name": "ｳｫｰﾚﾝ"},
{"usage": "city", "name": "ｳｫﾊﾞｰﾝ"},
{"usage": "city", "name": "ｳｫﾘﾝｸﾞﾌｫｰﾄﾞ"},
{"usage": "city", "name": "ｳｫﾙｺｯﾄ"},
{"usage": "city", "name": "ｳｫﾙｻﾑ"},
{"usage": "city", "name": "ｳｫﾙﾄﾞｰ"},
{"usage": "city", "name": "ｳｫﾙﾄﾞﾎﾞﾛｰ"},
{"usage": "city", "name": "ｳｫﾙﾎﾟｰﾙ"},
{"usage": "city", "name": "ｳｯﾄﾞｽﾄｯｸ"},
{"usage": "city", "name": "ｳｯﾄﾞﾋﾞﾙ"},
{"usage": "city", "name": "ｳｯﾄﾞﾌｫｰﾄﾞ"},
{"usage": "city", "name": "ｳｯﾄﾞﾌﾞﾘｯｼﾞ"},
{"usage": "city", "name": "ｳｯﾄﾞﾍﾞﾘｰ"},
{"usage": "city", "name": "ｳｯﾄﾞﾗﾝﾄﾞ"},
{"usage": "city", "name": "ｳｰｽﾀｰ"},
{"usage": "city", "name": "ｳｰﾘｯｼﾞ"},
{"usage": "city", "name": "ｳｰﾝｿｹｯﾄ"},
{"usage": "city", "name": "ｳｴｽﾄｳｨﾝｻﾞｰ"},
{"usage": "city", "name": "ｳｴｽﾄｳｯﾄﾞ"},
{"usage": "city", "name": "ｳｴｽﾄｶﾞｰﾃﾞｨﾅｰ"},
{"usage": "city", "name": "ｳｴｽﾄｸﾞﾘﾆｯｼﾞ"},
{"usage": "city", "name": "ｳｴｽﾄｽﾄｯｸﾌﾞﾘｯｼﾞ"},
{"usage": "city", "name": "ｳｴｽﾄｽﾌﾟﾘﾝｸﾞﾌｨｰﾙﾄﾞ"},
{"usage": "city", "name": "ｳｴｽﾄﾃｨｽﾍﾞﾘｰ"},
{"usage": "city", "name": "ｳｴｽﾄﾆｭｰﾍﾞﾘｰ"},
{"usage": "city", "name": "ｳｴｽﾄﾊｰﾄﾌｫｰﾄﾞ"},
{"usage": "city", "name": "ｳｴｽﾄﾊﾝﾌﾟﾄﾝ"},
{"usage": "city", "name": "ｳｴｽﾄﾊﾞｰｽ"},
{"usage": "city", "name": "ｳｴｽﾄﾊﾟﾘ"},
{"usage": "city", "name": "ｳｴｽﾄﾌｨｰﾙﾄﾞ"},
{"usage": "city", "name": "ｳｴｽﾄﾌｪｱﾘｰ"},
{"usage": "city", "name": "ｳｴｽﾄﾌｫｰｸｽ"},
{"usage": "city", "name": "ｳｴｽﾄﾌｫｰﾄﾞ"},
{"usage": "city", "name": "ｳｴｽﾄﾌﾞﾘｯｼﾞｳｫｰﾀｰ"},
{"usage": "city", "name": "ｳｴｽﾄﾌﾞﾙｯｸ"},
{"usage": "city", "name": "ｳｴｽﾄﾌﾞﾙｯｸﾌｨｰﾙﾄﾞ"},
{"usage": "city", "name": "ｳｴｽﾄﾍﾞﾘｰ"},
{"usage": "city", "name": "ｳｴｽﾄﾎﾞｲﾙｽﾄﾝ"},
{"usage": "city", "name": "ｳｴｽﾄﾎﾞﾛｰ"},
{"usage": "city", "name": "ｳｴｽﾄﾎﾟｰﾄ"},
{"usage": "city", "name": "ｳｴｽﾄﾏﾝﾗﾝﾄﾞ"},
{"usage": "city", "name": "ｳｴｽﾄﾐﾝｽﾀｰ"},
{"usage": "city", "name": "ｳｴｽﾄﾓｱ"},
{"usage": "city", "name": "ｳｴｽﾄﾓｱﾗﾝﾄﾞ"},
{"usage": "city", "name": "ｳｴｽﾄﾗﾄﾗﾝﾄﾞ"},
{"usage": "city", "name": "ｳｴｽﾄﾜｰｳｨｯｸ"},
{"usage": "city", "name": "ｳﾙﾌﾎﾞﾛｰ"},
{"usage": "city", "name": "ｳﾞｧｰｼｬｲﾙ"},
{"usage": "city", "name": "ｳﾞｧｰﾄﾝ"},
{"usage": "city", "name": "ｳﾞｧｰﾉﾝ"},
{"usage": "city", "name": "ｳﾞｧｲﾅﾙﾍﾌﾞﾝ"},
{"usage": "city", "name": "ｳﾞｧｻﾙﾎﾞﾛｰ"},
{"usage": "city", "name": "ｳﾞｧﾝ･ﾋﾞｭｰﾚﾝ"},
{"usage": "city", "name": "ｳﾞｧﾝｽﾎﾞﾛｰ"},
{"usage": "city", "name": "ｳﾞｨｰｼﾞｰ"},
{"usage": "city", "name": "ｳﾞｪﾙｼﾞｪﾝﾇ"},
{"usage": "city", "name": "ｳﾞｪﾛｰﾅｱｲﾗﾝﾄﾞ"},
{"usage": "city", "name": "ｴｯｼﾞｺｰﾑ"},
{"usage": "city", "name": "ｴｯﾋﾟﾝｸﾞ"},
{"usage": "city", "name": "ｴｲﾎﾞﾝ"},
{"usage": "city", "name": "ｴｲﾑｽﾞﾍﾞﾘｰ"},
{"usage": "city", "name": "ｴｸｾﾀｰ"},
{"usage": "city", "name": "ｴｸﾞﾘﾓﾝﾄ"},
{"usage": "city", "name": "ｴｾｯｸｽ"},
{"usage": "city", "name": "ｴﾃﾞｨﾝﾄﾝ"},
{"usage": "city", "name": "ｴﾃﾞｨﾝﾊﾞｰｸﾞ"},
{"usage": "city", "name": "ｴﾃﾞﾝ"},
{"usage": "city", "name": "ｴﾄﾅ"},
{"usage": "city", "name": "ｴﾄﾞｶﾞｰﾀｳﾝ"},
{"usage": "city", "name": "ｴﾄﾞﾏﾝｽﾞ"},
{"usage": "city", "name": "ｴﾉｽﾊﾞｰｸﾞ"},
{"usage": "city", "name": "ｴﾌｨﾝﾊﾑ"},
{"usage": "city", "name": "ｴﾌﾟｿﾑ"},
{"usage": "city", "name": "ｴﾍﾞﾚｯﾄ"},
{"usage": "city", "name": "ｴﾑﾃﾞﾝ"},
{"usage": "city", "name": "ｴﾘｵｯﾄ"},
{"usage": "city", "name": "ｴﾘｺ"},
{"usage": "city", "name": "ｴﾘｻﾞﾍﾞｽﾐｻｷ"},
{"usage": "city", "name": "ｴﾘﾝﾄﾝ"},
{"usage": "city", "name": "ｴﾙｽﾞﾜｰｽ"},
{"usage": "city", "name": "ｴﾙﾓｱ"},
{"usage": "city", "name": "ｴﾛｰﾙ"},
{"usage": "city", "name": "ｴﾝﾌｨｰﾙﾄﾞ"},
{"usage": "city", "name": "ｵｯｸｽﾌｫｰﾄﾞ"},
{"usage": "city", "name": "ｵｯｸｽﾎﾞｰ"},
{"usage": "city", "name": "ｵｰｳｪﾙ"},
{"usage": "city", "name": "ｵｰｶﾑ"},
{"usage": "city", "name": "ｵｰｶﾞｽﾀ"},
{"usage": "city", "name": "ｵｰｸﾌｨｰﾙﾄﾞ"},
{"usage": "city", "name": "ｵｰｸﾌﾞﾗﾌｽ"},
{"usage": "city", "name": "ｵｰｸﾗﾝﾄﾞ"},
{"usage": "city", "name": "ｵｰﾁｽ"},
{"usage": "city", "name": "ｵｰﾁｽﾌｨｰﾙﾄﾞ"},
{"usage": "city", "name": "ｵｰﾊﾞｰﾝ"},
{"usage": "city", "name": "ｵｰﾌｫｰﾄﾞ"},
{"usage": "city", "name": "ｵｰﾗｶﾞｯｼｭ"},
{"usage": "city", "name": "ｵｰﾗﾝﾄﾞ"},
{"usage": "city", "name": "ｵｰﾙﾄﾞ･ｵｰﾁｬｰﾄ･ﾞﾋﾞｰﾁ"},
{"usage": "city", "name": "ｵｰﾙﾄﾞｾｲﾌﾞﾙｯｸ"},
{"usage": "city", "name": "ｵｰﾙﾄﾞﾀｳﾝ"},
{"usage": "city", "name": "ｵｰﾙﾄﾞﾗｲﾑ"},
{"usage": "city", "name": "ｵｰﾙﾊﾞﾆｰ"},
{"usage": "city", "name": "ｵｰﾚﾝｽﾄｰﾝ"},
{"usage": "city", "name": "ｵｰﾛﾗ"},
{"usage": "city", "name": "ｵｰﾝﾋﾞﾙ"},
{"usage": "city", "name": "ｵｳﾙﾍｯﾄﾞ"},
{"usage": "city", "name": "ｵｶﾞﾝｷｯﾄ"},
{"usage": "city", "name": "ｵｼｯﾋﾟｰ"},
{"usage": "city", "name": "ｵｽﾞﾎﾞｰﾝ"},
{"usage": "city", "name": "ｵﾗﾝﾀﾞ"},
{"usage": "city", "name": "ｵﾘｴﾝﾄ"},
{"usage": "city", "name": "ｵﾘﾝﾄﾝ"},
{"usage": "city", "name": "ｵﾙﾌｫｰﾄﾞ"},
{"usage": "city", "name": "ｵﾙﾚｱﾝ"},
{"usage": "city", "name": "ｵﾚﾝｼﾞ"},
{"usage": "city", "name": "ｵﾛﾉ"},
{"usage": "city", "name": "ｶｯｼﾝｸﾞ"},
{"usage": "city", "name": "ｶｰﾊﾞｰ"},
{"usage": "city", "name": "ｶｰﾋﾞｰ"},
{"usage": "city", "name": "ｶｰﾗｲﾙ"},
{"usage": "city", "name": "ｶｽﾃｨｰﾆ"},
{"usage": "city", "name": "ｶﾄﾗｰ"},
{"usage": "city", "name": "ｶﾅﾝ"},
{"usage": "city", "name": "ｶﾍﾞﾝﾃﾞｨｯｼｭ"},
{"usage": "city", "name": "ｶﾎﾞｯﾄ"},
{"usage": "city", "name": "ｶﾐﾝｸﾞﾄﾝ"},
{"usage": "city", "name": "ｶﾑﾃﾞﾝ"},
{"usage": "city", "name": "ｶﾗﾀﾝｸ"},
{"usage": "city", "name": "ｶﾘﾌﾞｰ"},
{"usage": "city", "name": "ｶﾙﾀｺﾞ"},
{"usage": "city", "name": "ｶﾙﾒﾙ"},
{"usage": "city", "name": "ｶﾚｰ"},
{"usage": "city", "name": "ｶﾝﾀﾍﾞﾘｰ"},
{"usage": "city", "name": "ｶﾝﾄﾝ"},
{"usage": "city", "name": "ｶﾝﾊﾞｰﾗﾝﾄﾞ"},
{"usage": "city", "name": "ｶﾞｰﾃﾞｨﾅｰ"},
{"usage": "city", "name": "ｶﾞｰﾄﾞﾅｰ"},
{"usage": "city", "name": "ｶﾞｰﾌｨｰﾙﾄﾞﾌﾟﾗﾝﾃｰｼｮﾝ"},
{"usage": "city", "name": "ｶﾞｰﾗﾝﾄﾞ"},
{"usage": "city", "name": "ｷｬｯｽﾙﾄﾝ"},
{"usage": "city", "name": "ｷｬｯｽﾙﾋﾙ"},
{"usage": "city", "name": "ｷｬｽｳｪﾙ"},
{"usage": "city", "name": "ｷｬｽｺ"},
{"usage": "city", "name": "ｷｬﾗﾊﾞｾｯﾄﾊﾞﾚｰ"},
{"usage": "city", "name": "ｷｬﾛﾙ"},
{"usage": "city", "name": "ｷｬﾛﾙﾌﾟﾗﾝﾃｰｼｮﾝ"},
{"usage": "city", "name": "ｷｬﾝﾃﾞｨｱ"},
{"usage": "city", "name": "ｷｬﾝﾌﾟﾄﾝ"},
{"usage": "city", "name": "ｷｯﾀﾘｰ"},
{"usage": "city", "name": "ｷｰﾝ"},
{"usage": "city", "name": "ｷﾘﾝｸﾞﾄﾝ"},
{"usage": "city", "name": "ｷﾘﾝｸﾞﾘｰ"},
{"usage": "city", "name": "ｷﾘﾝｸﾞﾜｰｽ"},
{"usage": "city", "name": "ｷﾝｸﾞｽﾄﾝ"},
{"usage": "city", "name": "ｷﾝｸﾞｽﾞﾊﾞﾘﾌﾟﾗﾝﾃｰｼｮﾝ"},
{"usage": "city", "name": "ｷﾝｸﾞﾌｨｰﾙﾄﾞ"},
{"usage": "city", "name": "ｷﾝｸﾞﾏﾝ"},
{"usage": "city", "name": "ｷﾞﾙ"},
{"usage": "city", "name": "ｷﾞﾙｻﾑ"},
{"usage": "city", "name": "ｷﾞﾙﾄﾞﾎｰﾙ"},
{"usage": "city", "name": "ｷﾞﾙﾌｫｰﾄﾞ"},
{"usage": "city", "name": "ｷﾞﾙﾌｫｰﾄﾞ"},
{"usage": "city", "name": "ｷﾞﾙﾏﾝﾄﾝ"},
{"usage": "city", "name": "ｷﾞﾚｱﾄﾞ"},
{"usage": "city", "name": "ｸｰﾊﾟｰ"},
{"usage": "city", "name": "ｸｲﾝｼｰ"},
{"usage": "city", "name": "ｸﾗｰｸｽﾊﾞｰｸﾞ"},
{"usage": "city", "name": "ｸﾗｰｸｽﾋﾞﾙ"},
{"usage": "city", "name": "ｸﾗﾌﾄﾍﾞﾘｰ"},
{"usage": "city", "name": "ｸﾗﾚﾝﾄﾞﾝ"},
{"usage": "city", "name": "ｸﾗﾝｽﾄﾝ"},
{"usage": "city", "name": "ｸﾗﾝﾍﾞﾘｰｱｲﾙｽﾞ"},
{"usage": "city", "name": "ｸﾘｽﾀﾙ"},
{"usage": "city", "name": "ｸﾘﾌﾄﾝ"},
{"usage": "city", "name": "ｸﾘﾝﾄﾝ"},
{"usage": "city", "name": "ｸﾚｱﾓﾝﾄ"},
{"usage": "city", "name": "ｸﾛｲﾄﾞﾝ"},
{"usage": "city", "name": "ｸﾛｳﾌｫｰﾄﾞ"},
{"usage": "city", "name": "ｸﾛﾑｳｪﾙ"},
{"usage": "city", "name": "ｸﾞｰﾙﾄﾞﾎﾞﾛ"},
{"usage": "city", "name": "ｸﾞﾗｽﾃﾝﾍﾞﾘｰ"},
{"usage": "city", "name": "ｸﾞﾗｽﾄﾝﾍﾞﾘｰ"},
{"usage": "city", "name": "ｸﾞﾗﾊﾞｰ"},
{"usage": "city", "name": "ｸﾞﾗﾌﾄﾝ"},
{"usage": "city", "name": "ｸﾞﾗﾝｻﾑ"},
{"usage": "city", "name": "ｸﾞﾗﾝﾄﾞｱｲﾙ"},
{"usage": "city", "name": "ｸﾞﾗﾝﾄﾞﾚｲｸｽﾄﾘｰﾑ"},
{"usage": "city", "name": "ｸﾞﾗﾝﾋﾞｰ"},
{"usage": "city", "name": "ｸﾞﾗﾝﾋﾞﾙ"},
{"usage": "city", "name": "ｸﾞﾘｰﾝ"},
{"usage": "city", "name": "ｸﾞﾘｰﾝｳｯﾄﾞ"},
{"usage": "city", "name": "ｸﾞﾘｰﾝｽﾞﾊﾞﾗ"},
{"usage": "city", "name": "ｸﾞﾘｰﾝﾋﾞﾙ"},
{"usage": "city", "name": "ｸﾞﾘｰﾝﾌｨｰﾙﾄﾞ"},
{"usage": "city", "name": "ｸﾞﾘｰﾝﾌﾞｯｼｭ"},
{"usage": "city", "name": "ｸﾞﾘｰﾝﾗﾝﾄﾞ"},
{"usage": "city", "name": "ｸﾞﾘｽｳｫﾙﾄﾞ"},
{"usage": "city", "name": "ｸﾞﾘﾆｯｼﾞ"},
{"usage": "city", "name": "ｸﾞﾚｰﾄﾊﾞｰﾘﾝﾄﾝ"},
{"usage": "city", "name": "ｸﾞﾚｰﾄﾎﾟﾝﾄﾞ"},
{"usage": "city", "name": "ｸﾞﾚｲ"},
{"usage": "city", "name": "ｸﾞﾚﾝｳｯﾄﾞﾌﾟﾗﾝﾃｰｼｮﾝ"},
{"usage": "city", "name": "ｸﾞﾚﾝﾊﾞｰﾝ"},
{"usage": "city", "name": "ｸﾞﾛｰﾌﾞﾗﾝﾄﾞ"},
{"usage": "city", "name": "ｸﾞﾛｳｽﾀｰ"},
{"usage": "city", "name": "ｸﾞﾛｽﾀｰ"},
{"usage": "city", "name": "ｸﾞﾛﾄﾝ"},
{"usage": "city", "name": "ｹｰﾘｰﾌﾟﾗﾝﾃｰｼｮﾝ"},
{"usage": "city", "name": "ｹﾝｼﾞﾝﾄﾝ"},
{"usage": "city", "name": "ｹﾝﾀﾞｽｷﾝｸﾞ"},
{"usage": "city", "name": "ｹﾝﾄ"},
{"usage": "city", "name": "ｹﾝﾈﾊﾞﾝｸ"},
{"usage": "city", "name": "ｹﾝﾈﾊﾞﾝｸﾎﾟｰﾄ"},
{"usage": "city", "name": "ｹﾝﾌﾞﾘｯｼﾞ"},
{"usage": "city", "name": "ｺｯﾃﾞｨﾋﾞﾙﾌﾟﾗﾝﾃｰｼｮﾝ"},
{"usage": "city", "name": "ｺｰﾆｯｼｭ"},
{"usage": "city", "name": "ｺｰﾊｾｯﾄ"},
{"usage": "city", "name": "ｺｰﾙﾌﾞﾙｯｸ"},
{"usage": "city", "name": "ｺｰﾝｳｫｰﾙ"},
{"usage": "city", "name": "ｺｰﾝﾋﾞﾙ"},
{"usage": "city", "name": "ｺﾅｰ"},
{"usage": "city", "name": "ｺﾌﾟﾘﾝﾌﾟﾗﾝﾃｰｼｮﾝ"},
{"usage": "city", "name": "ｺﾍﾞﾝﾄﾘｰ"},
{"usage": "city", "name": "ｺﾘﾅｰ"},
{"usage": "city", "name": "ｺﾘﾝﾄﾝ"},
{"usage": "city", "name": "ｺﾙﾁｪｽﾀｰ"},
{"usage": "city", "name": "ｺﾙﾗｲﾝ"},
{"usage": "city", "name": "ｺﾛﾝﾋﾞｱ"},
{"usage": "city", "name": "ｺﾛﾝﾋﾞｱﾌｫｰﾙｽﾞ"},
{"usage": "city", "name": "ｺﾝｳｪｲ"},
{"usage": "city", "name": "ｺﾝｺｰﾄﾞ"},
{"usage": "city", "name": "ｺﾞｰｼｪﾝ"},
{"usage": "city", "name": "ｺﾞｰﾗﾑ"},
{"usage": "city", "name": "ｺﾞｽﾉｰﾙﾄﾞ"},
{"usage": "city", "name": "ｺﾞﾌｽﾀｳﾝ"},
{"usage": "city", "name": "ｻｯﾄﾝ"},
{"usage": "city", "name": "ｻｰﾘｰ"},
{"usage": "city", "name": "ｻｳｻﾝﾌﾟﾄﾝ"},
{"usage": "city", "name": "ｻｳｽｳｨﾝｻﾞｰ"},
{"usage": "city", "name": "ｻｳｽｳｲｯｸ"},
{"usage": "city", "name": "ｻｳｽｳｴｽﾄﾊｰﾊﾞｰ"},
{"usage": "city", "name": "ｻｳｽｷﾝｸﾞｽﾀｳﾝ"},
{"usage": "city", "name": "ｻｳｽﾄｰﾏｽﾄﾝ"},
{"usage": "city", "name": "ｻｳｽﾊﾄﾞﾘｰ"},
{"usage": "city", "name": "ｻｳｽﾊﾝﾌﾟﾄﾝ"},
{"usage": "city", "name": "ｻｳｽﾊﾞｰﾘﾝﾄﾝ"},
{"usage": "city", "name": "ｻｳｽﾋｰﾛｰ"},
{"usage": "city", "name": "ｻｳｽﾌﾞﾘｯｼﾞ"},
{"usage": "city", "name": "ｻｳｽﾌﾞﾘｽﾄﾙ"},
{"usage": "city", "name": "ｻｳｽﾍﾞﾘｯｸ"},
{"usage": "city", "name": "ｻｳｽﾍﾞﾘｰ"},
{"usage": "city", "name": "ｻｳｽﾎﾞﾛｰ"},
{"usage": "city", "name": "ｻｳｽﾎﾟｰﾄ"},
{"usage": "city", "name": "ｻｳｽﾎﾟｰﾄﾗﾝﾄﾞ"},
{"usage": "city", "name": "ｻｳﾞｧｱ"},
{"usage": "city", "name": "ｻｼﾞﾝﾄﾝ"},
{"usage": "city", "name": "ｻﾄﾞﾍﾞﾘｰ"},
{"usage": "city", "name": "ｻﾊﾞｯﾀｽ"},
{"usage": "city", "name": "ｻﾌｨｰﾙﾄﾞ"},
{"usage": "city", "name": "ｻﾏｰｽﾞ"},
{"usage": "city", "name": "ｻﾏｰｽﾞﾜｰｽ"},
{"usage": "city", "name": "ｻﾏｰﾋﾞﾙ"},
{"usage": "city", "name": "ｻﾏｾｯﾄ"},
{"usage": "city", "name": "ｻﾑﾅｰ"},
{"usage": "city", "name": "ｻﾘｰ"},
{"usage": "city", "name": "ｻﾘﾊﾞﾝ"},
{"usage": "city", "name": "ｻﾝｶﾞｰﾋﾞﾙ"},
{"usage": "city", "name": "ｻﾝﾀﾞｰﾗﾝﾄﾞ"},
{"usage": "city", "name": "ｻﾝﾀﾞｳﾝ"},
{"usage": "city", "name": "ｻﾝﾃﾞｨｽﾌｨｰﾙﾄﾞ"},
{"usage": "city", "name": "ｻﾝﾃﾞｨﾘﾊﾞｰﾌﾟﾗﾝﾃｰｼｮﾝ"},
{"usage": "city", "name": "ｻﾝﾄﾞｲｯﾁ"},
{"usage": "city", "name": "ｻﾝﾄﾞｹﾞｰﾄ"},
{"usage": "city", "name": "ｻﾝﾌｫｰﾄﾞ"},
{"usage": "city", "name": "ｻﾝﾎﾞｰﾝﾄﾝ"},
{"usage": "city", "name": "ｻﾞ･ﾌｫｰｸｽ"},
{"usage": "city", "name": "ｼｪﾌｨｰﾙﾄﾞ"},
{"usage": "city", "name": "ｼｪﾙﾄﾝ"},
{"usage": "city", "name": "ｼｪﾙﾄﾞﾝ"},
{"usage": "city", "name": "ｼｪﾙﾊﾞｰﾝ"},
{"usage": "city", "name": "ｼｬｯﾌﾟﾚｲ"},
{"usage": "city", "name": "ｼｬｰﾊﾞｰﾝ"},
{"usage": "city", "name": "ｼｬｰﾏﾝ"},
{"usage": "city", "name": "ｼｬｰﾘｰ"},
{"usage": "city", "name": "ｼｬｰﾛｯﾄ"},
{"usage": "city", "name": "ｼｬﾌﾄｽﾍﾞﾘｰ"},
{"usage": "city", "name": "ｼｬﾛﾝ"},
{"usage": "city", "name": "ｼｭｰﾂﾍﾞﾘｰ"},
{"usage": "city", "name": "ｼｭｶﾞｰﾋﾙ"},
{"usage": "city", "name": "ｼｭﾙｰｽﾞﾍﾞﾘｰ"},
{"usage": "city", "name": "ｼｮｰﾊﾑ"},
{"usage": "city", "name": "ｼｮｰﾝｽﾞﾊﾞﾗ"},
{"usage": "city", "name": "ｼｮｰﾝｽﾞﾎﾟｰﾄ"},
{"usage": "city", "name": "ｼｰｺﾝｸ"},
{"usage": "city", "name": "ｼｰﾌﾞﾙｯｸ"},
{"usage": "city", "name": "ｼｰﾓｱ"},
{"usage": "city", "name": "ｼｰﾙﾌﾟﾗﾝﾃｰｼｮﾝ"},
{"usage": "city", "name": "ｼｱｽﾊﾞｰｸﾞ"},
{"usage": "city", "name": "ｼｱｽﾎﾟｰﾄ"},
{"usage": "city", "name": "ｼｱｽﾓﾝﾄ"},
{"usage": "city", "name": "ｼﾁｭｴｰﾄ"},
{"usage": "city", "name": "ｼﾄﾞﾆｰ"},
{"usage": "city", "name": "ｼﾋﾞｸﾞｱｲﾗﾝﾄﾞ"},
{"usage": "city", "name": "ｼﾑｽﾞﾍﾞﾘｰ"},
{"usage": "city", "name": "ｼﾞｪｲ"},
{"usage": "city", "name": "ｼﾞｪｲﾑｽﾞﾀｳﾝ"},
{"usage": "city", "name": "ｼﾞｪﾌｧｰｿﾝ"},
{"usage": "city", "name": "ｼﾞｬｯｸﾏﾝ"},
{"usage": "city", "name": "ｼﾞｬｸｿﾝ"},
{"usage": "city", "name": "ｼﾞｬﾌﾘｰ"},
{"usage": "city", "name": "ｼﾞｬﾏｲｶ"},
{"usage": "city", "name": "ｼﾞｮｰｼﾞｱ"},
{"usage": "city", "name": "ｼﾞｮｰｼﾞﾀｳﾝ"},
{"usage": "city", "name": "ｼﾞｮﾝｽﾄﾝ"},
{"usage": "city", "name": "ｼﾞｮﾝｿﾝ"},
{"usage": "city", "name": "ｽｳｪｰﾃﾞﾝ"},
{"usage": "city", "name": "ｽｳｫﾝｼﾞ"},
{"usage": "city", "name": "ｽｶﾎﾞﾛｰ"},
{"usage": "city", "name": "ｽｺｯﾄﾗﾝﾄﾞ"},
{"usage": "city", "name": "ｽｺｰﾋｶﾞﾝ"},
{"usage": "city", "name": "ｽﾀｯﾀﾞｰﾄﾞ"},
{"usage": "city", "name": "ｽﾀｯﾌｫｰﾄﾞ"},
{"usage": "city", "name": "ｽﾀｰｸ"},
{"usage": "city", "name": "ｽﾀｰｸｽ"},
{"usage": "city", "name": "ｽﾀｰｸｽﾎﾞﾛｰ"},
{"usage": "city", "name": "ｽﾀｰﾌﾞﾘｯｼﾞ"},
{"usage": "city", "name": "ｽﾀｰﾘﾝｸﾞ"},
{"usage": "city", "name": "ｽﾀﾅｰﾄﾞ"},
{"usage": "city", "name": "ｽﾀﾝﾃﾞｨｯｼｭ"},
{"usage": "city", "name": "ｽﾀﾝﾌｫｰﾄﾞ"},
{"usage": "city", "name": "ｽﾁｭｰﾍﾞﾝ"},
{"usage": "city", "name": "ｽﾁｭﾜｰﾂﾀｳﾝ"},
{"usage": "city", "name": "ｽﾃｯﾄｿﾝ"},
{"usage": "city", "name": "ｽﾃｲｼｰﾋﾞﾙ"},
{"usage": "city", "name": "ｽﾄｯｸﾄﾝｽﾌﾟﾘﾝｸﾞｽ"},
{"usage": "city", "name": "ｽﾄｯｸﾌﾞﾘｯｼﾞ"},
{"usage": "city", "name": "ｽﾄｯｸﾎﾙﾑ"},
{"usage": "city", "name": "ｽﾄｰ"},
{"usage": "city", "name": "ｽﾄｰﾄﾝ"},
{"usage": "city", "name": "ｽﾄｰﾅﾑ"},
{"usage": "city", "name": "ｽﾄｳ"},
{"usage": "city", "name": "ｽﾄﾆﾝﾄﾝ"},
{"usage": "city", "name": "ｽﾄﾗｯﾄﾝ"},
{"usage": "city", "name": "ｽﾄﾗｯﾌｫｰﾄﾞ"},
{"usage": "city", "name": "ｽﾄﾗｻﾑ"},
{"usage": "city", "name": "ｽﾄﾗﾄﾌｫｰﾄﾞ"},
{"usage": "city", "name": "ｽﾄﾛﾝｸﾞ"},
{"usage": "city", "name": "ｽﾅﾋﾟｰ"},
{"usage": "city", "name": "ｽﾋﾟﾛｰｸﾞ"},
{"usage": "city", "name": "ｽﾌﾟﾘﾝｸﾞﾌｨｰﾙﾄﾞ"},
{"usage": "city", "name": "ｽﾍﾟﾝｻｰ"},
{"usage": "city", "name": "ｽﾐｭﾙﾅ"},
{"usage": "city", "name": "ｽﾐｽﾌｨｰﾙﾄﾞ"},
{"usage": "city", "name": "ｽﾜﾝｼﾞｰ"},
{"usage": "city", "name": "ｽﾜﾝｽﾞｱｲﾗﾝﾄﾞ"},
{"usage": "city", "name": "ｽﾜﾝﾄﾝ"},
{"usage": "city", "name": "ｽﾜﾝﾋﾞﾙ"},
{"usage": "city", "name": "ｽﾜﾝﾌﾟｽｺｯﾄ"},
{"usage": "city", "name": "ｾｯﾄﾌｫｰﾄﾞ"},
{"usage": "city", "name": "ｾｰﾗﾑ"},
{"usage": "city", "name": "ｾｲﾝﾄｼﾞｮﾝﾌﾟﾗﾝﾃｰｼｮﾝ"},
{"usage": "city", "name": "ｾｼﾞｳｨｯｸ"},
{"usage": "city", "name": "ｾﾊﾞｺﾞ"},
{"usage": "city", "name": "ｾﾍﾞｯｸ"},
{"usage": "city", "name": "ｾﾎﾞｲｽﾞﾌﾟﾗﾝﾃｰｼｮﾝ"},
{"usage": "city", "name": "ｾﾝﾀｰﾊｰﾊﾞｰ"},
{"usage": "city", "name": "ｾﾝﾀｰﾋﾞﾙ"},
{"usage": "city", "name": "ｾﾝﾄｱｶﾞｻ"},
{"usage": "city", "name": "ｾﾝﾄｱﾙﾊﾞﾝｽ"},
{"usage": "city", "name": "ｾﾝﾄｼﾞｮｰｼﾞ"},
{"usage": "city", "name": "ｾﾝﾄｼﾞｮﾝｽﾞﾍﾞﾘｰ"},
{"usage": "city", "name": "ｾﾝﾄﾌﾗﾝｼｽ"},
{"usage": "city", "name": "ｾﾝﾄﾗﾙﾌｫｰﾙｽ"},
{"usage": "city", "name": "ｿｰｶﾞｽ"},
{"usage": "city", "name": "ｿｰｺ"},
{"usage": "city", "name": "ｿｰﾙｽﾞﾍﾞﾘｰ"},
{"usage": "city", "name": "ｿｰﾝﾀﾞｲｸ"},
{"usage": "city", "name": "ｿｰﾝﾄﾝ"},
{"usage": "city", "name": "ｿﾚﾝﾄ"},
{"usage": "city", "name": "ｿﾛﾝ"},
{"usage": "city", "name": "ﾀｰﾅｰ"},
{"usage": "city", "name": "ﾀｰﾗﾝﾄﾞ"},
{"usage": "city", "name": "ﾀｳﾝｾﾞﾝﾄ"},
{"usage": "city", "name": "ﾀｳﾝｾﾞﾝﾄﾞ"},
{"usage": "city", "name": "ﾀｳﾝﾄﾝ"},
{"usage": "city", "name": "ﾀﾌﾄﾝﾎﾞﾛｰ"},
{"usage": "city", "name": "ﾀﾑﾜｰｽ"},
{"usage": "city", "name": "ﾀﾙﾏｯｼﾞ"},
{"usage": "city", "name": "ﾀﾝﾌﾞﾘｯｼﾞ"},
{"usage": "city", "name": "ﾀﾞｯﾄﾞﾘｰ"},
{"usage": "city", "name": "ﾀﾞｰﾄﾏｽ"},
{"usage": "city", "name": "ﾀﾞｰﾋﾞｰ"},
{"usage": "city", "name": "ﾀﾞｲｱｰﾌﾞﾙｯｸ"},
{"usage": "city", "name": "ﾀﾞｲﾄﾝ"},
{"usage": "city", "name": "ﾀﾞｸｽﾊﾞﾘ"},
{"usage": "city", "name": "ﾀﾞｸﾞﾗｽ"},
{"usage": "city", "name": "ﾀﾞﾌﾞﾘﾝ"},
{"usage": "city", "name": "ﾀﾞﾏｰ"},
{"usage": "city", "name": "ﾀﾞﾏｰｽﾄﾝ"},
{"usage": "city", "name": "ﾀﾞﾏﾘｽｺｯﾀ"},
{"usage": "city", "name": "ﾀﾞﾗｽﾌﾟﾗﾝﾃｰｼｮﾝ"},
{"usage": "city", "name": "ﾀﾞﾗﾑ"},
{"usage": "city", "name": "ﾀﾞﾙﾄﾝ"},
{"usage": "city", "name": "ﾀﾞﾝｽﾀﾌﾞﾙ"},
{"usage": "city", "name": "ﾀﾞﾝﾊﾞｰｽ"},
{"usage": "city", "name": "ﾀﾞﾝﾊﾞｰﾄﾝ"},
{"usage": "city", "name": "ﾀﾞﾝﾋﾞｰ"},
{"usage": "city", "name": "ﾀﾞﾝﾋﾞﾙ"},
{"usage": "city", "name": "ﾀﾞﾝﾌｫｰｽ"},
{"usage": "city", "name": "ﾀﾞﾝﾍﾞﾘｰ"},
{"usage": "city", "name": "ﾁｪｼｬｰ"},
{"usage": "city", "name": "ﾁｪｽﾀｰ"},
{"usage": "city", "name": "ﾁｪｽﾀｰﾋﾞﾙ"},
{"usage": "city", "name": "ﾁｪｽﾀｰﾌｨｰﾙﾄﾞ"},
{"usage": "city", "name": "ﾁｪﾘｰﾌｨｰﾙﾄﾞ"},
{"usage": "city", "name": "ﾁｪﾙｼｰ"},
{"usage": "city", "name": "ﾁｪﾙﾑｽﾞﾌｫｰﾄﾞ"},
{"usage": "city", "name": "ﾁｬｯﾌﾟﾏﾝ"},
{"usage": "city", "name": "ﾁｬｯﾌﾟﾘﾝ"},
{"usage": "city", "name": "ﾁｬｰﾙｽﾀｳﾝ"},
{"usage": "city", "name": "ﾁｬｰﾙｽﾄﾝ"},
{"usage": "city", "name": "ﾁｬｰﾙﾄﾝ"},
{"usage": "city", "name": "ﾁｬｰﾚﾓﾝﾄ"},
{"usage": "city", "name": "ﾁｬｲﾅ"},
{"usage": "city", "name": "ﾁｬﾀﾑ"},
{"usage": "city", "name": "ﾁｯﾃﾝﾃﾞﾝ"},
{"usage": "city", "name": "ﾁｺﾋﾟｰ"},
{"usage": "city", "name": "ﾁﾁｪｽﾀｰ"},
{"usage": "city", "name": "ﾁﾙﾏｰｸ"},
{"usage": "city", "name": "ﾃｨｽﾍﾞﾘｰ"},
{"usage": "city", "name": "ﾃｨﾘﾝｸﾞﾊﾑ"},
{"usage": "city", "name": "ﾃｨﾙﾄﾝ"},
{"usage": "city", "name": "ﾃｨﾝｸﾞｽﾎﾞﾛｰ"},
{"usage": "city", "name": "ﾃｨﾝﾏｳｽ"},
{"usage": "city", "name": "ﾃｭｰｸｽﾍﾞﾘｰ"},
{"usage": "city", "name": "ﾃﾝﾌﾟﾙ"},
{"usage": "city", "name": "ﾃﾝﾌﾟﾙﾄﾝ"},
{"usage": "city", "name": "ﾃﾞｨｯｸｽﾌｨｰﾙﾄﾞ"},
{"usage": "city", "name": "ﾃﾞｨｯｸｽﾓﾝﾄ"},
{"usage": "city", "name": "ﾃﾞｨｰﾌﾟﾘﾊﾞｰ"},
{"usage": "city", "name": "ﾃﾞｨｰﾘﾝｸﾞ"},
{"usage": "city", "name": "ﾃﾞｨｱｱｲﾙ"},
{"usage": "city", "name": "ﾃﾞｨｱﾌｨｰﾙﾄﾞ"},
{"usage": "city", "name": "ﾃﾞｯﾀﾞﾑ"},
{"usage": "city", "name": "ﾃﾞｲﾄﾝ"},
{"usage": "city", "name": "ﾃﾞｸｽﾀｰ"},
{"usage": "city", "name": "ﾃﾞﾄﾛｲﾄ"},
{"usage": "city", "name": "ﾃﾞﾆｰｽﾞﾋﾞﾙ"},
{"usage": "city", "name": "ﾃﾞﾆｽ"},
{"usage": "city", "name": "ﾃﾞﾆｽﾀｳﾝ"},
{"usage": "city", "name": "ﾃﾞﾌﾞﾙｰ"},
{"usage": "city", "name": "ﾃﾞﾘｰ"},
{"usage": "city", "name": "ﾃﾞﾘｴﾝ"},
{"usage": "city", "name": "ﾃﾞﾝﾏｰｸ"},
{"usage": "city", "name": "ﾄｩﾙｰﾛ"},
{"usage": "city", "name": "ﾄｯﾌﾟｽﾊﾑ"},
{"usage": "city", "name": "ﾄｯﾌﾟｽﾌｨｰﾙﾄﾞ"},
{"usage": "city", "name": "ﾄｰﾏｽﾄﾝ"},
{"usage": "city", "name": "ﾄﾗﾝﾊﾞﾙ"},
{"usage": "city", "name": "ﾄﾘﾝﾄﾝ"},
{"usage": "city", "name": "ﾄﾚｽｺｯﾄ"},
{"usage": "city", "name": "ﾄﾚﾓﾝﾄ"},
{"usage": "city", "name": "ﾄﾚﾝﾄﾝ"},
{"usage": "city", "name": "ﾄﾛｲ"},
{"usage": "city", "name": "ﾄﾝﾌﾟｿﾝ"},
{"usage": "city", "name": "ﾄﾞｰｾｯﾄ"},
{"usage": "city", "name": "ﾄﾞｰﾁｪｽﾀｰ"},
{"usage": "city", "name": "ﾄﾞｰﾊﾞｰ"},
{"usage": "city", "name": "ﾄﾞｰﾊﾞｰﾌｫｯｸｽｸﾛﾌﾄ"},
{"usage": "city", "name": "ﾄﾞﾗｶｯﾄ"},
{"usage": "city", "name": "ﾄﾞﾘｭｰﾌﾟﾗﾝﾃｰｼｮﾝ"},
{"usage": "city", "name": "ﾄﾞﾚｽﾃﾞﾝ"},
{"usage": "city", "name": "ﾅｯｼｭﾋﾞﾙﾌﾟﾗﾝﾃｰｼｮﾝ"},
{"usage": "city", "name": "ﾅｼｭｱ"},
{"usage": "city", "name": "ﾅﾃｨｯｸ"},
{"usage": "city", "name": "ﾅﾊﾝﾄ"},
{"usage": "city", "name": "ﾅﾎﾟﾘ"},
{"usage": "city", "name": "ﾅﾗｶﾞﾝｾｯﾄ"},
{"usage": "city", "name": "ﾅﾝﾀｹｯﾄ"},
{"usage": "city", "name": "ﾆｭｰｱｯｼｭﾌｫｰﾄﾞ"},
{"usage": "city", "name": "ﾆｭｰｱｰｸ"},
{"usage": "city", "name": "ﾆｭｰｲﾌﾟｽｳｨｯﾁ"},
{"usage": "city", "name": "ﾆｭｰｲﾝｸﾞﾄﾝ"},
{"usage": "city", "name": "ﾆｭｰｶｯｽﾙ"},
{"usage": "city", "name": "ﾆｭｰｶﾅﾀﾞ"},
{"usage": "city", "name": "ﾆｭｰｶﾅﾝ"},
{"usage": "city", "name": "ﾆｭｰｷｬｯｽﾙ"},
{"usage": "city", "name": "ﾆｭｰｸﾞﾛｽﾀｰ"},
{"usage": "city", "name": "ﾆｭｰｼｬﾛﾝ"},
{"usage": "city", "name": "ﾆｭｰｼｮｰﾊﾑ"},
{"usage": "city", "name": "ﾆｭｰｽｳｪｰﾃﾞﾝ"},
{"usage": "city", "name": "ﾆｭｰｾｰﾗﾑ"},
{"usage": "city", "name": "ﾆｭｰﾀｳﾝ"},
{"usage": "city", "name": "ﾆｭｰﾀﾞﾗﾑ"},
{"usage": "city", "name": "ﾆｭｰﾄﾝ"},
{"usage": "city", "name": "ﾆｭｰﾊｰﾄﾌｫｰﾄﾞ"},
{"usage": "city", "name": "ﾆｭｰﾊﾝﾌﾟﾄﾝ"},
{"usage": "city", "name": "ﾆｭｰﾊﾞｲﾝﾔｰﾄﾞ"},
{"usage": "city", "name": "ﾆｭｰﾊﾞﾗｰ"},
{"usage": "city", "name": "ﾆｭｰﾌｨｰﾙｽﾞ"},
{"usage": "city", "name": "ﾆｭｰﾌｨｰﾙﾄﾞ"},
{"usage": "city", "name": "ﾆｭｰﾌｪｱﾌｨｰﾙﾄﾞ"},
{"usage": "city", "name": "ﾆｭｰﾌｪｲﾝ"},
{"usage": "city", "name": "ﾆｭｰﾌﾞﾘﾃﾝ"},
{"usage": "city", "name": "ﾆｭｰﾌﾞﾚｲﾝﾂﾘｰ"},
{"usage": "city", "name": "ﾆｭｰﾍﾌﾞﾝ"},
{"usage": "city", "name": "ﾆｭｰﾍﾞｯﾄﾞﾌｫｰﾄﾞ"},
{"usage": "city", "name": "ﾆｭｰﾍﾞﾘｰ"},
{"usage": "city", "name": "ﾆｭｰﾍﾞﾘｰﾎﾟｰﾄ"},
{"usage": "city", "name": "ﾆｭｰﾎﾞｽﾄﾝ"},
{"usage": "city", "name": "ﾆｭｰﾎﾟｰﾄ"},
{"usage": "city", "name": "ﾆｭｰﾎﾟｰﾄﾗﾝﾄﾞ"},
{"usage": "city", "name": "ﾆｭｰﾏｰｹｯﾄ"},
{"usage": "city", "name": "ﾆｭｰﾏｰﾙﾎﾞﾛｰ"},
{"usage": "city", "name": "ﾆｭｰﾐﾙﾌｫｰﾄﾞ"},
{"usage": "city", "name": "ﾆｭｰﾘﾒﾘｯｸ"},
{"usage": "city", "name": "ﾆｭｰﾛﾝﾄﾞﾝ"},
{"usage": "city", "name": "ﾆｭｱﾘｰ"},
{"usage": "city", "name": "ﾆｰﾀﾞﾑ"},
{"usage": "city", "name": "ﾈﾙｿﾝ"},
{"usage": "city", "name": "ﾉｯｸｽ"},
{"usage": "city", "name": "ﾉｯﾃｨﾝｶﾞﾑ"},
{"usage": "city", "name": "ﾉｰｳｪｲ"},
{"usage": "city", "name": "ﾉｰｳｪﾙ"},
{"usage": "city", "name": "ﾉｰｳｫｰｸ"},
{"usage": "city", "name": "ﾉｰｳｯﾄﾞ"},
{"usage": "city", "name": "ﾉｰｶﾞﾀｯｸ"},
{"usage": "city", "name": "ﾉｰｻﾝﾊﾞｰﾗﾝﾄﾞ"},
{"usage": "city", "name": "ﾉｰｻﾝﾌﾟﾄﾝ"},
{"usage": "city", "name": "ﾉｰｽｱﾀﾞﾑｽ"},
{"usage": "city", "name": "ﾉｰｽｱﾁﾙﾎﾞﾛ"},
{"usage": "city", "name": "ﾉｰｽｱﾝﾄﾞｰﾊﾞｰ"},
{"usage": "city", "name": "ﾉｰｽｳｯﾄﾞ"},
{"usage": "city", "name": "ﾉｰｽｶﾅﾝ"},
{"usage": "city", "name": "ﾉｰｽｷﾝｸﾞｽﾀｳﾝ"},
{"usage": "city", "name": "ﾉｰｽｽﾄﾆﾝﾄﾝ"},
{"usage": "city", "name": "ﾉｰｽｽﾐｽﾌｨｰﾙﾄﾞ"},
{"usage": "city", "name": "ﾉｰｽﾊﾝﾌﾟﾄﾝ"},
{"usage": "city", "name": "ﾉｰｽﾋｰﾛｰ"},
{"usage": "city", "name": "ﾉｰｽﾌｨｰﾙﾄﾞ"},
{"usage": "city", "name": "ﾉｰｽﾌﾞﾗﾝﾌｫｰﾄﾞ"},
{"usage": "city", "name": "ﾉｰｽﾌﾞﾘｯｼﾞ"},
{"usage": "city", "name": "ﾉｰｽﾌﾞﾙｯｸﾌｨｰﾙﾄﾞ"},
{"usage": "city", "name": "ﾉｰｽﾌﾟﾛﾋﾞﾃﾞﾝｽ"},
{"usage": "city", "name": "ﾉｰｽﾍﾌﾞﾝ"},
{"usage": "city", "name": "ﾉｰｽﾍﾞﾘｯｸ"},
{"usage": "city", "name": "ﾉｰｽﾎﾞﾛｰ"},
{"usage": "city", "name": "ﾉｰｽﾎﾟｰﾄ"},
{"usage": "city", "name": "ﾉｰｽﾔｰﾏｽ"},
{"usage": "city", "name": "ﾉｰｽﾘｰﾃﾞｨﾝｸﾞ"},
{"usage": "city", "name": "ﾉｰﾄﾝ"},
{"usage": "city", "name": "ﾉｰﾌｫｰｸ"},
{"usage": "city", "name": "ﾉｰﾌﾞﾙﾎﾞﾛｰ"},
{"usage": "city", "name": "ﾉﾘｯｼﾞ"},
{"usage": "city", "name": "ﾉﾘｯｼﾞｳｫｯｸ"},
{"usage": "city", "name": "ﾊｯﾀﾞﾑ"},
{"usage": "city", "name": "ﾊｯﾊﾞｰﾄﾝ"},
{"usage": "city", "name": "ﾊｯﾊﾞｰﾄﾞｿﾝ"},
{"usage": "city", "name": "ﾊｰｳｨｯﾁ"},
{"usage": "city", "name": "ﾊｰｳｨﾝﾄﾝ"},
{"usage": "city", "name": "ﾊｰｼｰ"},
{"usage": "city", "name": "ﾊｰﾄﾌｫｰﾄﾞ"},
{"usage": "city", "name": "ﾊｰﾄﾗﾝﾄﾞ"},
{"usage": "city", "name": "ﾊｰﾄﾛｹｰｼｮﾝ"},
{"usage": "city", "name": "ﾊｰﾄﾞｳｨｯｸ"},
{"usage": "city", "name": "ﾊｰﾊﾞｰﾄﾞ"},
{"usage": "city", "name": "ﾊｰﾌﾟｽｳｪﾙ"},
{"usage": "city", "name": "ﾊｰﾓﾆｰ"},
{"usage": "city", "name": "ﾊｰﾓﾝ"},
{"usage": "city", "name": "ﾊｲｹﾞｰﾄ"},
{"usage": "city", "name": "ﾊｲﾄﾞﾊﾟｰｸ"},
{"usage": "city", "name": "ﾊｲﾗﾑ"},
{"usage": "city", "name": "ﾊｲﾗﾝﾄﾞﾌﾟﾗﾝﾃｰｼｮﾝ"},
{"usage": "city", "name": "ﾊｲﾝｽﾞﾊﾞｰｸﾞ"},
{"usage": "city", "name": "ﾊｳﾗﾝﾄﾞ"},
{"usage": "city", "name": "ﾊｳﾞｧｰﾋﾙ"},
{"usage": "city", "name": "ﾊｼﾞﾄﾞﾝ"},
{"usage": "city", "name": "ﾊﾄﾌｨｰﾙﾄﾞ"},
{"usage": "city", "name": "ﾊﾄﾞｿﾝ"},
{"usage": "city", "name": "ﾊﾄﾞﾘｰ"},
{"usage": "city", "name": "ﾊﾉｰﾊﾞｰ"},
{"usage": "city", "name": "ﾊﾐﾙﾄﾝ"},
{"usage": "city", "name": "ﾊﾑｽﾃｯﾄﾞ"},
{"usage": "city", "name": "ﾊﾑﾃﾞﾝ"},
{"usage": "city", "name": "ﾊﾑﾘﾝ"},
{"usage": "city", "name": "ﾊﾓﾝﾄﾞ"},
{"usage": "city", "name": "ﾊﾘｹｰﾝｱｲﾙ"},
{"usage": "city", "name": "ﾊﾘｽﾋﾞﾙ"},
{"usage": "city", "name": "ﾊﾘｿﾝ"},
{"usage": "city", "name": "ﾊﾘﾌｧｯｸｽ"},
{"usage": "city", "name": "ﾊﾘﾝﾄﾝ"},
{"usage": "city", "name": "ﾊﾙ"},
{"usage": "city", "name": "ﾊﾛｳｪﾙ"},
{"usage": "city", "name": "ﾊﾝｺｯｸ"},
{"usage": "city", "name": "ﾊﾝｿﾝ"},
{"usage": "city", "name": "ﾊﾝﾁﾝﾄﾝ"},
{"usage": "city", "name": "ﾊﾝﾌﾟﾃﾞﾝ"},
{"usage": "city", "name": "ﾊﾝﾌﾟﾄﾝ"},
{"usage": "city", "name": "ﾊﾝﾌﾟﾄﾝﾌｫｰﾙｽ"},
{"usage": "city", "name": "ﾊﾞｯｸｽﾎﾟｰﾄ"},
{"usage": "city", "name": "ﾊﾞｯｸﾌｨｰﾙﾄﾞ"},
{"usage": "city", "name": "ﾊﾞｯｸﾗﾝﾄﾞ"},
{"usage": "city", "name": "ﾊﾞｰｸ"},
{"usage": "city", "name": "ﾊﾞｰｸｼｬｰ"},
{"usage": "city", "name": "ﾊﾞｰｸﾊﾑｽﾃｯﾄﾞ"},
{"usage": "city", "name": "ﾊﾞｰｸﾘｰ"},
{"usage": "city", "name": "ﾊﾞｰｽ"},
{"usage": "city", "name": "ﾊﾞｰﾄﾚｯﾄ"},
{"usage": "city", "name": "ﾊﾞｰﾄﾝ"},
{"usage": "city", "name": "ﾊﾞｰﾅｰﾄﾞ"},
{"usage": "city", "name": "ﾊﾞｰﾅｰﾄﾞｽﾄﾝ"},
{"usage": "city", "name": "ﾊﾞｰﾅﾑ"},
{"usage": "city", "name": "ﾊﾞｰﾈｯﾄ"},
{"usage": "city", "name": "ﾊﾞｰﾊｰﾊﾞｰ"},
{"usage": "city", "name": "ﾊﾞｰﾘﾝﾄﾝ"},
{"usage": "city", "name": "ﾊﾞｰﾘﾝﾄﾝ"},
{"usage": "city", "name": "ﾊﾞｰﾝｽﾃｯﾄﾞ"},
{"usage": "city", "name": "ﾊﾞｰﾝｽﾃｰﾌﾞﾙ"},
{"usage": "city", "name": "ﾊﾞｲﾚｲﾋﾞﾙ"},
{"usage": "city", "name": "ﾊﾞｲﾛﾝ"},
{"usage": "city", "name": "ﾊﾞｳｱｰﾊﾞﾝｸ"},
{"usage": "city", "name": "ﾊﾞｸｽﾄﾝ"},
{"usage": "city", "name": "ﾊﾞﾘﾙﾋﾞﾙ"},
{"usage": "city", "name": "ﾊﾞﾚｰ"},
{"usage": "city", "name": "ﾊﾞﾝｸﾛﾌﾄ"},
{"usage": "city", "name": "ﾊﾞﾝｺﾞｰﾙ"},
{"usage": "city", "name": "ﾊﾟｯｻﾀﾞﾑｷﾝｸﾞ"},
{"usage": "city", "name": "ﾊﾟｯﾃﾝ"},
{"usage": "city", "name": "ﾊﾟｰｷﾝｽﾞ"},
{"usage": "city", "name": "ﾊﾟｰｸﾏﾝ"},
{"usage": "city", "name": "ﾊﾟｰｿﾝｽﾞﾌｨｰﾙﾄﾞ"},
{"usage": "city", "name": "ﾊﾟｰﾊﾑ"},
{"usage": "city", "name": "ﾊﾟｰﾏｰ"},
{"usage": "city", "name": "ﾊﾟｳﾙﾄﾆｰ"},
{"usage": "city", "name": "ﾊﾟｸｽﾄﾝ"},
{"usage": "city", "name": "ﾊﾟﾄﾅﾑ"},
{"usage": "city", "name": "ﾊﾟﾄﾆｰ"},
{"usage": "city", "name": "ﾊﾟﾘ"},
{"usage": "city", "name": "ﾊﾟﾙﾐﾗ"},
{"usage": "city", "name": "ﾊﾟﾚﾙﾓ"},
{"usage": "city", "name": "ﾊﾟﾝﾄﾝ"},
{"usage": "city", "name": "ﾋｰｽ"},
{"usage": "city", "name": "ﾋﾙ"},
{"usage": "city", "name": "ﾋﾙｽﾞﾎﾞﾛｳ"},
{"usage": "city", "name": "ﾋﾝｶﾞﾑ"},
{"usage": "city", "name": "ﾋﾝｽﾞﾃﾞｰﾙ"},
{"usage": "city", "name": "ﾋﾞｯﾃﾞﾌｫｰﾄﾞ"},
{"usage": "city", "name": "ﾋﾞｰｺﾝﾌｫｰﾙｽﾞ"},
{"usage": "city", "name": "ﾋﾞｰﾊﾞｰｺｰﾌﾞ"},
{"usage": "city", "name": "ﾋﾞｰﾙｽﾞ"},
{"usage": "city", "name": "ﾋﾞｸﾄﾘｰ"},
{"usage": "city", "name": "ﾋﾞﾊﾞﾘｰ"},
{"usage": "city", "name": "ﾋﾞﾙﾘｰｶ"},
{"usage": "city", "name": "ﾋﾞﾝｶﾞﾑ"},
{"usage": "city", "name": "ﾋﾟｯﾂﾄﾝ"},
{"usage": "city", "name": "ﾋﾟｯﾂﾊﾞｰｸﾞ"},
{"usage": "city", "name": "ﾋﾟｯﾂﾌｨｰﾙﾄﾞ"},
{"usage": "city", "name": "ﾋﾟｯﾂﾌｫｰﾄﾞ"},
{"usage": "city", "name": "ﾋﾟｰﾀｰｼｬﾑ"},
{"usage": "city", "name": "ﾋﾟｰﾀｰﾎﾞﾛ"},
{"usage": "city", "name": "ﾋﾟｰﾁｧﾑ"},
{"usage": "city", "name": "ﾋﾟｰﾎﾞﾃﾞｨ"},
{"usage": "city", "name": "ﾋﾟｱﾓﾝﾄ"},
{"usage": "city", "name": "ﾌｧｰﾐﾝｸﾞﾃﾞｰﾙ"},
{"usage": "city", "name": "ﾌｧｰﾐﾝﾄﾝ"},
{"usage": "city", "name": "ﾌｧｲｴｯﾄ"},
{"usage": "city", "name": "ﾌｧﾙﾏｽ"},
{"usage": "city", "name": "ﾌｨｯﾁﾊﾞｰｸﾞ"},
{"usage": "city", "name": "ﾌｨｯﾂｳｨﾘｱﾑ"},
{"usage": "city", "name": "ﾌｨｯﾌﾟｽﾊﾞｰｸﾞ"},
{"usage": "city", "name": "ﾌｨﾘｯﾌﾟｽ"},
{"usage": "city", "name": "ﾌｨﾘｯﾌﾟｽﾄﾝ"},
{"usage": "city", "name": "ﾌｪｱﾌｧｸｽ"},
{"usage": "city", "name": "ﾌｪｱﾌｨｰﾙﾄﾞ"},
{"usage": "city", "name": "ﾌｪｱﾍｳﾞﾝ"},
{"usage": "city", "name": "ﾌｪｱﾍﾌﾞﾝ"},
{"usage": "city", "name": "ﾌｪｱﾘｰ"},
{"usage": "city", "name": "ﾌｪｲｽﾄﾝ"},
{"usage": "city", "name": "ﾌｪﾘｽﾊﾞｰｸﾞ"},
{"usage": "city", "name": "ﾌｫｯｸｽﾎﾞﾛ"},
{"usage": "city", "name": "ﾌｫｰﾄｹﾝﾄ"},
{"usage": "city", "name": "ﾌｫｰﾄﾌｪｱﾌｨｰﾙﾄﾞ"},
{"usage": "city", "name": "ﾌｫｰﾏｰﾀｳﾝ"},
{"usage": "city", "name": "ﾌｫｰﾙﾘﾊﾞｰ"},
{"usage": "city", "name": "ﾌｫｽﾀｰ"},
{"usage": "city", "name": "ﾌｫﾚｽﾄｼﾃｨ"},
{"usage": "city", "name": "ﾌﾗｲｱｲﾗﾝﾄﾞ"},
{"usage": "city", "name": "ﾌﾗｲﾌﾞﾙｸﾞ"},
{"usage": "city", "name": "ﾌﾗﾐﾝｶﾞﾑ"},
{"usage": "city", "name": "ﾌﾗﾝｸﾌｫｰﾄ"},
{"usage": "city", "name": "ﾌﾗﾝｸﾘﾝ"},
{"usage": "city", "name": "ﾌﾗﾝｹﾝ"},
{"usage": "city", "name": "ﾌﾗﾝｽﾄｰﾝ"},
{"usage": "city", "name": "ﾌﾘｰﾀｳﾝ"},
{"usage": "city", "name": "ﾌﾘｰﾀﾞﾑ"},
{"usage": "city", "name": "ﾌﾘｰﾎﾟｰﾄ"},
{"usage": "city", "name": "ﾌﾘｰﾏﾝ"},
{"usage": "city", "name": "ﾌﾘｰﾓﾝﾄ"},
{"usage": "city", "name": "ﾌﾚｯﾁｬｰ"},
{"usage": "city", "name": "ﾌﾚﾝﾁﾋﾞﾙ"},
{"usage": "city", "name": "ﾌﾚﾝﾄﾞｼｯﾌﾟ"},
{"usage": "city", "name": "ﾌﾛﾘﾀﾞ"},
{"usage": "city", "name": "ﾌﾞｰｽﾍﾞｲ"},
{"usage": "city", "name": "ﾌﾞｰｽﾍﾞｲﾊｰﾊﾞｰ"},
{"usage": "city", "name": "ﾌﾞﾗｯｸｽﾄｰﾝ"},
{"usage": "city", "name": "ﾌﾞﾗｯﾄﾚﾎﾞｰﾛｰ"},
{"usage": "city", "name": "ﾌﾞﾗｯﾄﾞﾌｫｰﾄﾞ"},
{"usage": "city", "name": "ﾌﾞﾗｯﾄﾞﾘｰ"},
{"usage": "city", "name": "ﾌﾞﾗｲﾄﾝ"},
{"usage": "city", "name": "ﾌﾞﾗｲﾄﾝﾌﾟﾗﾝﾃｰｼｮﾝ"},
{"usage": "city", "name": "ﾌﾞﾗｳﾆﾝｸﾞﾄﾝ"},
{"usage": "city", "name": "ﾌﾞﾗｳﾝﾋﾞﾙ"},
{"usage": "city", "name": "ﾌﾞﾗｳﾝﾌｨｰﾙﾄﾞ"},
{"usage": "city", "name": "ﾌﾞﾗﾝｼｬｰﾙ"},
{"usage": "city", "name": "ﾌﾞﾗﾝｽﾞｳｨｯｸ"},
{"usage": "city", "name": "ﾌﾞﾗﾝﾄﾞﾌｫｰﾄﾞ"},
{"usage": "city", "name": "ﾌﾞﾗﾝﾄﾞﾝ"},
{"usage": "city", "name": "ﾌﾞﾗﾝﾌｫｰﾄﾞ"},
{"usage": "city", "name": "ﾌﾞﾘｯｼﾞｳｫｰﾀｰ"},
{"usage": "city", "name": "ﾌﾞﾘｯｼﾞﾎﾟｰﾄ"},
{"usage": "city", "name": "ﾌﾞﾘｯﾄﾞｸﾞﾄﾝ"},
{"usage": "city", "name": "ﾌﾞﾘｯﾄﾞﾎﾟｰﾄ"},
{"usage": "city", "name": "ﾌﾞﾘｽﾄﾙ"},
{"usage": "city", "name": "ﾌﾞﾘﾑﾌｨｰﾙﾄﾞ"},
{"usage": "city", "name": "ﾌﾞﾙｯｸｽ"},
{"usage": "city", "name": "ﾌﾞﾙｯｸｽﾋﾞﾙ"},
{"usage": "city", "name": "ﾌﾞﾙｯｸﾄﾝ"},
{"usage": "city", "name": "ﾌﾞﾙｯｸﾌｨｰﾙﾄﾞ"},
{"usage": "city", "name": "ﾌﾞﾙｯｸﾗｲﾝ"},
{"usage": "city", "name": "ﾌﾞﾙｯｸﾘﾝ"},
{"usage": "city", "name": "ﾌﾞﾙｯｸﾘﾝ"},
{"usage": "city", "name": "ﾌﾞﾙｰｱｰ"},
{"usage": "city", "name": "ﾌﾞﾙｰｽﾀｰ"},
{"usage": "city", "name": "ﾌﾞﾙｰﾋﾙ"},
{"usage": "city", "name": "ﾌﾞﾙｰﾑﾌｨｰﾙﾄﾞ"},
{"usage": "city", "name": "ﾌﾞﾚｰﾒﾝ"},
{"usage": "city", "name": "ﾌﾞﾚｰﾝ"},
{"usage": "city", "name": "ﾌﾞﾚｲﾝﾂﾘｰ"},
{"usage": "city", "name": "ﾌﾞﾚﾝﾁﾎﾞﾛ"},
{"usage": "city", "name": "ﾌﾞﾚﾝﾄｳｯﾄﾞ"},
{"usage": "city", "name": "ﾌﾞﾛｯｸﾄﾝ"},
{"usage": "city", "name": "ﾌﾟﾗｲｽﾄｰ"},
{"usage": "city", "name": "ﾌﾟﾘﾏｽ"},
{"usage": "city", "name": "ﾌﾟﾘﾝｽﾄﾝ"},
{"usage": "city", "name": "ﾌﾟﾘﾝﾌﾟﾄﾝ"},
{"usage": "city", "name": "ﾌﾟﾚｰﾝﾋﾞﾙ"},
{"usage": "city", "name": "ﾌﾟﾚｰﾝﾌｨｰﾙﾄﾞ"},
{"usage": "city", "name": "ﾌﾟﾚｻﾞﾝﾄﾘｯｼﾞﾌﾟﾗﾝﾃｰｼｮﾝ"},
{"usage": "city", "name": "ﾌﾟﾚｽｸｱｲﾙ"},
{"usage": "city", "name": "ﾌﾟﾚｽｺｯﾄ"},
{"usage": "city", "name": "ﾌﾟﾚｽﾄﾝ"},
{"usage": "city", "name": "ﾌﾟﾚﾝﾃｨｽ"},
{"usage": "city", "name": "ﾌﾟﾛｸﾀｰ"},
{"usage": "city", "name": "ﾌﾟﾛｽﾍﾟｸﾄ"},
{"usage": "city", "name": "ﾌﾟﾛﾋﾞﾃﾞﾝｽ"},
{"usage": "city", "name": "ﾌﾟﾛﾋﾞﾝｽﾀｳﾝ"},
{"usage": "city", "name": "ﾍｲﾝｽﾞﾋﾞﾙ"},
{"usage": "city", "name": "ﾍﾆｯｶｰ"},
{"usage": "city", "name": "ﾍﾌﾞﾛﾝ"},
{"usage": "city", "name": "ﾍﾞｯﾃﾞｨﾝﾄﾝ"},
{"usage": "city", "name": "ﾍﾞｯﾄﾞﾌｫｰﾄﾞ"},
{"usage": "city", "name": "ﾍﾞｰｶｰｽﾌｨｰﾙﾄﾞ"},
{"usage": "city", "name": "ﾍﾞｱﾘﾝｸﾞﾌﾟﾗﾝﾃｰｼｮﾝ"},
{"usage": "city", "name": "ﾍﾞｵｸﾞﾗｰﾄﾞ"},
{"usage": "city", "name": "ﾍﾞｹｯﾄ"},
{"usage": "city", "name": "ﾍﾞｻﾆｰ"},
{"usage": "city", "name": "ﾍﾞｾﾙ"},
{"usage": "city", "name": "ﾍﾞﾂﾚﾍﾑ"},
{"usage": "city", "name": "ﾍﾞﾆﾝﾄﾝ"},
{"usage": "city", "name": "ﾍﾞﾈﾃﾞｨｸﾀｰ"},
{"usage": "city", "name": "ﾍﾞﾘｯｸ"},
{"usage": "city", "name": "ﾍﾞﾘﾝｶﾞﾑ"},
{"usage": "city", "name": "ﾍﾞﾙﾁｬｰﾀｳﾝ"},
{"usage": "city", "name": "ﾍﾞﾙﾋﾞﾃﾞｰﾚ"},
{"usage": "city", "name": "ﾍﾞﾙﾌｧｽﾄ"},
{"usage": "city", "name": "ﾍﾞﾙﾓﾝﾄ"},
{"usage": "city", "name": "ﾍﾞﾙﾘﾝ"},
{"usage": "city", "name": "ﾍﾞﾝｿﾝ"},
{"usage": "city", "name": "ﾍﾞﾝﾄﾝ"},
{"usage": "city", "name": "ﾍﾟｯﾊﾟｰﾚﾙ"},
{"usage": "city", "name": "ﾍﾟﾉﾌﾞｽｺｯﾄ"},
{"usage": "city", "name": "ﾍﾟﾗﾑ"},
{"usage": "city", "name": "ﾍﾟﾘｰ"},
{"usage": "city", "name": "ﾍﾟﾙｰ"},
{"usage": "city", "name": "ﾍﾟﾝﾌﾞﾙｯｸ"},
{"usage": "city", "name": "ﾎｯｸｾｯﾄ"},
{"usage": "city", "name": "ﾎｰﾌﾟ"},
{"usage": "city", "name": "ﾎｰﾌﾟﾃﾞｰﾙ"},
{"usage": "city", "name": "ﾎｰﾘｰ"},
{"usage": "city", "name": "ﾎｰﾙﾃﾞﾝ"},
{"usage": "city", "name": "ﾎｰﾙﾖｰｸ"},
{"usage": "city", "name": "ﾎｲｯﾄﾏﾝ"},
{"usage": "city", "name": "ﾎｳｨｯﾄﾆｰﾋﾞﾙ"},
{"usage": "city", "name": "ﾎｳﾙﾄﾝ"},
{"usage": "city", "name": "ﾎﾌﾟｷﾝﾄﾝ"},
{"usage": "city", "name": "ﾎﾘｽ"},
{"usage": "city", "name": "ﾎﾘｽﾄﾝ"},
{"usage": "city", "name": "ﾎﾙﾀﾞｰﾈｽ"},
{"usage": "city", "name": "ﾎﾙﾌﾞﾙｯｸ"},
{"usage": "city", "name": "ﾎﾜｲﾃｨﾝｸﾞ"},
{"usage": "city", "name": "ﾎﾜｲﾃｨﾝｸﾞﾊﾑ"},
{"usage": "city", "name": "ﾎﾜｲﾄﾌｨｰﾙﾄﾞ"},
{"usage": "city", "name": "ﾎﾞｯｸｽﾌｫｰﾄﾞ"},
{"usage": "city", "name": "ﾎﾞｯｸｽﾎﾞｰﾗﾌ"},
{"usage": "city", "name": "ﾎﾞｰﾄﾞｲﾝ"},
{"usage": "city", "name": "ﾎﾞｰﾄﾞｲﾝﾊﾑ"},
{"usage": "city", "name": "ﾎﾞｰﾙﾄﾞｳｨﾝ"},
{"usage": "city", "name": "ﾎﾞｰﾝ"},
{"usage": "city", "name": "ﾎﾞｲﾙｽﾄﾝ"},
{"usage": "city", "name": "ﾎﾞｳ"},
{"usage": "city", "name": "ﾎﾞｽｺｰｴﾝ"},
{"usage": "city", "name": "ﾎﾞｽﾄﾝ"},
{"usage": "city", "name": "ﾎﾞｽﾞﾗ"},
{"usage": "city", "name": "ﾎﾞﾗﾝﾀｳﾝ"},
{"usage": "city", "name": "ﾎﾞﾙﾁﾓｱ"},
{"usage": "city", "name": "ﾎﾞﾙﾄﾝ"},
{"usage": "city", "name": "ﾎﾟｰﾀｰ"},
{"usage": "city", "name": "ﾎﾟｰﾀｹｯﾄ"},
{"usage": "city", "name": "ﾎﾟｰﾂﾏｽ"},
{"usage": "city", "name": "ﾎﾟｰﾃｰｼﾞﾚｲｸ"},
{"usage": "city", "name": "ﾎﾟｰﾄﾗﾝﾄﾞ"},
{"usage": "city", "name": "ﾎﾟｰﾗﾝﾄﾞ"},
{"usage": "city", "name": "ﾎﾟｰﾚｯﾄ"},
{"usage": "city", "name": "ﾎﾟﾑﾌﾚｯﾄ"},
{"usage": "city", "name": "ﾏｯｸｽﾌｨｰﾙﾄﾞ"},
{"usage": "city", "name": "ﾏｯｼｭﾋﾟｰ"},
{"usage": "city", "name": "ﾏｯﾀﾎﾟｲｾｯﾄ"},
{"usage": "city", "name": "ﾏｯﾀﾐｽｺﾝﾃｨｽ"},
{"usage": "city", "name": "ﾏｯﾀﾜﾑｷﾝｸﾞ"},
{"usage": "city", "name": "ﾏｯﾄﾞﾊﾞﾘｰ"},
{"usage": "city", "name": "ﾏｰｻ"},
{"usage": "city", "name": "ﾏｰｼｭﾌｨｰﾙﾄﾞ"},
{"usage": "city", "name": "ﾏｰｽﾞﾋﾙ"},
{"usage": "city", "name": "ﾏｰﾌﾞﾙﾍｯﾄﾞ"},
{"usage": "city", "name": "ﾏｰﾙﾎﾞﾛｰ"},
{"usage": "city", "name": "ﾏｰﾛｳ"},
{"usage": "city", "name": "ﾏｳﾝﾄｳﾞｧｰﾉﾝ"},
{"usage": "city", "name": "ﾏｳﾝﾄﾁｪｰｽ"},
{"usage": "city", "name": "ﾏｳﾝﾄﾃｰﾊﾞｰ"},
{"usage": "city", "name": "ﾏｳﾝﾄﾃﾞｻﾞｰﾄ"},
{"usage": "city", "name": "ﾏｳﾝﾄﾎﾘｰ"},
{"usage": "city", "name": "ﾏｳﾝﾄﾜｼﾝﾄﾝ"},
{"usage": "city", "name": "ﾏｸﾜﾎｯｸﾌﾟﾗﾝﾃｰｼｮﾝ"},
{"usage": "city", "name": "ﾏｺﾞｰﾛｳｪｲﾌﾟﾗﾝﾃｰｼｮﾝ"},
{"usage": "city", "name": "ﾏｻｰﾃﾞｨｽ"},
{"usage": "city", "name": "ﾏﾀﾞﾜｽｶ"},
{"usage": "city", "name": "ﾏﾁｱｽﾞ"},
{"usage": "city", "name": "ﾏﾁｱｽﾞﾎﾟｰﾄ"},
{"usage": "city", "name": "ﾏﾃｨﾆｯｶｽｱｲﾙ"},
{"usage": "city", "name": "ﾏﾃﾞｨｿﾝ"},
{"usage": "city", "name": "ﾏﾄﾞﾘｰﾄﾞ"},
{"usage": "city", "name": "ﾏﾘｱﾋﾞﾙ"},
{"usage": "city", "name": "ﾏﾘｵﾝ"},
{"usage": "city", "name": "ﾏﾙﾃﾞﾝ"},
{"usage": "city", "name": "ﾏﾙﾎﾞﾛ"},
{"usage": "city", "name": "ﾏﾝｽﾌｨｰﾙﾄﾞ"},
{"usage": "city", "name": "ﾏﾝﾁｪｽﾀｰ"},
{"usage": "city", "name": "ﾏﾝﾁｪｽﾀｰ･ﾊﾞｲ･ｻﾞ･ｼｰ"},
{"usage": "city", "name": "ﾐﾄﾞﾙｾｯｸｽ"},
{"usage": "city", "name": "ﾐﾄﾞﾙﾀｳﾝ"},
{"usage": "city", "name": "ﾐﾄﾞﾙﾀｳﾝ･ｽﾌﾟﾘﾝｸﾞｽ"},
{"usage": "city", "name": "ﾐﾄﾞﾙﾄﾝ"},
{"usage": "city", "name": "ﾐﾄﾞﾙﾌｨｰﾙﾄﾞ"},
{"usage": "city", "name": "ﾐﾄﾞﾙﾍﾞﾘｰ"},
{"usage": "city", "name": "ﾐﾄﾞﾙﾎﾞﾛｰ"},
{"usage": "city", "name": "ﾐﾉ"},
{"usage": "city", "name": "ﾐﾗﾉ"},
{"usage": "city", "name": "ﾐﾘｽ"},
{"usage": "city", "name": "ﾐﾘﾉｹｯﾄ"},
{"usage": "city", "name": "ﾐﾘﾋﾞﾙ"},
{"usage": "city", "name": "ﾐﾙﾄﾝ"},
{"usage": "city", "name": "ﾐﾙﾌｫｰﾄﾞ"},
{"usage": "city", "name": "ﾐﾙﾌﾞﾘｯｼﾞ"},
{"usage": "city", "name": "ﾐﾙﾍﾞﾘｰ"},
{"usage": "city", "name": "ﾐﾛ"},
{"usage": "city", "name": "ﾑｰｽﾘﾊﾞｰ"},
{"usage": "city", "name": "ﾒｯﾃﾞｨｰﾍﾞﾝﾌﾟｽ"},
{"usage": "city", "name": "ﾒｰﾄﾞｽﾄﾝ"},
{"usage": "city", "name": "ﾒｲｿﾝ"},
{"usage": "city", "name": "ﾒｲﾅｰﾄﾞ"},
{"usage": "city", "name": "ﾒｲﾌﾟﾙﾄﾝ"},
{"usage": "city", "name": "ﾒｶﾆｯｸﾌｫｰﾙｽﾞ"},
{"usage": "city", "name": "ﾒｷｼｺ"},
{"usage": "city", "name": "ﾒｽｴﾝ"},
{"usage": "city", "name": "ﾒﾄﾞｳｪｲ"},
{"usage": "city", "name": "ﾒﾄﾞﾌｨｰﾙﾄﾞ"},
{"usage": "city", "name": "ﾒﾄﾞﾌｫｰﾄﾞ"},
{"usage": "city", "name": "ﾒﾘﾃﾞﾝ"},
{"usage": "city", "name": "ﾒﾘﾏｯｸ"},
{"usage": "city", "name": "ﾒﾘﾏｸ"},
{"usage": "city", "name": "ﾒﾘﾙ"},
{"usage": "city", "name": "ﾒﾙﾛｰｽﾞ"},
{"usage": "city", "name": "ﾒﾚﾃﾞｨｽ"},
{"usage": "city", "name": "ﾒﾝﾄﾞﾝ"},
{"usage": "city", "name": "ﾓｰｶﾞﾝ"},
{"usage": "city", "name": "ﾓｰﾙﾄﾝﾎﾞﾛｰ"},
{"usage": "city", "name": "ﾓｱﾀｳﾝ"},
{"usage": "city", "name": "ﾓｽｸﾜ"},
{"usage": "city", "name": "ﾓﾘｽ"},
{"usage": "city", "name": "ﾓﾘｽﾀｳﾝ"},
{"usage": "city", "name": "ﾓﾘﾙ"},
{"usage": "city", "name": "ﾓﾛｰﾌﾟﾗﾝﾃｰｼｮﾝ"},
{"usage": "city", "name": "ﾓﾝｸﾄﾝ"},
{"usage": "city", "name": "ﾓﾝｺﾞﾒﾘｰ"},
{"usage": "city", "name": "ﾓﾝｿﾝ"},
{"usage": "city", "name": "ﾓﾝﾀｷﾞｭｰ"},
{"usage": "city", "name": "ﾓﾝﾃｨﾁｪﾛ"},
{"usage": "city", "name": "ﾓﾝﾃﾚｰ"},
{"usage": "city", "name": "ﾓﾝﾄｳﾞｧｰﾉﾝ"},
{"usage": "city", "name": "ﾓﾝﾄﾋﾞﾙ"},
{"usage": "city", "name": "ﾓﾝﾄﾋﾟｰﾘｱ"},
{"usage": "city", "name": "ﾓﾝﾍｶﾞﾝ"},
{"usage": "city", "name": "ﾓﾝﾏｽ"},
{"usage": "city", "name": "ﾓﾝﾛｰ"},
{"usage": "city", "name": "ﾔｰﾏｽ"},
{"usage": "city", "name": "ﾕｰｽﾃｨｽ"},
{"usage": "city", "name": "ﾕﾆｵﾝ"},
{"usage": "city", "name": "ﾕﾆﾃｨ"},
{"usage": "city", "name": "ﾖｰｸ"},
{"usage": "city", "name": "ﾗｯｾﾙ"},
{"usage": "city", "name": "ﾗｯﾄﾞﾛｰ"},
{"usage": "city", "name": "ﾗｲ"},
{"usage": "city", "name": "ﾗｲｹﾞｰﾄ"},
{"usage": "city", "name": "ﾗｲﾃﾞﾝ"},
{"usage": "city", "name": "ﾗｲﾏﾝ"},
{"usage": "city", "name": "ﾗｲﾑ"},
{"usage": "city", "name": "ﾗｳﾄﾞﾝ"},
{"usage": "city", "name": "ﾗｸﾞﾗﾝｼﾞｭ"},
{"usage": "city", "name": "ﾗｺﾆｱ"},
{"usage": "city", "name": "ﾗﾄﾗﾝﾄﾞ"},
{"usage": "city", "name": "ﾗﾑﾈｰ"},
{"usage": "city", "name": "ﾗﾓｲﾝ"},
{"usage": "city", "name": "ﾗﾝｶｽﾀｰ"},
{"usage": "city", "name": "ﾗﾝｸﾞﾄﾞﾝ"},
{"usage": "city", "name": "ﾗﾝﾀﾞﾌ"},
{"usage": "city", "name": "ﾗﾝﾄﾞｸﾞﾛｰﾌﾞ"},
{"usage": "city", "name": "ﾗﾝﾄﾞﾙﾌ"},
{"usage": "city", "name": "ﾗﾝﾌｫｰﾄﾞ"},
{"usage": "city", "name": "ﾘｭｰﾈﾝﾊﾞｰｸﾞ"},
{"usage": "city", "name": "ﾘｯｼﾞﾌｨｰﾙﾄﾞ"},
{"usage": "city", "name": "ﾘｯﾁﾌｨｰﾙﾄﾞ"},
{"usage": "city", "name": "ﾘｯﾁﾌｫｰﾄﾞ"},
{"usage": "city", "name": "ﾘｯﾁﾓﾝﾄﾞ"},
{"usage": "city", "name": "ﾘｰ"},
{"usage": "city", "name": "ﾘｰｽﾞ"},
{"usage": "city", "name": "ﾘｰﾃﾞｨﾝｸﾞ"},
{"usage": "city", "name": "ﾘｰﾄﾞｽﾎﾞﾛｰ"},
{"usage": "city", "name": "ﾘｰﾄﾞﾌｨｰﾙﾄﾞ"},
{"usage": "city", "name": "ﾘｰﾄﾞﾌﾟﾗﾝﾃｰｼｮﾝ"},
{"usage": "city", "name": "ﾘｽﾎﾞﾝ"},
{"usage": "city", "name": "ﾘﾄﾙｺﾝﾌﾟﾄﾝ"},
{"usage": "city", "name": "ﾘﾄﾙﾄﾝ"},
{"usage": "city", "name": "ﾘﾈｱｽﾞ"},
{"usage": "city", "name": "ﾘﾊﾞｰﾓｱ"},
{"usage": "city", "name": "ﾘﾊﾞｰﾓｱﾌｫｰﾙｽﾞ"},
{"usage": "city", "name": "ﾘﾊﾞﾃｨｰ"},
{"usage": "city", "name": "ﾘﾋﾞｱ"},
{"usage": "city", "name": "ﾘﾌﾟﾄﾝ"},
{"usage": "city", "name": "ﾘﾌﾟﾘｰ"},
{"usage": "city", "name": "ﾘﾎﾎﾞｽ"},
{"usage": "city", "name": "ﾘﾐﾝｸﾞﾄﾝ"},
{"usage": "city", "name": "ﾘﾒｽﾄｰﾝ"},
{"usage": "city", "name": "ﾘﾒﾘｯｸ"},
{"usage": "city", "name": "ﾘﾝ"},
{"usage": "city", "name": "ﾘﾝｶｰﾝ"},
{"usage": "city", "name": "ﾘﾝｶｰﾝﾋﾞﾙ"},
{"usage": "city", "name": "ﾘﾝｶｰﾝﾌﾟﾗﾝﾃｰｼｮﾝ"},
{"usage": "city", "name": "ﾘﾝｼﾞ"},
{"usage": "city", "name": "ﾘﾝﾃﾞﾎﾞﾛｰ"},
{"usage": "city", "name": "ﾘﾝﾄﾞﾝ"},
{"usage": "city", "name": "ﾘﾝﾌｨｰﾙﾄﾞ"},
{"usage": "city", "name": "ﾙｰﾊﾟｰﾄ"},
{"usage": "city", "name": "ﾙｲｽﾄﾝ"},
{"usage": "city", "name": "ﾙﾍﾞｯｸ"},
{"usage": "city", "name": "ﾚｰﾝｼﾞﾘｰ"},
{"usage": "city", "name": "ﾚｰﾝｼﾞﾘｰﾌﾟﾗﾝﾃｰｼｮﾝ"},
{"usage": "city", "name": "ﾚｲｸﾋﾞｭｰﾌﾟﾗﾝﾃｰｼｮﾝ"},
{"usage": "city", "name": "ﾚｲｸﾋﾞﾙ"},
{"usage": "city", "name": "ﾚｲﾈｽﾎﾞﾛｰ"},
{"usage": "city", "name": "ﾚｲﾓﾝﾄﾞ"},
{"usage": "city", "name": "ﾚｲﾝﾊﾑ"},
{"usage": "city", "name": "ﾚｷｼﾝﾄﾝ"},
{"usage": "city", "name": "ﾚｽﾀｰ"},
{"usage": "city", "name": "ﾚﾄﾞﾔｰﾄﾞ"},
{"usage": "city", "name": "ﾚﾉｯｸｽ"},
{"usage": "city", "name": "ﾚﾊﾞﾉﾝ"},
{"usage": "city", "name": "ﾚﾊﾞﾚｯﾄ"},
{"usage": "city", "name": "ﾚﾊﾞﾝﾄ"},
{"usage": "city", "name": "ﾚﾐﾝｸﾞﾄﾝ"},
{"usage": "city", "name": "ﾚﾑｽﾀｰ"},
{"usage": "city", "name": "ﾚﾝｻﾑ"},
{"usage": "city", "name": "ﾚﾝﾌﾟｽﾀｰ"},
{"usage": "city", "name": "ﾛｯｷｰﾋﾙ"},
{"usage": "city", "name": "ﾛｯｷﾝｶﾞﾑ"},
{"usage": "city", "name": "ﾛｯｸｽﾍﾞﾘｰ"},
{"usage": "city", "name": "ﾛｯｸﾎﾟｰﾄ"},
{"usage": "city", "name": "ﾛｯｸﾗﾝﾄﾞ"},
{"usage": "city", "name": "ﾛｯｹﾌﾞﾗﾌｽ"},
{"usage": "city", "name": "ﾛｰ"},
{"usage": "city", "name": "ﾛｰｳｪﾙ"},
{"usage": "city", "name": "ﾛｰﾍﾞﾙ"},
{"usage": "city", "name": "ﾛｰﾏ"},
{"usage": "city", "name": "ﾛｰﾘｰ"},
{"usage": "city", "name": "ﾛｰﾚﾝｽ"},
{"usage": "city", "name": "ﾛｲﾔﾙｽﾄﾝ"},
{"usage": "city", "name": "ﾛｲﾔﾙﾄﾝ"},
{"usage": "city", "name": "ﾛﾁｪｽﾀｰ"},
{"usage": "city", "name": "ﾛﾋﾞﾝｽﾄﾝ"},
{"usage": "city", "name": "ﾛﾘﾝｽﾞﾌｫｰﾄﾞ"},
{"usage": "city", "name": "ﾛﾝｸﾞｱｲﾗﾝﾄﾞ"},
{"usage": "city", "name": "ﾛﾝｸﾞﾒﾄﾞｳ"},
{"usage": "city", "name": "ﾛﾝﾄﾞﾝﾃﾞﾘｰ"},
{"usage": "city", "name": "ﾜｰｳｨｯｸ"},
{"usage": "city", "name": "ﾜｰｼﾞﾝﾄﾝ"},
{"usage": "city", "name": "ﾜｰｽﾞﾎﾞﾛｰ"},
{"usage": "city", "name": "ﾜｰﾅｰ"},
{"usage": "city", "name": "ﾜｼﾝﾄﾝ"},
{"usage": "city", "name": "ﾜﾗｰｸﾞﾗｽ"},
{"usage": "family", "gender": "unisex", "name": "ｱﾀﾞﾑｽﾞ"},
{"usage": "family", "gender": "unisex", "name": "ｱﾚｸｻﾝﾀﾞｰ"},
{"usage": "family", "gender": "unisex", "name": "ｱﾚﾝ"},
{"usage": "family", "gender": "unisex", "name": "ｱﾝﾀﾞｰｿﾝ"},
{"usage": "family", "gender": "unisex", "name": "ｳｨﾘｱﾑｽﾞ"},
{"usage": "family", "gender": "unisex", "name": "ｳｨﾙｿﾝ"},
{"usage": "family", "gender": "unisex", "name": "ｳｪｽﾄ"},
{"usage": "family", "gender": "unisex", "name": "ｳｫｰｶｰ"},
{"usage": "family", "gender": "unisex", "name": "ｳｯﾄﾞ"},
{"usage": "family", "gender": "unisex", "name": "ｳﾞｧﾝﾜｲﾙﾄﾞ"},
{"usage": "family", "gender": "unisex", "name": "ｴﾄﾞﾜｰｽﾞ"},
{"usage": "family", "gender": "unisex", "name": "ｴﾊﾞﾝｽ"},
{"usage": "family", "gender": "unisex", "name": "ｶｰﾀｰ"},
{"usage": "family", "gender": "unisex", "name": "ｶｲｺ"},
{"usage": "family", "gender": "unisex", "name": "ｶﾞﾙｼｱ"},
{"usage": "family", "gender": "unisex", "name": "ｷｬﾝﾍﾞﾙ"},
{"usage": "family", "gender": "unisex", "name": "ｷﾝｸﾞ"},
{"usage": "family", "gender": "unisex", "name": "ｸｯｸ"},
{"usage": "family", "gender": "unisex", "name": "ｸｰﾊﾟｰ"},
{"usage": "family", "gender": "unisex", "name": "ｸﾗｰｸ"},
{"usage": "family", "gender": "unisex", "name": "ｸﾞﾘｰﾝ"},
{"usage": "family", "gender": "unisex", "name": "ｸﾞﾘﾌｨﾝ"},
{"usage": "family", "gender": "unisex", "name": "ｸﾞﾚｲ"},
{"usage": "family", "gender": "unisex", "name": "ｹﾘｨ"},
{"usage": "family", "gender": "unisex", "name": "ｺｯｸｽ"},
{"usage": "family", "gender": "unisex", "name": "ｺｰﾙﾏﾝ"},
{"usage": "family", "gender": "unisex", "name": "ｺﾘﾝｽﾞ"},
{"usage": "family", "gender": "unisex", "name": "ｺﾞﾝｻﾞﾚｽ"},
{"usage": "family", "gender": "unisex", "name": "ｺﾞﾝｻﾞﾚｽ"},
{"usage": "family", "gender": "unisex", "name": "ｻﾝﾀﾞｰｽ"},
{"usage": "family", "gender": "unisex", "name": "ｻﾝﾁｪｽ"},
{"usage": "family", "gender": "unisex", "name": "ｼﾓﾝｽﾞ"},
{"usage": "family", "gender": "unisex", "name": "ｼﾞｪｰﾑｽ"},
{"usage": "family", "gender": "unisex", "name": "ｼﾞｪﾝｷﾝｽ"},
{"usage": "family", "gender": "unisex", "name": "ｼﾞｬｸｿﾝ"},
{"usage": "family", "gender": "unisex", "name": "ｼﾞｮｰﾝｽﾞ"},
{"usage": "family", "gender": "unisex", "name": "ｼﾞｮﾝｿﾝ"},
{"usage": "family", "gender": "unisex", "name": "ｽｺﾂﾄ"},
{"usage": "family", "gender": "unisex", "name": "ｽﾁｭﾜｰﾄ"},
{"usage": "family", "gender": "unisex", "name": "ｽﾐｽ"},
{"usage": "family", "gender": "unisex", "name": "ﾀｰﾅｰ"},
{"usage": "family", "gender": "unisex", "name": "ﾃｰﾗｰ"},
{"usage": "family", "gender": "unisex", "name": "ﾃﾞｨｱｽ"},
{"usage": "family", "gender": "unisex", "name": "ﾃﾞｲﾋﾞｽ"},
{"usage": "family", "gender": "unisex", "name": "ﾄｰﾏｽ"},
{"usage": "family", "gender": "unisex", "name": "ﾄﾚｽ"},
{"usage": "family", "gender": "unisex", "name": "ﾄﾝﾌﾟｿﾝ"},
{"usage": "family", "gender": "unisex", "name": "ﾅｷﾔ"},
{"usage": "family", "gender": "unisex", "name": "ﾈﾙｿﾝ"},
{"usage": "family", "gender": "unisex", "name": "ﾊﾘｽ"},
{"usage": "family", "gender": "unisex", "name": "ﾊﾜｰﾄﾞ"},
{"usage": "family", "gender": "unisex", "name": "ﾊﾞｰﾝｽﾞ"},
{"usage": "family", "gender": "unisex", "name": "ﾊﾞｲﾚｲ"},
{"usage": "family", "gender": "unisex", "name": "ﾊﾞﾄﾗｰ"},
{"usage": "family", "gender": "unisex", "name": "ﾊﾟｰｶｰ"},
{"usage": "family", "gender": "unisex", "name": "ﾊﾟｳｴﾙ"},
{"usage": "family", "gender": "unisex", "name": "ﾊﾟﾀｰｿﾝ"},
{"usage": "family", "gender": "unisex", "name": "ﾋｭｰｽﾞ"},
{"usage": "family", "gender": "unisex", "name": "ﾋﾙ"},
{"usage": "family", "gender": "unisex", "name": "ﾋﾟｰﾀｰｿﾝ"},
{"usage": "family", "gender": "unisex", "name": "ﾌｨﾘｯﾌﾟｽ"},
{"usage": "family", "gender": "unisex", "name": "ﾌｫｽﾀｰ"},
{"usage": "family", "gender": "unisex", "name": "ﾌﾛｰﾚｽ"},
{"usage": "family", "gender": "unisex", "name": "ﾌﾞﾗｲｱﾝﾄ"},
{"usage": "family", "gender": "unisex", "name": "ﾌﾞﾗｳﾝ"},
{"usage": "family", "gender": "unisex", "name": "ﾌﾞﾙｯｸｽ"},
{"usage": "family", "gender": "unisex", "name": "ﾌﾟﾗｲｽ"},
{"usage": "family", "gender": "unisex", "name": "ﾍｲｽﾞ"},
{"usage": "family", "gender": "unisex", "name": "ﾍﾙﾅﾝﾃﾞｽ"},
{"usage": "family", "gender": "unisex", "name": "ﾍﾝﾀﾞｰｿﾝ"},
{"usage": "family", "gender": "unisex", "name": "ﾍﾞｲｶｰ"},
{"usage": "family", "gender": "unisex", "name": "ﾍﾞﾈｯﾄ"},
{"usage": "family", "gender": "unisex", "name": "ﾍﾞﾙ"},
{"usage": "family", "gender": "unisex", "name": "ﾍﾟﾘｰ"},
{"usage": "family", "gender": "unisex", "name": "ﾍﾟﾚｽ"},
{"usage": "family", "gender": "unisex", "name": "ﾎｰﾙ"},
{"usage": "family", "gender": "unisex", "name": "ﾎﾜｲﾄ"},
{"usage": "family", "gender": "unisex", "name": "ﾏｰﾃｨﾝ"},
{"usage": "family", "gender": "unisex", "name": "ﾏｰﾌｨｰ"},
{"usage": "family", "gender": "unisex", "name": "ﾏﾙﾁﾈｽ"},
{"usage": "family", "gender": "unisex", "name": "ﾐｯﾁｪﾙ"},
{"usage": "family", "gender": "unisex", "name": "ﾐﾗｰ"},
{"usage": "family", "gender": "unisex", "name": "ﾑｰｱ"},
{"usage": "family", "gender": "unisex", "name": "ﾓﾘｽ"},
{"usage": "family", "gender": "unisex", "name": "ﾓﾙｶﾞﾝ"},
{"usage": "family", "gender": "unisex", "name": "ﾔﾝｸﾞ"},
{"usage": "family", "gender": "unisex", "name": "ﾗｯｾﾙ"},
{"usage": "family", "gender": "unisex", "name": "ﾗｲﾄ"},
{"usage": "family", "gender": "unisex", "name": "ﾗﾐﾚｽ"},
{"usage": "family", "gender": "unisex", "name": "ﾘｭｲｽ"},
{"usage": "family", "gender": "unisex", "name": "ﾘｰ"},
{"usage": "family", "gender": "unisex", "name": "ﾘｰﾄﾞ"},
{"usage": "family", "gender": "unisex", "name": "ﾘﾁｬｰﾄﾞｿﾝ"},
{"usage": "family", "gender": "unisex", "name": "ﾘﾍﾞﾗ"},
{"usage": "family", "gender": "unisex", "name": "ﾛｼﾞｬｰｽ"},
{"usage": "family", "gender": "unisex", "name": "ﾛｽ"},
{"usage": "family", "gender": "unisex", "name": "ﾛﾄﾞﾘｹﾞｽ"},
{"usage": "family", "gender": "unisex", "name": "ﾛﾊﾞｰﾂ"},
{"usage": "family", "gender": "unisex", "name": "ﾛﾋﾞﾝｿﾝ"},
{"usage": "family", "gender": "unisex", "name": "ﾛﾍﾟｽ"},
{"usage": "family", "gender": "unisex", "name": "ﾛﾝｸﾞ"},
{"usage": "family", "gender": "unisex", "name": "ﾜｰﾄﾞ"},
{"usage": "family", "gender": "unisex", "name": "ﾜｼﾝﾄﾝ"},
{"usage": "family", "gender": "unisex", "name": "ﾜﾄｿﾝ"},
{"usage": "given", "gender": "female", "name": "ｱｲｻﾞﾜ"},
{"usage": "given", "gender": "female", "name": "ｱｷｺ"},
{"usage": "given", "gender": "female", "name": "ｱｼｭﾘｰ"},
{"usage": "given", "gender": "female", "name": "ｱﾃﾞｨｿﾝ"},
{"usage": "given", "gender": "female", "name": "ｱﾅ"},
{"usage": "given", "gender": "female", "name": "ｱﾋﾞｹﾞｲﾙ"},
{"usage": "given", "gender": "female", "name": "ｱﾌﾞﾘｰ"},
{"usage": "given", "gender": "female", "name": "ｱﾒﾘｱ"},
{"usage": "given", "gender": "female", "name": "ｱﾘｯｻ"},
{"usage": "given", "gender": "female", "name": "ｱﾘｰﾔ"},
{"usage": "given", "gender": "female", "name": "ｱﾘｱｰﾅ"},
{"usage": "given", "gender": "female", "name": "ｱﾘｱﾝﾅ"},
{"usage": "given", "gender": "female", "name": "ｱﾘｿﾝ"},
{"usage": "given", "gender": "female", "name": "ｱﾚｸｻ"},
{"usage": "given", "gender": "female", "name": "ｱﾚｸｻﾝﾄﾞﾗ"},
{"usage": "given", "gender": "female", "name": "ｱﾚｸｼｽ"},
{"usage": "given", "gender": "female", "name": "ｱﾝｼﾞｮﾘｰﾅ"},
{"usage": "given", "gender": "female", "name": "ｱﾝﾄﾞﾚｱ"},
{"usage": "given", "gender": "female", "name": "ｲｳﾞﾘﾝ"},
{"usage": "given", "gender": "female", "name": "ｲｻﾞﾍﾞﾗ"},
{"usage": "given", "gender": "female", "name": "ｲｻﾞﾍﾞﾙ"},
{"usage": "given", "gender": "female", "name": "ｲｻﾞﾍﾞﾙ"},
{"usage": "given", "gender": "female", "name": "ｳﾞｧﾚﾘｱ"},
{"usage": "given", "gender": "female", "name": "ｴｲﾌﾞﾘｰ"},
{"usage": "given", "gender": "female", "name": "ｴﾊﾞ"},
{"usage": "given", "gender": "female", "name": "ｴﾏ"},
{"usage": "given", "gender": "female", "name": "ｴﾐﾘｰ"},
{"usage": "given", "gender": "female", "name": "ｴﾗ"},
{"usage": "given", "gender": "female", "name": "ｴﾘｻﾞﾍﾞｽ"},
{"usage": "given", "gender": "female", "name": "ｵｰﾀﾑ"},
{"usage": "given", "gender": "female", "name": "ｵｰﾄﾞﾘｰ"},
{"usage": "given", "gender": "female", "name": "ｵﾘﾋﾞｱ"},
{"usage": "given", "gender": "female", "name": "ｶｲﾘｰ"},
{"usage": "given", "gender": "female", "name": "ｶﾐｰﾗ"},
{"usage": "given", "gender": "female", "name": "ｶﾞﾌﾞﾘｴﾗ"},
{"usage": "given", "gender": "female", "name": "ｶﾞﾌﾞﾘｴﾗ"},
{"usage": "given", "gender": "female", "name": "ｷｬﾛﾗｲﾝ"},
{"usage": "given", "gender": "female", "name": "ｷﾑ"},
{"usage": "given", "gender": "female", "name": "ｷﾝﾊﾞﾘｰ"},
{"usage": "given", "gender": "female", "name": "ｸﾚｱ"},
{"usage": "given", "gender": "female", "name": "ｸﾛｴ"},
{"usage": "given", "gender": "female", "name": "ｸﾞﾚｲｼｰ"},
{"usage": "given", "gender": "female", "name": "ｸﾞﾚｲｽ"},
{"usage": "given", "gender": "female", "name": "ｹｲﾃｨ"},
{"usage": "given", "gender": "female", "name": "ｹｲﾃｨﾝ"},
{"usage": "given", "gender": "female", "name": "ｹｲﾄﾘﾝ"},
{"usage": "given", "gender": "female", "name": "ｹｲﾗ"},
{"usage": "given", "gender": "female", "name": "ｹｲﾘｰ"},
{"usage": "given", "gender": "female", "name": "ｻﾊﾞﾅ"},
{"usage": "given", "gender": "female", "name": "ｻﾏﾝｻ"},
{"usage": "given", "gender": "female", "name": "ｻﾗ"},
{"usage": "given", "gender": "female", "name": "ｻﾗ"},
{"usage": "given", "gender": "female", "name": "ｼｬｰﾛｯﾄ"},
{"usage": "given", "gender": "female", "name": "ｼﾄﾞﾆｰ"},
{"usage": "given", "gender": "female", "name": "ｼﾞｪｼｰ"},
{"usage": "given", "gender": "female", "name": "ｼﾞｪｼｶ"},
{"usage": "given", "gender": "female", "name": "ｼﾞｪﾆﾌｧｰ"},
{"usage": "given", "gender": "female", "name": "ｼﾞｪﾈｼｽ"},
{"usage": "given", "gender": "female", "name": "ｼﾞｪﾝ"},
{"usage": "given", "gender": "female", "name": "ｼﾞｬｽﾐﾝ"},
{"usage": "given", "gender": "female", "name": "ｼﾞｬﾝﾅ"},
{"usage": "given", "gender": "female", "name": "ｼﾞｭﾘｱ"},
{"usage": "given", "gender": "female", "name": "ｼﾞｮｾﾘﾝ"},
{"usage": "given", "gender": "female", "name": "ｿﾌｨｰ"},
{"usage": "given", "gender": "female", "name": "ｿﾌｨｱ"},
{"usage": "given", "gender": "female", "name": "ｿﾞｰｲ"},
{"usage": "given", "gender": "female", "name": "ｿﾞｰｲｰ"},
{"usage": "given", "gender": "female", "name": "ﾃﾞｽﾃｨﾆｰ"},
{"usage": "given", "gender": "female", "name": "ﾄﾘﾆﾃｨｰ"},
{"usage": "given", "gender": "female", "name": "ﾅﾀﾘｰ"},
{"usage": "given", "gender": "female", "name": "ﾅﾂｷ"},
{"usage": "given", "gender": "female", "name": "ﾇｸ"},
{"usage": "given", "gender": "female", "name": "ﾈﾊﾞｴ"},
{"usage": "given", "gender": "female", "name": "ﾊﾝﾅ"},
{"usage": "given", "gender": "female", "name": "ﾋｶﾘ"},
{"usage": "given", "gender": "female", "name": "ﾋﾞｸﾄﾘｱ"},
{"usage": "given", "gender": "female", "name": "ﾌｪｲｽ"},
{"usage": "given", "gender": "female", "name": "ﾌﾞﾘｱﾅ"},
{"usage": "given", "gender": "female", "name": "ﾌﾞﾙｯｸ"},
{"usage": "given", "gender": "female", "name": "ﾌﾞﾙｯｸﾘﾝ"},
{"usage": "given", "gender": "female", "name": "ﾍｲﾘｰ"},
{"usage": "given", "gender": "female", "name": "ﾍｻﾞｰ"},
{"usage": "given", "gender": "female", "name": "ﾍﾞｲﾘｰ"},
{"usage": "given", "gender": "female", "name": "ﾍﾞﾈｯｻ"},
{"usage": "given", "gender": "female", "name": "ﾍﾟｲｼﾞ"},
{"usage": "given", "gender": "female", "name": "ﾍﾟｲﾄﾝ"},
{"usage": "given", "gender": "female", "name": "ﾏｹｲﾗ"},
{"usage": "given", "gender": "female", "name": "ﾏﾃﾞｨｿﾝ"},
{"usage": "given", "gender": "female", "name": "ﾏﾃﾞﾘｰﾝ"},
{"usage": "given", "gender": "female", "name": "ﾏﾃﾞﾘﾝ"},
{"usage": "given", "gender": "female", "name": "ﾏﾔ"},
{"usage": "given", "gender": "female", "name": "ﾏﾗｲｱ"},
{"usage": "given", "gender": "female", "name": "ﾏﾘｱ"},
{"usage": "given", "gender": "female", "name": "ﾐｱ"},
{"usage": "given", "gender": "female", "name": "ﾒｰｶﾞﾝ"},
{"usage": "given", "gender": "female", "name": "ﾒｱﾘｰ"},
{"usage": "given", "gender": "female", "name": "ﾒﾗﾆｰ"},
{"usage": "given", "gender": "female", "name": "ﾓｰｶﾞﾝ"},
{"usage": "given", "gender": "female", "name": "ﾕｷ"},
{"usage": "given", "gender": "female", "name": "ﾗｲﾘｰ"},
{"usage": "given", "gender": "female", "name": "ﾘﾘｰ"},
{"usage": "given", "gender": "female", "name": "ﾘﾘｱﾝ"},
{"usage": "given", "gender": "female", "name": "ﾚｱ"},
{"usage": "given", "gender": "female", "name": "ﾚｲﾁｪﾙ"},
{"usage": "given", "gender": "female", "name": "ﾚｲﾗ"},
{"usage": "given", "gender": "female", "name": "ﾛｰﾚﾝ"},
{"usage": "given", "gender": "male", "name": "ｱｰﾛﾝ"},
{"usage": "given", "gender": "male", "name": "ｱｲｻﾞｯｸ"},
{"usage": "given", "gender": "male", "name": "ｱｲﾃﾞﾝ"},
{"usage": "given", "gender": "male", "name": "ｱﾀﾞﾑ"},
{"usage": "given", "gender": "male", "name": "ｱﾄﾞﾘｱﾝ"},
{"usage": "given", "gender": "male", "name": "ｱﾚｯｸｽ"},
{"usage": "given", "gender": "male", "name": "ｱﾚｸｻﾝﾄﾞﾙ"},
{"usage": "given", "gender": "male", "name": "ｱﾝｼﾞｪﾙ"},
{"usage": "given", "gender": "male", "name": "ｱﾝﾄﾆｰ"},
{"usage": "given", "gender": "male", "name": "ｱﾝﾄﾞﾘｭｰ"},
{"usage": "given", "gender": "male", "name": "ｲｰｻﾝ"},
{"usage": "given", "gender": "male", "name": "ｲｰﾌﾞﾝ"},
{"usage": "given", "gender": "male", "name": "ｲｱﾝ"},
{"usage": "given", "gender": "male", "name": "ｲｻﾞﾔ"},
{"usage": "given", "gender": "male", "name": "ｲﾗｲｼﾞｬ"},
{"usage": "given", "gender": "male", "name": "ｳｨﾘｱﾑ"},
{"usage": "given", "gender": "male", "name": "ｴｲﾀﾞﾝ"},
{"usage": "given", "gender": "male", "name": "ｴｲﾃﾞﾝ"},
{"usage": "given", "gender": "male", "name": "ｴﾊﾞﾝ"},
{"usage": "given", "gender": "male", "name": "ｴﾘ"},
{"usage": "given", "gender": "male", "name": "ｴﾘｯｸ"},
{"usage": "given", "gender": "male", "name": "ｵｰｳｪﾝ"},
{"usage": "given", "gender": "male", "name": "ｵｰｽﾁﾝ"},
{"usage": "given", "gender": "male", "name": "ｶｰｿﾝ"},
{"usage": "given", "gender": "male", "name": "ｶｰﾀｰ"},
{"usage": "given", "gender": "male", "name": "ｶｲﾙ"},
{"usage": "given", "gender": "male", "name": "ｶﾃﾞﾝ"},
{"usage": "given", "gender": "male", "name": "ｶﾙﾛｽ"},
{"usage": "given", "gender": "male", "name": "ｶﾚﾌﾞ"},
{"usage": "given", "gender": "male", "name": "ｶﾞﾋﾞﾝ"},
{"usage": "given", "gender": "male", "name": "ｷｬﾒﾛﾝ"},
{"usage": "given", "gender": "male", "name": "ｷｮｰｽｹ"},
{"usage": "given", "gender": "male", "name": "ｷﾗ"},
{"usage": "given", "gender": "male", "name": "ｸｰﾊﾟｰ"},
{"usage": "given", "gender": "male", "name": "ｸﾘｽﾁｬﾝ"},
{"usage": "given", "gender": "male", "name": "ｸﾘｽﾄﾌｧｰ"},
{"usage": "given", "gender": "male", "name": "ｹｲﾀ"},
{"usage": "given", "gender": "male", "name": "ｹｲﾃﾞﾝ"},
{"usage": "given", "gender": "male", "name": "ｹﾋﾞﾝ"},
{"usage": "given", "gender": "male", "name": "ｹﾞｲﾌﾞﾘｴﾙ"},
{"usage": "given", "gender": "male", "name": "ｹﾞﾝﾄﾞｰ"},
{"usage": "given", "gender": "male", "name": "ｺｰﾙ"},
{"usage": "given", "gender": "male", "name": "ｺﾅｰ"},
{"usage": "given", "gender": "male", "name": "ｺﾙﾄﾝ"},
{"usage": "given", "gender": "male", "name": "ｻﾋﾞｴﾙ"},
{"usage": "given", "gender": "male", "name": "ｻﾐｭｴﾙ"},
{"usage": "given", "gender": "male", "name": "ｻﾞｶﾘｰ"},
{"usage": "given", "gender": "male", "name": "ｼｮｰﾝ"},
{"usage": "given", "gender": "male", "name": "ｼﾞｪｰﾑｽ"},
{"usage": "given", "gender": "male", "name": "ｼﾞｪｲｺﾌﾞ"},
{"usage": "given", "gender": "male", "name": "ｼﾞｪｲｽﾝ"},
{"usage": "given", "gender": "male", "name": "ｼﾞｪｲﾃﾞﾝ"},
{"usage": "given", "gender": "male", "name": "ｼﾞｪｲﾃﾞﾝ"},
{"usage": "given", "gender": "male", "name": "ｼﾞｪﾚﾐｱ"},
{"usage": "given", "gender": "male", "name": "ｼﾞｬｯｸ"},
{"usage": "given", "gender": "male", "name": "ｼﾞｬｸｿﾝ"},
{"usage": "given", "gender": "male", "name": "ｼﾞｬｽﾃｨﾝ"},
{"usage": "given", "gender": "male", "name": "ｼﾞｭﾘｱﾝ"},
{"usage": "given", "gender": "male", "name": "ｼﾞｮｰﾀﾞﾝ"},
{"usage": "given", "gender": "male", "name": "ｼﾞｮｱﾝ"},
{"usage": "given", "gender": "male", "name": "ｼﾞｮｻｲｱ"},
{"usage": "given", "gender": "male", "name": "ｼﾞｮｼｭｱ"},
{"usage": "given", "gender": "male", "name": "ｼﾞｮｾﾌ"},
{"usage": "given", "gender": "male", "name": "ｼﾞｮｾﾞ"},
{"usage": "given", "gender": "male", "name": "ｼﾞｮﾅｻﾝ"},
{"usage": "given", "gender": "male", "name": "ｼﾞｮﾝ"},
{"usage": "given", "gender": "male", "name": "ｾﾊﾞｽﾁｬﾝ"},
{"usage": "given", "gender": "male", "name": "ﾀｲﾗｰ"},
{"usage": "given", "gender": "male", "name": "ﾀｹｳﾁ"},
{"usage": "given", "gender": "male", "name": "ﾀﾞｲｽｹ"},
{"usage": "given", "gender": "male", "name": "ﾀﾞﾆｴﾙ"},
{"usage": "given", "gender": "male", "name": "ﾁｪｲｽ"},
{"usage": "given", "gender": "male", "name": "ﾁｬｰﾙｽﾞ"},
{"usage": "given", "gender": "male", "name": "ﾃﾞｨｴｺﾞ"},
{"usage": "given", "gender": "male", "name": "ﾃﾞｨﾗﾝ"},
{"usage": "given", "gender": "male", "name": "ﾃﾞｲﾋﾞｯﾄﾞ"},
{"usage": "given", "gender": "male", "name": "ﾄﾏｽ"},
{"usage": "given", "gender": "male", "name": "ﾄﾘｽﾀﾝ"},
{"usage": "given", "gender": "male", "name": "ﾄﾞﾐﾆｸ"},
{"usage": "given", "gender": "male", "name": "ﾅｻﾆｴﾙ"},
{"usage": "given", "gender": "male", "name": "ﾆｺﾗｽ"},
{"usage": "given", "gender": "male", "name": "ﾈｲｻﾝ"},
{"usage": "given", "gender": "male", "name": "ﾉｱ"},
{"usage": "given", "gender": "male", "name": "ﾊﾝﾀｰ"},
{"usage": "given", "gender": "male", "name": "ﾌﾞﾗｲｱﾝ"},
{"usage": "given", "gender": "male", "name": "ﾌﾞﾗｲﾔﾝ"},
{"usage": "given", "gender": "male", "name": "ﾌﾞﾗﾃﾞｨ"},
{"usage": "given", "gender": "male", "name": "ﾌﾞﾗﾃﾞｨ"},
{"usage": "given", "gender": "male", "name": "ﾌﾞﾗﾝﾄﾞﾝ"},
{"usage": "given", "gender": "male", "name": "ﾌﾞﾚｲｸ"},
{"usage": "given", "gender": "male", "name": "ﾌﾞﾚｲﾃﾞﾝ"},
{"usage": "given", "gender": "male", "name": "ﾍｲﾃﾞﾝ"},
{"usage": "given", "gender": "male", "name": "ﾍｽｳｽ"},
{"usage": "given", "gender": "male", "name": "ﾍﾝﾘｰ"},
{"usage": "given", "gender": "male", "name": "ﾍﾞﾝｼﾞｬﾐﾝ"},
{"usage": "given", "gender": "male", "name": "ﾏｲｹﾙ"},
{"usage": "given", "gender": "male", "name": "ﾏｼｭｰ"},
{"usage": "given", "gender": "male", "name": "ﾒｰｿﾝ"},
{"usage": "given", "gender": "male", "name": "ﾗｲｱﾝ"},
{"usage": "given", "gender": "male", "name": "ﾗﾝﾄﾞﾝ"},
{"usage": "given", "gender": "male", "name": "ﾘｰｱﾑ"},
{"usage": "given", "gender": "male", "name": "ﾙｰｶｽ"},
{"usage": "given", "gender": "male", "name": "ﾙｰｸ"},
{"usage": "given", "gender": "male", "name": "ﾙｲｽ"},
{"usage": "given", "gender": "male", "name": "ﾛｰｶﾞﾝ"},
{"usage": "given", "gender": "male", "name": "ﾛﾊﾞｰﾄ"},
{"usage": "given", "gender": "male", "name": "ﾜｲｱｯﾄ"}
]
