[
{"usage": "backer", "gender": "unisex", "name": "Аджай Чандра"},
{"usage": "backer", "gender": "unisex", "name": "Александр Викс"},
{"usage": "backer", "gender": "unisex", "name": "Александр Дмитриев"},
{"usage": "backer", "gender": "unisex", "name": "Александр Кричко"},
{"usage": "backer", "gender": "unisex", "name": "Альфаи"},
{"usage": "backer", "gender": "unisex", "name": "Антон Стрюк"},
{"usage": "backer", "gender": "unisex", "name": "Аргус М. Лоуэлл"},
{"usage": "backer", "gender": "unisex", "name": "Арк"},
{"usage": "backer", "gender": "unisex", "name": "Артчер"},
{"usage": "backer", "gender": "unisex", "name": "Атомос"},
{"usage": "backer", "gender": "unisex", "name": "Бен Макклюр"},
{"usage": "backer", "gender": "unisex", "name": "Бенджамин Реплож"},
{"usage": "backer", "gender": "unisex", "name": "Бобалот"},
{"usage": "backer", "gender": "unisex", "name": "Брайан Дэвидсон"},
{"usage": "backer", "gender": "unisex", "name": "Брайан Хостерман"},
{"usage": "backer", "gender": "unisex", "name": "Вильям Форест"},
{"usage": "backer", "gender": "unisex", "name": "Винтар Гутблод"},
{"usage": "backer", "gender": "unisex", "name": "Габриэль Дун"},
{"usage": "backer", "gender": "unisex", "name": "Гатцу"},
{"usage": "backer", "gender": "unisex", "name": "Глен Ранситер"},
{"usage": "backer", "gender": "unisex", "name": "Гомер"},
{"usage": "backer", "gender": "unisex", "name": "Грифон-воробей"},
{"usage": "backer", "gender": "unisex", "name": "Гульфас Морголок"},
{"usage": "backer", "gender": "unisex", "name": "Гург Хакпоф"},
{"usage": "backer", "gender": "unisex", "name": "Д-р Хелька ван дер Шааф"},
{"usage": "backer", "gender": "unisex", "name": "Дак'кор"},
{"usage": "backer", "gender": "unisex", "name": "Даниэль Данахи"},
{"usage": "backer", "gender": "unisex", "name": "Даниэль Энфилд"},
{"usage": "backer", "gender": "unisex", "name": "Даск Гао"},
{"usage": "backer", "gender": "unisex", "name": "Дейв Штевердаверсон"},
{"usage": "backer", "gender": "unisex", "name": "Джастин Маккинон"},
{"usage": "backer", "gender": "unisex", "name": "Джеймс Кенни"},
{"usage": "backer", "gender": "unisex", "name": "Дженс Бекер"},
{"usage": "backer", "gender": "unisex", "name": "Джеф Мейджор"},
{"usage": "backer", "gender": "unisex", "name": "Джиллами Лебигот"},
{"usage": "backer", "gender": "unisex", "name": "Джим Вивер"},
{"usage": "backer", "gender": "unisex", "name": "Джим Ландерленд"},
{"usage": "backer", "gender": "unisex", "name": "Джозеф 'Янтарь' Бартлет"},
{"usage": "backer", "gender": "unisex", "name": "Джон Хаммэл"},
{"usage": "backer", "gender": "unisex", "name": "Джон Эннион"},
{"usage": "backer", "gender": "unisex", "name": "Джошуа Янг"},
{"usage": "backer", "gender": "unisex", "name": "Дик Суржес"},
{"usage": "backer", "gender": "unisex", "name": "Долио"},
{"usage": "backer", "gender": "unisex", "name": "Дуг Огден"},
{"usage": "backer", "gender": "unisex", "name": "Занам"},
{"usage": "backer", "gender": "unisex", "name": "Иеремия Брасс"},
{"usage": "backer", "gender": "unisex", "name": "Камиль Кливисон"},
{"usage": "backer", "gender": "unisex", "name": "Кевин Витт"},
{"usage": "backer", "gender": "unisex", "name": "Кевин Грассо"},
{"usage": "backer", "gender": "unisex", "name": "Кендзи Курокава"},
{"usage": "backer", "gender": "unisex", "name": "Клей Фокстейл"},
{"usage": "backer", "gender": "unisex", "name": "Крейг Маттон"},
{"usage": "backer", "gender": "unisex", "name": "Крейг Фергюсон"},
{"usage": "backer", "gender": "unisex", "name": "Крис Уоткинс"},
{"usage": "backer", "gender": "unisex", "name": "Кристофер Фолинз"},
{"usage": "backer", "gender": "unisex", "name": "Лаклан"},
{"usage": "backer", "gender": "unisex", "name": "Ларион"},
{"usage": "backer", "gender": "unisex", "name": "Лев Мышкин"},
{"usage": "backer", "gender": "unisex", "name": "Леонид Васильев"},
{"usage": "backer", "gender": "unisex", "name": "Лоури Денис"},
{"usage": "backer", "gender": "unisex", "name": "Майкл 'Ужасный конец' Джонс"},
{"usage": "backer", "gender": "unisex", "name": "Майкл Кинкейд"},
{"usage": "backer", "gender": "unisex", "name": "Майкл Хилл"},
{"usage": "backer", "gender": "unisex", "name": "Майлс Прауэрс"},
{"usage": "backer", "gender": "unisex", "name": "Маник Депрасив"},
{"usage": "backer", "gender": "unisex", "name": "Марк 'Плохиш' Бэдой"},
{"usage": "backer", "gender": "unisex", "name": "Мартин Вударт"},
{"usage": "backer", "gender": "unisex", "name": "Мартин Свенсон"},
{"usage": "backer", "gender": "unisex", "name": "Мигель Гермес"},
{"usage": "backer", "gender": "unisex", "name": "Мик Бат"},
{"usage": "backer", "gender": "unisex", "name": "Милоч"},
{"usage": "backer", "gender": "unisex", "name": "Мишель Бержерон"},
{"usage": "backer", "gender": "unisex", "name": "Морозный Лис"},
{"usage": "backer", "gender": "unisex", "name": "Мэт Вильямс"},
{"usage": "backer", "gender": "unisex", "name": "Мэтт Дэвис"},
{"usage": "backer", "gender": "unisex", "name": "Мэттью Ст. Джон"},
{"usage": "backer", "gender": "unisex", "name": "Натан Кан"},
{"usage": "backer", "gender": "unisex", "name": "Натаниэль Форд"},
{"usage": "backer", "gender": "unisex", "name": "Непокорный Рик"},
{"usage": "backer", "gender": "unisex", "name": "Ник 'Хаос' Паркер"},
{"usage": "backer", "gender": "unisex", "name": "Ник Стефан"},
{"usage": "backer", "gender": "unisex", "name": "Оуэн Дан"},
{"usage": "backer", "gender": "unisex", "name": "Паскаль Филипович"},
{"usage": "backer", "gender": "unisex", "name": "Питер Штальберг"},
{"usage": "backer", "gender": "unisex", "name": "Пол Уоллас"},
{"usage": "backer", "gender": "unisex", "name": "Раймонд Белас"},
{"usage": "backer", "gender": "unisex", "name": "Ракель Макмахон"},
{"usage": "backer", "gender": "unisex", "name": "Расс Рейнольдс III"},
{"usage": "backer", "gender": "unisex", "name": "Рено Паркер"},
{"usage": "backer", "gender": "unisex", "name": "Роб Ветзель"},
{"usage": "backer", "gender": "unisex", "name": "Роб Кейс"},
{"usage": "backer", "gender": "unisex", "name": "Ролль"},
{"usage": "backer", "gender": "unisex", "name": "Рон 'Шумный' Хаким"},
{"usage": "backer", "gender": "unisex", "name": "Ронни Магнуссон"},
{"usage": "backer", "gender": "unisex", "name": "Рудольф Шмидт"},
{"usage": "backer", "gender": "unisex", "name": "Саймон Торесен Хульт"},
{"usage": "backer", "gender": "unisex", "name": "Себастьян Жафрэ"},
{"usage": "backer", "gender": "unisex", "name": "Серкан Койл"},
{"usage": "backer", "gender": "unisex", "name": "Симефирми"},
{"usage": "backer", "gender": "unisex", "name": "Снежный Мяу"},
{"usage": "backer", "gender": "unisex", "name": "Спати Пкелуч"},
{"usage": "backer", "gender": "unisex", "name": "Стивен Петерсон"},
{"usage": "backer", "gender": "unisex", "name": "Стотнер"},
{"usage": "backer", "gender": "unisex", "name": "Сэм Стейн"},
{"usage": "backer", "gender": "unisex", "name": "Сёч Габор Ференс"},
{"usage": "backer", "gender": "unisex", "name": "Тобиас Франк"},
{"usage": "backer", "gender": "unisex", "name": "Товарищ Гарри"},
{"usage": "backer", "gender": "unisex", "name": "Тодрик Райеп"},
{"usage": "backer", "gender": "unisex", "name": "Том Хупер"},
{"usage": "backer", "gender": "unisex", "name": "Томас Ларсон"},
{"usage": "backer", "gender": "unisex", "name": "Томас Саймон"},
{"usage": "backer", "gender": "unisex", "name": "ТонЗа"},
{"usage": "backer", "gender": "unisex", "name": "Тонами Йогенсен"},
{"usage": "backer", "gender": "unisex", "name": "Тревис Гибсон"},
{"usage": "backer", "gender": "unisex", "name": "Трианна"},
{"usage": "backer", "gender": "unisex", "name": "Уилл Уолкер"},
{"usage": "backer", "gender": "unisex", "name": "Урист Макпрудент"},
{"usage": "backer", "gender": "unisex", "name": "Уэйн А. Артуртон"},
{"usage": "backer", "gender": "unisex", "name": "Феликс Аплин"},
{"usage": "backer", "gender": "unisex", "name": "Феликс Фокс"},
{"usage": "backer", "gender": "unisex", "name": "Филипп Тремблей"},
{"usage": "backer", "gender": "unisex", "name": "Халид Рашид"},
{"usage": "backer", "gender": "unisex", "name": "Херит Себон"},
{"usage": "backer", "gender": "unisex", "name": "Хуберт Роденбаух"},
{"usage": "backer", "gender": "unisex", "name": "Хуберт Хьюз"},
{"usage": "backer", "gender": "unisex", "name": "Хэнк Лекрам"},
{"usage": "backer", "gender": "unisex", "name": "Чжао"},
{"usage": "backer", "gender": "unisex", "name": "Шарлотта Холл"},
{"usage": "backer", "gender": "unisex", "name": "Шон Дункан"},
{"usage": "backer", "gender": "unisex", "name": "Эвелин Фрост"},
{"usage": "backer", "gender": "unisex", "name": "Эли Форест Китон"},
{"usage": "backer", "gender": "unisex", "name": "Эндрю Вебстер"},
{"usage": "backer", "gender": "unisex", "name": "Эндрю Гуастелла"},
{"usage": "backer", "gender": "unisex", "name": "Энрике Алонсо"},
{"usage": "backer", "gender": "unisex", "name": "Энтони Берли"},
{"usage": "backer", "gender": "unisex", "name": "Эрик Русак"},
{"usage": "backer", "gender": "unisex", "name": "Эрик Хангебухлер"},
{"usage": "backer", "gender": "unisex", "name": "Ян Клир"},
{"usage": "city", "name": "Абингтон"},
{"usage": "city", "name": "Аврора"},
{"usage": "city", "name": "Агавам"},
{"usage": "city", "name": "Адамс"},
{"usage": "city", "name": "Аддисон"},
{"usage": "city", "name": "Айер"},
{"usage": "city", "name": "Айл Ла Мотт"},
{"usage": "city", "name": "Айл о Хаут"},
{"usage": "city", "name": "Айленд Фолс"},
{"usage": "city", "name": "Айлсборо"},
{"usage": "city", "name": "Айра"},
{"usage": "city", "name": "Аквинна"},
{"usage": "city", "name": "Акворт"},
{"usage": "city", "name": "Аксбридж"},
{"usage": "city", "name": "Актон"},
{"usage": "city", "name": "Акушнет"},
{"usage": "city", "name": "Албион"},
{"usage": "city", "name": "Александер"},
{"usage": "city", "name": "Александрия"},
{"usage": "city", "name": "Аллагаш"},
{"usage": "city", "name": "Алленстаун"},
{"usage": "city", "name": "Ална"},
{"usage": "city", "name": "Альтон"},
{"usage": "city", "name": "Альфред"},
{"usage": "city", "name": "Амити"},
{"usage": "city", "name": "Амхерст"},
{"usage": "city", "name": "Андерхилл"},
{"usage": "city", "name": "Ансония"},
{"usage": "city", "name": "Антрим"},
{"usage": "city", "name": "Аптон"},
{"usage": "city", "name": "Аргайл"},
{"usage": "city", "name": "Арлингтон"},
{"usage": "city", "name": "Арроузик"},
{"usage": "city", "name": "Арундел"},
{"usage": "city", "name": "Атенс"},
{"usage": "city", "name": "Аткинсон"},
{"usage": "city", "name": "Атол"},
{"usage": "city", "name": "Ашбернем"},
{"usage": "city", "name": "Ашби"},
{"usage": "city", "name": "Ашленд"},
{"usage": "city", "name": "Ашфилд"},
{"usage": "city", "name": "Ашфорд"},
{"usage": "city", "name": "Байрон"},
{"usage": "city", "name": "Бакленд"},
{"usage": "city", "name": "Бакспорт"},
{"usage": "city", "name": "Бакстон"},
{"usage": "city", "name": "Бакфилд"},
{"usage": "city", "name": "Балтимор"},
{"usage": "city", "name": "Бангор"},
{"usage": "city", "name": "Банкрофт"},
{"usage": "city", "name": "Бар Харбор"},
{"usage": "city", "name": "Баринг плантейшн"},
{"usage": "city", "name": "Баркхамстед"},
{"usage": "city", "name": "Барлингтон"},
{"usage": "city", "name": "Барнард"},
{"usage": "city", "name": "Барнет"},
{"usage": "city", "name": "Барнстед"},
{"usage": "city", "name": "Барнстейбл"},
{"usage": "city", "name": "Барр"},
{"usage": "city", "name": "Баррингтон"},
{"usage": "city", "name": "Бартлетт"},
{"usage": "city", "name": "Бартон"},
{"usage": "city", "name": "Бат"},
{"usage": "city", "name": "Беверли"},
{"usage": "city", "name": "Беддингтон"},
{"usage": "city", "name": "Бедфорд"},
{"usage": "city", "name": "Бейкерсфилд"},
{"usage": "city", "name": "Бейливилл"},
{"usage": "city", "name": "Бекет"},
{"usage": "city", "name": "Белвидер"},
{"usage": "city", "name": "Белград"},
{"usage": "city", "name": "Беллингхем"},
{"usage": "city", "name": "Белмонт"},
{"usage": "city", "name": "Белфаст"},
{"usage": "city", "name": "Белчертаун"},
{"usage": "city", "name": "Бенедикта"},
{"usage": "city", "name": "Беннингтон"},
{"usage": "city", "name": "Бенсон"},
{"usage": "city", "name": "Бентон"},
{"usage": "city", "name": "Берк"},
{"usage": "city", "name": "Беркли"},
{"usage": "city", "name": "Беркшир"},
{"usage": "city", "name": "Берлин"},
{"usage": "city", "name": "Бернардстон"},
{"usage": "city", "name": "Бернем"},
{"usage": "city", "name": "Беррилвилл"},
{"usage": "city", "name": "Беруик"},
{"usage": "city", "name": "Бетани"},
{"usage": "city", "name": "Бетел"},
{"usage": "city", "name": "Бетлехем"},
{"usage": "city", "name": "Бивер Ков"},
{"usage": "city", "name": "Биддефорд"},
{"usage": "city", "name": "Бикон Фолс"},
{"usage": "city", "name": "Биллерика"},
{"usage": "city", "name": "Билс"},
{"usage": "city", "name": "Бингам"},
{"usage": "city", "name": "Бланфорд"},
{"usage": "city", "name": "Бланчард"},
{"usage": "city", "name": "Блейн"},
{"usage": "city", "name": "Блекстон"},
{"usage": "city", "name": "Блу Хил"},
{"usage": "city", "name": "Блумфилд"},
{"usage": "city", "name": "Бозра"},
{"usage": "city", "name": "Бойлстон"},
{"usage": "city", "name": "Боксборо"},
{"usage": "city", "name": "Боксфорд"},
{"usage": "city", "name": "Болдуин"},
{"usage": "city", "name": "Болтон"},
{"usage": "city", "name": "Борн"},
{"usage": "city", "name": "Боскавен"},
{"usage": "city", "name": "Бостон"},
{"usage": "city", "name": "Боу"},
{"usage": "city", "name": "Боудойн"},
{"usage": "city", "name": "Боудойнхем"},
{"usage": "city", "name": "Боуэрбанк"},
{"usage": "city", "name": "Брадфорд"},
{"usage": "city", "name": "Брайтон"},
{"usage": "city", "name": "Брайтон"},
{"usage": "city", "name": "Брансуик"},
{"usage": "city", "name": "Бранфорд"},
{"usage": "city", "name": "Братлборо"},
{"usage": "city", "name": "Браунвилль"},
{"usage": "city", "name": "Браунингтон"},
{"usage": "city", "name": "Браунфилд"},
{"usage": "city", "name": "Бредли"},
{"usage": "city", "name": "Брейнтри"},
{"usage": "city", "name": "Бремен"},
{"usage": "city", "name": "Брендон"},
{"usage": "city", "name": "Брентвуд"},
{"usage": "city", "name": "Бриджпорт"},
{"usage": "city", "name": "Бриджпорт"},
{"usage": "city", "name": "Бриджтон"},
{"usage": "city", "name": "Бриджуотер"},
{"usage": "city", "name": "Бримфилд"},
{"usage": "city", "name": "Бристоль"},
{"usage": "city", "name": "Броктон"},
{"usage": "city", "name": "Бруклин"},
{"usage": "city", "name": "Бруклин"},
{"usage": "city", "name": "Бруклин"},
{"usage": "city", "name": "Брукс"},
{"usage": "city", "name": "Бруксвилль"},
{"usage": "city", "name": "Бруктон"},
{"usage": "city", "name": "Брукфилд"},
{"usage": "city", "name": "Брустер"},
{"usage": "city", "name": "Брюэр"},
{"usage": "city", "name": "Бутбей Харбор"},
{"usage": "city", "name": "Бутбей"},
{"usage": "city", "name": "Бывшие города:"},
{"usage": "city", "name": "Ван-Бьюрен"},
{"usage": "city", "name": "Вансеборо"},
{"usage": "city", "name": "Вассалборо"},
{"usage": "city", "name": "Вашингтон"},
{"usage": "city", "name": "Веази"},
{"usage": "city", "name": "Веллингтон"},
{"usage": "city", "name": "Вердженес"},
{"usage": "city", "name": "Вернон"},
{"usage": "city", "name": "Верона Айленд"},
{"usage": "city", "name": "Вершир"},
{"usage": "city", "name": "Вест Бат"},
{"usage": "city", "name": "Вест Бойлстон"},
{"usage": "city", "name": "Вест Бриджуотер"},
{"usage": "city", "name": "Вест Брукфилд"},
{"usage": "city", "name": "Вест Виндзор"},
{"usage": "city", "name": "Вест Гардинер"},
{"usage": "city", "name": "Вест Гринвич"},
{"usage": "city", "name": "Вест Ньюбери"},
{"usage": "city", "name": "Вест Парис"},
{"usage": "city", "name": "Вест Ратленд"},
{"usage": "city", "name": "Вест Спрингфилд"},
{"usage": "city", "name": "Вест Стокбридж"},
{"usage": "city", "name": "Вест Тисбери"},
{"usage": "city", "name": "Вест Уорик"},
{"usage": "city", "name": "Вест Форкс"},
{"usage": "city", "name": "Вест Фэрли"},
{"usage": "city", "name": "Вест Хартфорд"},
{"usage": "city", "name": "Вест Хейвен"},
{"usage": "city", "name": "Вестминстер"},
{"usage": "city", "name": "Виктори"},
{"usage": "city", "name": "Виналхейвен"},
{"usage": "city", "name": "Виндзор Локс"},
{"usage": "city", "name": "Виндзор"},
{"usage": "city", "name": "Виндхам"},
{"usage": "city", "name": "Винчестер"},
{"usage": "city", "name": "Вискассет"},
{"usage": "city", "name": "Волантаун"},
{"usage": "city", "name": "Восточный Бриджуотер"},
{"usage": "city", "name": "Восточный Брукфилд"},
{"usage": "city", "name": "Восточный Виндзор"},
{"usage": "city", "name": "Восточный Гранби"},
{"usage": "city", "name": "Восточный Гринвич"},
{"usage": "city", "name": "Восточный Кингстон"},
{"usage": "city", "name": "Восточный Лайм"},
{"usage": "city", "name": "Восточный Лонгмидоу"},
{"usage": "city", "name": "Восточный Макиас"},
{"usage": "city", "name": "Восточный Миллинокет"},
{"usage": "city", "name": "Восточный Монпелье"},
{"usage": "city", "name": "Восточный Провиденс"},
{"usage": "city", "name": "Восточный Хаддэм"},
{"usage": "city", "name": "Восточный Хамптон"},
{"usage": "city", "name": "Восточный Хартфорд"},
{"usage": "city", "name": "Восточный Хейвен"},
{"usage": "city", "name": "Вудбери"},
{"usage": "city", "name": "Вудбридж"},
{"usage": "city", "name": "Вудвилл"},
{"usage": "city", "name": "Вудленд"},
{"usage": "city", "name": "Вудсток"},
{"usage": "city", "name": "Вудфорд"},
{"usage": "city", "name": "Вулуич"},
{"usage": "city", "name": "Вулфборо"},
{"usage": "city", "name": "Вунсокет"},
{"usage": "city", "name": "Вустер"},
{"usage": "city", "name": "Вьенна"},
{"usage": "city", "name": "Вэр"},
{"usage": "city", "name": "Вэрхэм"},
{"usage": "city", "name": "Гайд Парк"},
{"usage": "city", "name": "Галифакс"},
{"usage": "city", "name": "Гамильтон"},
{"usage": "city", "name": "Ганновер"},
{"usage": "city", "name": "Гарвард"},
{"usage": "city", "name": "Гардинер"},
{"usage": "city", "name": "Гарднер"},
{"usage": "city", "name": "Гарленд"},
{"usage": "city", "name": "Гаррисон"},
{"usage": "city", "name": "Гарфилд Плантейшн"},
{"usage": "city", "name": "Гилдхолл"},
{"usage": "city", "name": "Гилеад"},
{"usage": "city", "name": "Гилл"},
{"usage": "city", "name": "Гилмантон"},
{"usage": "city", "name": "Гилсум"},
{"usage": "city", "name": "Гилфорд"},
{"usage": "city", "name": "Гилфорд"},
{"usage": "city", "name": "Гластенбери"},
{"usage": "city", "name": "Гластонбери"},
{"usage": "city", "name": "Гленберн"},
{"usage": "city", "name": "Гленвуд Плантейшен"},
{"usage": "city", "name": "Гловер"},
{"usage": "city", "name": "Глостер"},
{"usage": "city", "name": "Глостер"},
{"usage": "city", "name": "Горем"},
{"usage": "city", "name": "Госнолд"},
{"usage": "city", "name": "Гоффстаун"},
{"usage": "city", "name": "Гошен"},
{"usage": "city", "name": "Гранвилл"},
{"usage": "city", "name": "Гранд Лейк Стрим"},
{"usage": "city", "name": "Гранд-Айл"},
{"usage": "city", "name": "Грантам"},
{"usage": "city", "name": "Графтон"},
{"usage": "city", "name": "Грей"},
{"usage": "city", "name": "Грин"},
{"usage": "city", "name": "Гринбуш"},
{"usage": "city", "name": "Гринвилл"},
{"usage": "city", "name": "Гринвич"},
{"usage": "city", "name": "Гринвуд"},
{"usage": "city", "name": "Гринленд"},
{"usage": "city", "name": "Гринсборо"},
{"usage": "city", "name": "Гринфилд"},
{"usage": "city", "name": "Грисволд"},
{"usage": "city", "name": "Гровленд"},
{"usage": "city", "name": "Гротон"},
{"usage": "city", "name": "Грэйт Баррингтон"},
{"usage": "city", "name": "Грэйт Понд"},
{"usage": "city", "name": "Грэнби"},
{"usage": "city", "name": "Гудзон"},
{"usage": "city", "name": "Гулдсборо"},
{"usage": "city", "name": "Дадли"},
{"usage": "city", "name": "Дайер Брук"},
{"usage": "city", "name": "Дайтон"},
{"usage": "city", "name": "Даксбери"},
{"usage": "city", "name": "Даллас Плантейшен"},
{"usage": "city", "name": "Дамарискотта"},
{"usage": "city", "name": "Даммер"},
{"usage": "city", "name": "Даммерстон"},
{"usage": "city", "name": "Данбери"},
{"usage": "city", "name": "Данби"},
{"usage": "city", "name": "Данверс"},
{"usage": "city", "name": "Данвилл"},
{"usage": "city", "name": "Данстэбл"},
{"usage": "city", "name": "Данфорт"},
{"usage": "city", "name": "Дарем"},
{"usage": "city", "name": "Дариен"},
{"usage": "city", "name": "Дартмут"},
{"usage": "city", "name": "Деблойс"},
{"usage": "city", "name": "Дедхэм"},
{"usage": "city", "name": "Дейтон"},
{"usage": "city", "name": "Декстер"},
{"usage": "city", "name": "Денмарк"},
{"usage": "city", "name": "Деннис"},
{"usage": "city", "name": "Деннисвилл"},
{"usage": "city", "name": "Деннистаун"},
{"usage": "city", "name": "Дерби"},
{"usage": "city", "name": "Дерри"},
{"usage": "city", "name": "Детройт"},
{"usage": "city", "name": "Джамайка"},
{"usage": "city", "name": "Джаффри"},
{"usage": "city", "name": "Джей"},
{"usage": "city", "name": "Джеймстаун"},
{"usage": "city", "name": "Джексон"},
{"usage": "city", "name": "Джерико"},
{"usage": "city", "name": "Джефферсон"},
{"usage": "city", "name": "Джонсборо"},
{"usage": "city", "name": "Джонсон"},
{"usage": "city", "name": "Джонспорт"},
{"usage": "city", "name": "Джонстон"},
{"usage": "city", "name": "Джорджия"},
{"usage": "city", "name": "Джорджтаун"},
{"usage": "city", "name": "Джэкман"},
{"usage": "city", "name": "Диксмонт"},
{"usage": "city", "name": "Диксфилд"},
{"usage": "city", "name": "Дип Ривер"},
{"usage": "city", "name": "Дир Айл"},
{"usage": "city", "name": "Диринг"},
{"usage": "city", "name": "Дирфилд"},
{"usage": "city", "name": "Довер-Фокскрофт"},
{"usage": "city", "name": "Долтон"},
{"usage": "city", "name": "Дорсет"},
{"usage": "city", "name": "Дорчестер"},
{"usage": "city", "name": "Дракат"},
{"usage": "city", "name": "Дрезден"},
{"usage": "city", "name": "Дрю Плантейшен"},
{"usage": "city", "name": "Дублин"},
{"usage": "city", "name": "Дувр"},
{"usage": "city", "name": "Дуглас"},
{"usage": "city", "name": "Дунбартон"},
{"usage": "city", "name": "Игл Лейк"},
{"usage": "city", "name": "Иден"},
{"usage": "city", "name": "Индастри"},
{"usage": "city", "name": "Ипсуич"},
{"usage": "city", "name": "Ирасберг"},
{"usage": "city", "name": "Истам"},
{"usage": "city", "name": "Истбрук"},
{"usage": "city", "name": "Истгемптон"},
{"usage": "city", "name": "Истон"},
{"usage": "city", "name": "Истпорт"},
{"usage": "city", "name": "Истфорд"},
{"usage": "city", "name": "Йорк"},
{"usage": "city", "name": "Кабот"},
{"usage": "city", "name": "Кавендиш"},
{"usage": "city", "name": "Кале"},
{"usage": "city", "name": "Камберленд"},
{"usage": "city", "name": "Каммингтон"},
{"usage": "city", "name": "Канаан"},
{"usage": "city", "name": "Кандия"},
{"usage": "city", "name": "Кантон"},
{"usage": "city", "name": "Каратанк"},
{"usage": "city", "name": "Карвер"},
{"usage": "city", "name": "Кари Плантейшен"},
{"usage": "city", "name": "Карибу"},
{"usage": "city", "name": "Карлайл"},
{"usage": "city", "name": "Кармел"},
{"usage": "city", "name": "Каролл"},
{"usage": "city", "name": "Каррабассетт Вэлли"},
{"usage": "city", "name": "Карролл Плантейшен"},
{"usage": "city", "name": "Картаж"},
{"usage": "city", "name": "Касвелл"},
{"usage": "city", "name": "Каско"},
{"usage": "city", "name": "Касл Хилл"},
{"usage": "city", "name": "Каслтон"},
{"usage": "city", "name": "Кастин"},
{"usage": "city", "name": "Катлер"},
{"usage": "city", "name": "Кейп Элизабет"},
{"usage": "city", "name": "Кембридж"},
{"usage": "city", "name": "Кендаскиг"},
{"usage": "city", "name": "Кеннебанк"},
{"usage": "city", "name": "Кеннебанкпорт"},
{"usage": "city", "name": "Кенсингтон"},
{"usage": "city", "name": "Кент"},
{"usage": "city", "name": "Кентербери"},
{"usage": "city", "name": "Киллингворт"},
{"usage": "city", "name": "Киллингли"},
{"usage": "city", "name": "Киллингтон"},
{"usage": "city", "name": "Кин"},
{"usage": "city", "name": "Кингман"},
{"usage": "city", "name": "Кингсбери Плантейшен"},
{"usage": "city", "name": "Кингстон"},
{"usage": "city", "name": "Кингфилд"},
{"usage": "city", "name": "Кир Плантейшен"},
{"usage": "city", "name": "Кирби"},
{"usage": "city", "name": "Киттери"},
{"usage": "city", "name": "Кларендон"},
{"usage": "city", "name": "Кларксбург"},
{"usage": "city", "name": "Кларксвилль"},
{"usage": "city", "name": "Клермонт"},
{"usage": "city", "name": "Клинтон"},
{"usage": "city", "name": "Клифтон"},
{"usage": "city", "name": "Ковентри"},
{"usage": "city", "name": "Кодивилл Плантейшен"},
{"usage": "city", "name": "Колбрук"},
{"usage": "city", "name": "Колрейн"},
{"usage": "city", "name": "Колумбия Фолс"},
{"usage": "city", "name": "Колумбия"},
{"usage": "city", "name": "Колчестер"},
{"usage": "city", "name": "Конкорд"},
{"usage": "city", "name": "Коннор"},
{"usage": "city", "name": "Конуэй"},
{"usage": "city", "name": "Коплин Плантейшен"},
{"usage": "city", "name": "Коринна"},
{"usage": "city", "name": "Коринф"},
{"usage": "city", "name": "Корнвилл"},
{"usage": "city", "name": "Корниш"},
{"usage": "city", "name": "Корнуолл"},
{"usage": "city", "name": "Кохассет"},
{"usage": "city", "name": "Кранберри Айлс"},
{"usage": "city", "name": "Кранстон"},
{"usage": "city", "name": "Крафтсбери"},
{"usage": "city", "name": "Кристл"},
{"usage": "city", "name": "Кройдон"},
{"usage": "city", "name": "Кромвель"},
{"usage": "city", "name": "Кроуфорд"},
{"usage": "city", "name": "Куинси"},
{"usage": "city", "name": "Купер"},
{"usage": "city", "name": "Кушинг"},
{"usage": "city", "name": "Кэмден"},
{"usage": "city", "name": "Кэмптон"},
{"usage": "city", "name": "Лаграндж"},
{"usage": "city", "name": "Ладлоу"},
{"usage": "city", "name": "Лайм"},
{"usage": "city", "name": "Лаймстон"},
{"usage": "city", "name": "Лакония"},
{"usage": "city", "name": "Ламоайн"},
{"usage": "city", "name": "Лангдон"},
{"usage": "city", "name": "Ландафф"},
{"usage": "city", "name": "Ландгров"},
{"usage": "city", "name": "Ланкастер"},
{"usage": "city", "name": "Лансборо"},
{"usage": "city", "name": "Лебанон"},
{"usage": "city", "name": "Левант"},
{"usage": "city", "name": "Левант"},
{"usage": "city", "name": "Ледьярд"},
{"usage": "city", "name": "Лейден"},
{"usage": "city", "name": "Лейден"},
{"usage": "city", "name": "Лейквилл"},
{"usage": "city", "name": "Лексингтон"},
{"usage": "city", "name": "Лемингтон"},
{"usage": "city", "name": "Лемпстер"},
{"usage": "city", "name": "Ленокс"},
{"usage": "city", "name": "Леоминстер"},
{"usage": "city", "name": "Лестер"},
{"usage": "city", "name": "Ли"},
{"usage": "city", "name": "Либерти"},
{"usage": "city", "name": "Ливермор Фолс"},
{"usage": "city", "name": "Ливермор"},
{"usage": "city", "name": "Лидс"},
{"usage": "city", "name": "Лиман"},
{"usage": "city", "name": "Лимингтон"},
{"usage": "city", "name": "Линдеборо"},
{"usage": "city", "name": "Линдон"},
{"usage": "city", "name": "Линкольн Плантейшен"},
{"usage": "city", "name": "Линкольн"},
{"usage": "city", "name": "Линкольнвилл"},
{"usage": "city", "name": "Линн"},
{"usage": "city", "name": "Линнеус"},
{"usage": "city", "name": "Линнфилд"},
{"usage": "city", "name": "Лисбон"},
{"usage": "city", "name": "Литл Комптон"},
{"usage": "city", "name": "Литлтон"},
{"usage": "city", "name": "Литчфилд"},
{"usage": "city", "name": "Ловелл"},
{"usage": "city", "name": "Лонг Айлэнд"},
{"usage": "city", "name": "Лонгмидоу"},
{"usage": "city", "name": "Лондондерри"},
{"usage": "city", "name": "Лоренс"},
{"usage": "city", "name": "Лоудон"},
{"usage": "city", "name": "Лоуэлл"},
{"usage": "city", "name": "Лубек"},
{"usage": "city", "name": "Луненберг"},
{"usage": "city", "name": "Льюистон"},
{"usage": "city", "name": "Лэйк Вью Плантейшен"},
{"usage": "city", "name": "Магаллоуэй Плантейшен"},
{"usage": "city", "name": "Мадавоска"},
{"usage": "city", "name": "Мадрид"},
{"usage": "city", "name": "Майло"},
{"usage": "city", "name": "Маквахок Плэнтейшен"},
{"usage": "city", "name": "Макиас"},
{"usage": "city", "name": "Макиаспорт"},
{"usage": "city", "name": "Максфилд"},
{"usage": "city", "name": "Малден"},
{"usage": "city", "name": "Мальборо"},
{"usage": "city", "name": "Мальборо"},
{"usage": "city", "name": "Мансфилд"},
{"usage": "city", "name": "Манчестер"},
{"usage": "city", "name": "Манчестер-бай-зе-Си"},
{"usage": "city", "name": "Марблхед"},
{"usage": "city", "name": "Мариавилл"},
{"usage": "city", "name": "Марион"},
{"usage": "city", "name": "Марлоу"},
{"usage": "city", "name": "Марс Хилл"},
{"usage": "city", "name": "Маршфилд"},
{"usage": "city", "name": "Масардис"},
{"usage": "city", "name": "Матиникус Айл"},
{"usage": "city", "name": "Маунт Вашингтон"},
{"usage": "city", "name": "Маунт Вернон"},
{"usage": "city", "name": "Маунт Десерт"},
{"usage": "city", "name": "Маунт Табор"},
{"usage": "city", "name": "Маунт Холли"},
{"usage": "city", "name": "Маунт Чейз"},
{"usage": "city", "name": "Машпи"},
{"usage": "city", "name": "Медбери"},
{"usage": "city", "name": "Меддибемпс"},
{"usage": "city", "name": "Медуэй"},
{"usage": "city", "name": "Медфилд"},
{"usage": "city", "name": "Медфорд"},
{"usage": "city", "name": "Мейдстон"},
{"usage": "city", "name": "Мейнард"},
{"usage": "city", "name": "Мейплтон"},
{"usage": "city", "name": "Мейсон"},
{"usage": "city", "name": "Меканик Фолс"},
{"usage": "city", "name": "Мексико"},
{"usage": "city", "name": "Мелроз"},
{"usage": "city", "name": "Мендон"},
{"usage": "city", "name": "Мередит"},
{"usage": "city", "name": "Мериден"},
{"usage": "city", "name": "Мерилл"},
{"usage": "city", "name": "Мерримак"},
{"usage": "city", "name": "Метуен"},
{"usage": "city", "name": "Мидлбери"},
{"usage": "city", "name": "Мидлборо"},
{"usage": "city", "name": "Мидлсекс"},
{"usage": "city", "name": "Мидлтаун Спрингс"},
{"usage": "city", "name": "Мидлтаун"},
{"usage": "city", "name": "Мидлтон"},
{"usage": "city", "name": "Мидлфилд"},
{"usage": "city", "name": "Милан"},
{"usage": "city", "name": "Милбери"},
{"usage": "city", "name": "Милбридж"},
{"usage": "city", "name": "Миллвилл"},
{"usage": "city", "name": "Миллинокет"},
{"usage": "city", "name": "Миллис"},
{"usage": "city", "name": "Милтон"},
{"usage": "city", "name": "Милфорд"},
{"usage": "city", "name": "Минот"},
{"usage": "city", "name": "Молтонборо"},
{"usage": "city", "name": "Монктон"},
{"usage": "city", "name": "Монмут"},
{"usage": "city", "name": "Монпелье"},
{"usage": "city", "name": "Монро"},
{"usage": "city", "name": "Монсон"},
{"usage": "city", "name": "Монт Вернон"},
{"usage": "city", "name": "Монтагю"},
{"usage": "city", "name": "Монтвилл"},
{"usage": "city", "name": "Монтгомери"},
{"usage": "city", "name": "Монтерей"},
{"usage": "city", "name": "Монтиселло"},
{"usage": "city", "name": "Монхеган"},
{"usage": "city", "name": "Морган"},
{"usage": "city", "name": "Моро Плантейшен"},
{"usage": "city", "name": "Моррилл"},
{"usage": "city", "name": "Моррис"},
{"usage": "city", "name": "Морристаун"},
{"usage": "city", "name": "Мортаун"},
{"usage": "city", "name": "Москоу"},
{"usage": "city", "name": "Муз Ривер"},
{"usage": "city", "name": "Мэдисон"},
{"usage": "city", "name": "Мэрримек"},
{"usage": "city", "name": "Мэттавамкиг"},
{"usage": "city", "name": "Мэттапойсетт"},
{"usage": "city", "name": "Мэттемисконтис"},
{"usage": "city", "name": "Мёрсер"},
{"usage": "city", "name": "Нантакет"},
{"usage": "city", "name": "Наррагансетт"},
{"usage": "city", "name": "Натик"},
{"usage": "city", "name": "Нахант"},
{"usage": "city", "name": "Нашвилл Плантейшен"},
{"usage": "city", "name": "Нашуа"},
{"usage": "city", "name": "Нейплс"},
{"usage": "city", "name": "Нельсон"},
{"usage": "city", "name": "Нидхам"},
{"usage": "city", "name": "Ноблборо"},
{"usage": "city", "name": "Нокс"},
{"usage": "city", "name": "Норвич"},
{"usage": "city", "name": "Норвуд"},
{"usage": "city", "name": "Норриджвок"},
{"usage": "city", "name": "Норт-Херо"},
{"usage": "city", "name": "Нортборо"},
{"usage": "city", "name": "Нортбридж"},
{"usage": "city", "name": "Нортвуд"},
{"usage": "city", "name": "Нортгемптон"},
{"usage": "city", "name": "Нортон"},
{"usage": "city", "name": "Нортпорт"},
{"usage": "city", "name": "Нортумберленд"},
{"usage": "city", "name": "Нортфилд"},
{"usage": "city", "name": "Норуолк"},
{"usage": "city", "name": "Норуэй"},
{"usage": "city", "name": "Норуэлл"},
{"usage": "city", "name": "Норфолк"},
{"usage": "city", "name": "Нотак"},
{"usage": "city", "name": "Ноттингем"},
{"usage": "city", "name": "Нью-Ашфорд"},
{"usage": "city", "name": "Нью-Бедфорд"},
{"usage": "city", "name": "Нью-Бостон"},
{"usage": "city", "name": "Нью-Брейнтри"},
{"usage": "city", "name": "Нью-Бритен"},
{"usage": "city", "name": "Нью-Вайнярд"},
{"usage": "city", "name": "Нью-Глостер"},
{"usage": "city", "name": "Нью-Дарем"},
{"usage": "city", "name": "Нью-Ипсвич"},
{"usage": "city", "name": "Нью-Канаан"},
{"usage": "city", "name": "Нью-Канада"},
{"usage": "city", "name": "Нью-Касл"},
{"usage": "city", "name": "Нью-Лимерик"},
{"usage": "city", "name": "Нью-Лондон"},
{"usage": "city", "name": "Нью-Мальборо"},
{"usage": "city", "name": "Нью-Милфорд"},
{"usage": "city", "name": "Нью-Портленд"},
{"usage": "city", "name": "Нью-Сейлем"},
{"usage": "city", "name": "Нью-Суиден"},
{"usage": "city", "name": "Нью-Фэрфилд"},
{"usage": "city", "name": "Нью-Хамптон"},
{"usage": "city", "name": "Нью-Хартфорд"},
{"usage": "city", "name": "Нью-Хейвен"},
{"usage": "city", "name": "Нью-Шарон"},
{"usage": "city", "name": "Нью-Шорхэм"},
{"usage": "city", "name": "Ньюарк"},
{"usage": "city", "name": "Ньюбери"},
{"usage": "city", "name": "Ньюберипорт"},
{"usage": "city", "name": "Ньюбург"},
{"usage": "city", "name": "Ньюингтон"},
{"usage": "city", "name": "Ньюкасл"},
{"usage": "city", "name": "Ньюмаркет"},
{"usage": "city", "name": "Ньюпорт"},
{"usage": "city", "name": "Ньюри"},
{"usage": "city", "name": "Ньютаун"},
{"usage": "city", "name": "Ньютон"},
{"usage": "city", "name": "Ньюфан"},
{"usage": "city", "name": "Ньюфилд"},
{"usage": "city", "name": "Ньюфилдс"},
{"usage": "city", "name": "Оберн"},
{"usage": "city", "name": "Оганкит"},
{"usage": "city", "name": "Огаста"},
{"usage": "city", "name": "Ок Блафс"},
{"usage": "city", "name": "Окленд"},
{"usage": "city", "name": "Оксбоу"},
{"usage": "city", "name": "Оксфорд"},
{"usage": "city", "name": "Окфилд"},
{"usage": "city", "name": "Окхем"},
{"usage": "city", "name": "Олбани"},
{"usage": "city", "name": "Олбург"},
{"usage": "city", "name": "Олд Лайм"},
{"usage": "city", "name": "Олд Сейбрук"},
{"usage": "city", "name": "Олд Таун"},
{"usage": "city", "name": "Олд-Орчард-Бич"},
{"usage": "city", "name": "Олстед"},
{"usage": "city", "name": "Олфорд"},
{"usage": "city", "name": "Ориент"},
{"usage": "city", "name": "Ориндж"},
{"usage": "city", "name": "Орлеан"},
{"usage": "city", "name": "Орленд"},
{"usage": "city", "name": "Орнвилл"},
{"usage": "city", "name": "Ороно"},
{"usage": "city", "name": "Оррингтон"},
{"usage": "city", "name": "Оруэлл"},
{"usage": "city", "name": "Орфорд"},
{"usage": "city", "name": "Осборн"},
{"usage": "city", "name": "Оссипи"},
{"usage": "city", "name": "Отис"},
{"usage": "city", "name": "Отисфилд"},
{"usage": "city", "name": "Оулс Хед"},
{"usage": "city", "name": "Пакстон"},
{"usage": "city", "name": "Палермо"},
{"usage": "city", "name": "Палмер"},
{"usage": "city", "name": "Пальмира"},
{"usage": "city", "name": "Пантон"},
{"usage": "city", "name": "Парис"},
{"usage": "city", "name": "Паркман"},
{"usage": "city", "name": "Парсонсфилд"},
{"usage": "city", "name": "Пассадумкиг"},
{"usage": "city", "name": "Паттен"},
{"usage": "city", "name": "Паунал"},
{"usage": "city", "name": "Пелхэм"},
{"usage": "city", "name": "Пемброк"},
{"usage": "city", "name": "Пенобскот"},
{"usage": "city", "name": "Пепперелл"},
{"usage": "city", "name": "Перкинс"},
{"usage": "city", "name": "Перри"},
{"usage": "city", "name": "Перу"},
{"usage": "city", "name": "Перхем"},
{"usage": "city", "name": "Пибоди"},
{"usage": "city", "name": "Пирмонт"},
{"usage": "city", "name": "Питерборо"},
{"usage": "city", "name": "Питершам"},
{"usage": "city", "name": "Питтсбург"},
{"usage": "city", "name": "Питтстон"},
{"usage": "city", "name": "Питтсфилд"},
{"usage": "city", "name": "Питтфорд"},
{"usage": "city", "name": "Пичем"},
{"usage": "city", "name": "Плезант Ридж Плантейшен"},
{"usage": "city", "name": "Плейнвилл"},
{"usage": "city", "name": "Плейнфилд"},
{"usage": "city", "name": "Плейстоу"},
{"usage": "city", "name": "Плимптон"},
{"usage": "city", "name": "Плимут"},
{"usage": "city", "name": "Поланд"},
{"usage": "city", "name": "Полет"},
{"usage": "city", "name": "Полтни"},
{"usage": "city", "name": "Помфрет"},
{"usage": "city", "name": "Портедж Лейкс"},
{"usage": "city", "name": "Портер"},
{"usage": "city", "name": "Портленд"},
{"usage": "city", "name": "Портсмут"},
{"usage": "city", "name": "Потакет"},
{"usage": "city", "name": "Прентисс"},
{"usage": "city", "name": "Преск Айл"},
{"usage": "city", "name": "Прескотт"},
{"usage": "city", "name": "Престон"},
{"usage": "city", "name": "Принстон"},
{"usage": "city", "name": "Провиденс"},
{"usage": "city", "name": "Провинстаун"},
{"usage": "city", "name": "Проктор"},
{"usage": "city", "name": "Проспект"},
{"usage": "city", "name": "Путнам"},
{"usage": "city", "name": "Путни"},
{"usage": "city", "name": "Рай"},
{"usage": "city", "name": "Райгейт"},
{"usage": "city", "name": "Рамни"},
{"usage": "city", "name": "Рамфорд"},
{"usage": "city", "name": "Рандольф"},
{"usage": "city", "name": "Рассел"},
{"usage": "city", "name": "Ратленд"},
{"usage": "city", "name": "Ревир"},
{"usage": "city", "name": "Реймонд"},
{"usage": "city", "name": "Рейнджели Плантейшен"},
{"usage": "city", "name": "Рейнджели"},
{"usage": "city", "name": "Рейнхем"},
{"usage": "city", "name": "Рентам"},
{"usage": "city", "name": "Рехобот"},
{"usage": "city", "name": "Рид Плантейшен"},
{"usage": "city", "name": "Риджфилд"},
{"usage": "city", "name": "Ридинг"},
{"usage": "city", "name": "Ридсборо"},
{"usage": "city", "name": "Ридфилд"},
{"usage": "city", "name": "Риндж"},
{"usage": "city", "name": "Рипли"},
{"usage": "city", "name": "Риптон"},
{"usage": "city", "name": "Ричмонд"},
{"usage": "city", "name": "Ричфорд"},
{"usage": "city", "name": "Роббинстон"},
{"usage": "city", "name": "Ройалстон"},
{"usage": "city", "name": "Ройалтон"},
{"usage": "city", "name": "Рок Блафс"},
{"usage": "city", "name": "Роки Хилл"},
{"usage": "city", "name": "Рокингем"},
{"usage": "city", "name": "Рокленд"},
{"usage": "city", "name": "Рокпорт"},
{"usage": "city", "name": "Роксбери"},
{"usage": "city", "name": "Роллинсфорд"},
{"usage": "city", "name": "Ром"},
{"usage": "city", "name": "Роу"},
{"usage": "city", "name": "Роули"},
{"usage": "city", "name": "Рочестер"},
{"usage": "city", "name": "Руперт"},
{"usage": "city", "name": "Сабаттус"},
{"usage": "city", "name": "Савой"},
{"usage": "city", "name": "Садбери"},
{"usage": "city", "name": "Сайчуат"},
{"usage": "city", "name": "Сако"},
{"usage": "city", "name": "Салливан"},
{"usage": "city", "name": "Самнер"},
{"usage": "city", "name": "Санапи"},
{"usage": "city", "name": "Санборнтон"},
{"usage": "city", "name": "Сангервилл"},
{"usage": "city", "name": "Сандан"},
{"usage": "city", "name": "Сандгейт"},
{"usage": "city", "name": "Сандерленд"},
{"usage": "city", "name": "Санди Ривер Плантейшен"},
{"usage": "city", "name": "Сандисфилд"},
{"usage": "city", "name": "Сандуич"},
{"usage": "city", "name": "Санфорд"},
{"usage": "city", "name": "Саттон"},
{"usage": "city", "name": "Саут-Бёрлингтон"},
{"usage": "city", "name": "Саут-Портленд"},
{"usage": "city", "name": "Саут-Херо"},
{"usage": "city", "name": "Саутбери"},
{"usage": "city", "name": "Саутборо"},
{"usage": "city", "name": "Саутбридж"},
{"usage": "city", "name": "Саутвест Харбор"},
{"usage": "city", "name": "Саутгемптон"},
{"usage": "city", "name": "Саутингтон"},
{"usage": "city", "name": "Саутпорт"},
{"usage": "city", "name": "Саутуик"},
{"usage": "city", "name": "Саффилд"},
{"usage": "city", "name": "Себаго"},
{"usage": "city", "name": "Себек"},
{"usage": "city", "name": "Себоис Плантейшен"},
{"usage": "city", "name": "Северный Адамс"},
{"usage": "city", "name": "Северный Андовер"},
{"usage": "city", "name": "Северный Беруик"},
{"usage": "city", "name": "Северный Бранфорд"},
{"usage": "city", "name": "Северный Брукфилд"},
{"usage": "city", "name": "Северный Канаан"},
{"usage": "city", "name": "Северный Кингстаун"},
{"usage": "city", "name": "Северный Провиденс"},
{"usage": "city", "name": "Северный Ридинг"},
{"usage": "city", "name": "Северный Смитфилд"},
{"usage": "city", "name": "Северный Стонингтон"},
{"usage": "city", "name": "Северный Хамптон"},
{"usage": "city", "name": "Северный Хейвен"},
{"usage": "city", "name": "Северный Этлборо"},
{"usage": "city", "name": "Северный Ярмут"},
{"usage": "city", "name": "Седжвик"},
{"usage": "city", "name": "Сейлем"},
{"usage": "city", "name": "Сеймур"},
{"usage": "city", "name": "Сейнт Агата"},
{"usage": "city", "name": "Сейнт Джон Плантейшен"},
{"usage": "city", "name": "Сейнт Джонсбери"},
{"usage": "city", "name": "Сейнт Джордж"},
{"usage": "city", "name": "Сейнт Олбанс"},
{"usage": "city", "name": "Сейнт Франсис"},
{"usage": "city", "name": "Сентер Харбор"},
{"usage": "city", "name": "Сентервилл"},
{"usage": "city", "name": "Сентрал Фолс"},
{"usage": "city", "name": "Серри"},
{"usage": "city", "name": "Сибрук"},
{"usage": "city", "name": "Сидни"},
{"usage": "city", "name": "Сиконк"},
{"usage": "city", "name": "Симсбери"},
{"usage": "city", "name": "Сирсберг"},
{"usage": "city", "name": "Сирсмонт"},
{"usage": "city", "name": "Сирспорт"},
{"usage": "city", "name": "Скарборо"},
{"usage": "city", "name": "Скотленд"},
{"usage": "city", "name": "Скоухеган"},
{"usage": "city", "name": "Смирна"},
{"usage": "city", "name": "Смитфилд"},
{"usage": "city", "name": "Согас"},
{"usage": "city", "name": "Солон"},
{"usage": "city", "name": "Солсбери"},
{"usage": "city", "name": "Сомервилл"},
{"usage": "city", "name": "Сомерс"},
{"usage": "city", "name": "Сомерсворт"},
{"usage": "city", "name": "Сомерсет"},
{"usage": "city", "name": "Сорренто"},
{"usage": "city", "name": "Спенсер"},
{"usage": "city", "name": "Спраг"},
{"usage": "city", "name": "Спрингфилд"},
{"usage": "city", "name": "Стандиш"},
{"usage": "city", "name": "Станнард"},
{"usage": "city", "name": "Старк"},
{"usage": "city", "name": "Старкс"},
{"usage": "city", "name": "Старксборо"},
{"usage": "city", "name": "Стаффорд"},
{"usage": "city", "name": "Стейсивилл"},
{"usage": "city", "name": "Стербридж"},
{"usage": "city", "name": "Стерлинг"},
{"usage": "city", "name": "Стетсон"},
{"usage": "city", "name": "Стоддард"},
{"usage": "city", "name": "Стокбридж"},
{"usage": "city", "name": "Стокем"},
{"usage": "city", "name": "Стоктон Спрингс"},
{"usage": "city", "name": "Стонингтон"},
{"usage": "city", "name": "Стонхем"},
{"usage": "city", "name": "Стоу"},
{"usage": "city", "name": "Стоу"},
{"usage": "city", "name": "Стоутон"},
{"usage": "city", "name": "Стратам"},
{"usage": "city", "name": "Страттон"},
{"usage": "city", "name": "Стратфорд"},
{"usage": "city", "name": "Страффорд"},
{"usage": "city", "name": "Стронг"},
{"usage": "city", "name": "Стьюбен"},
{"usage": "city", "name": "Стэмфорд"},
{"usage": "city", "name": "Стюартстаун"},
{"usage": "city", "name": "Суиден"},
{"usage": "city", "name": "Суомпскотт"},
{"usage": "city", "name": "Суонвилл"},
{"usage": "city", "name": "Суонзей"},
{"usage": "city", "name": "Суонс Айленд"},
{"usage": "city", "name": "Суонси"},
{"usage": "city", "name": "Суонтон"},
{"usage": "city", "name": "Суррей"},
{"usage": "city", "name": "Тайнгсборо"},
{"usage": "city", "name": "Тайрингем"},
{"usage": "city", "name": "Талмадж"},
{"usage": "city", "name": "Тамворт"},
{"usage": "city", "name": "Танбридж"},
{"usage": "city", "name": "Таунсенд"},
{"usage": "city", "name": "Таунтон"},
{"usage": "city", "name": "Тауншенд"},
{"usage": "city", "name": "Тафтонборо"},
{"usage": "city", "name": "Тексбери"},
{"usage": "city", "name": "Темпл"},
{"usage": "city", "name": "Темплтон"},
{"usage": "city", "name": "Тетфорд"},
{"usage": "city", "name": "Тивертон"},
{"usage": "city", "name": "Тилтон"},
{"usage": "city", "name": "Тинмут"},
{"usage": "city", "name": "Тисбери"},
{"usage": "city", "name": "Толенд"},
{"usage": "city", "name": "Томастон"},
{"usage": "city", "name": "Томпсон"},
{"usage": "city", "name": "Топсфилд"},
{"usage": "city", "name": "Топсхем"},
{"usage": "city", "name": "Торндайк"},
{"usage": "city", "name": "Торнтон"},
{"usage": "city", "name": "Торрингтон"},
{"usage": "city", "name": "Трамбулл"},
{"usage": "city", "name": "Тремонт"},
{"usage": "city", "name": "Трентон"},
{"usage": "city", "name": "Трескотт"},
{"usage": "city", "name": "Трой"},
{"usage": "city", "name": "Труро"},
{"usage": "city", "name": "Тёрнер"},
{"usage": "city", "name": "Уайтинг"},
{"usage": "city", "name": "Уайтингем"},
{"usage": "city", "name": "Уайтфилд"},
{"usage": "city", "name": "Уатли"},
{"usage": "city", "name": "Уилбрахам"},
{"usage": "city", "name": "Уиллимантик"},
{"usage": "city", "name": "Уиллингтон"},
{"usage": "city", "name": "Уиллистон"},
{"usage": "city", "name": "Уилмингтон"},
{"usage": "city", "name": "Уилмот"},
{"usage": "city", "name": "Уилок"},
{"usage": "city", "name": "Уилтон"},
{"usage": "city", "name": "Уильямсберг"},
{"usage": "city", "name": "Уильямстаун"},
{"usage": "city", "name": "Уинн"},
{"usage": "city", "name": "Уинслоу"},
{"usage": "city", "name": "Уинтер Харбор"},
{"usage": "city", "name": "Уинтервилл Плантейшен"},
{"usage": "city", "name": "Уинтерпорт"},
{"usage": "city", "name": "Уинтроп"},
{"usage": "city", "name": "Уинуски"},
{"usage": "city", "name": "Уинхолл"},
{"usage": "city", "name": "Уинчендон"},
{"usage": "city", "name": "Уитмен"},
{"usage": "city", "name": "Уитнивилл"},
{"usage": "city", "name": "Уоберн"},
{"usage": "city", "name": "Уолден"},
{"usage": "city", "name": "Уолдо"},
{"usage": "city", "name": "Уолдоборо"},
{"usage": "city", "name": "Уолкотт"},
{"usage": "city", "name": "Уоллаграсс"},
{"usage": "city", "name": "Уоллингфорд"},
{"usage": "city", "name": "Уолпол"},
{"usage": "city", "name": "Уолтем"},
{"usage": "city", "name": "Уордсборо"},
{"usage": "city", "name": "Уорик"},
{"usage": "city", "name": "Уорнер"},
{"usage": "city", "name": "Уоррен"},
{"usage": "city", "name": "Уортингтон"},
{"usage": "city", "name": "Уотербери"},
{"usage": "city", "name": "Уотерборо"},
{"usage": "city", "name": "Уотервилл Вэлли"},
{"usage": "city", "name": "Уотервиль"},
{"usage": "city", "name": "Уотертаун"},
{"usage": "city", "name": "Уотерфорд"},
{"usage": "city", "name": "Уошберн"},
{"usage": "city", "name": "Уэбстер Плантейшен"},
{"usage": "city", "name": "Уэбстер"},
{"usage": "city", "name": "Уэйбридж"},
{"usage": "city", "name": "Уэйд"},
{"usage": "city", "name": "Уэйкфилд"},
{"usage": "city", "name": "Уэйленд"},
{"usage": "city", "name": "Уэймут"},
{"usage": "city", "name": "Уэйн"},
{"usage": "city", "name": "Уэйт"},
{"usage": "city", "name": "Уэйтсфилд"},
{"usage": "city", "name": "Уэлд"},
{"usage": "city", "name": "Уэллсли"},
{"usage": "city", "name": "Уэлс"},
{"usage": "city", "name": "Уэлфлит"},
{"usage": "city", "name": "Уэльс"},
{"usage": "city", "name": "Уэнделл"},
{"usage": "city", "name": "Уэнтворт"},
{"usage": "city", "name": "Уэнхем"},
{"usage": "city", "name": "Уэр"},
{"usage": "city", "name": "Уэсли"},
{"usage": "city", "name": "Уэстборо"},
{"usage": "city", "name": "Уэстбрук"},
{"usage": "city", "name": "Уэствуд"},
{"usage": "city", "name": "Уэстгемптон"},
{"usage": "city", "name": "Уэстерли"},
{"usage": "city", "name": "Уэстманленд"},
{"usage": "city", "name": "Уэстмор"},
{"usage": "city", "name": "Уэстморленд"},
{"usage": "city", "name": "Уэстон"},
{"usage": "city", "name": "Уэстпорт"},
{"usage": "city", "name": "Уэстфилд"},
{"usage": "city", "name": "Уэстфорд"},
{"usage": "city", "name": "Уэтерсфилд"},
{"usage": "city", "name": "Уэтерсфилд"},
{"usage": "city", "name": "Файет"},
{"usage": "city", "name": "Фармингдейл"},
{"usage": "city", "name": "Фармингтон"},
{"usage": "city", "name": "Фейстон"},
{"usage": "city", "name": "Феррисбург"},
{"usage": "city", "name": "Филлипс"},
{"usage": "city", "name": "Филлипстон"},
{"usage": "city", "name": "Фипсберг"},
{"usage": "city", "name": "Фицвиллиам"},
{"usage": "city", "name": "Фичберг"},
{"usage": "city", "name": "Флетчер"},
{"usage": "city", "name": "Флорида"},
{"usage": "city", "name": "Фоксборо"},
{"usage": "city", "name": "Фолл-Ривер"},
{"usage": "city", "name": "Фолмут"},
{"usage": "city", "name": "Форест Сити"},
{"usage": "city", "name": "Форкс"},
{"usage": "city", "name": "Форт Кент"},
{"usage": "city", "name": "Форт Фэрфилд"},
{"usage": "city", "name": "Фостер"},
{"usage": "city", "name": "Фрай Айленд"},
{"usage": "city", "name": "Фрайбург"},
{"usage": "city", "name": "Фрамингем"},
{"usage": "city", "name": "Франклин"},
{"usage": "city", "name": "Франкония"},
{"usage": "city", "name": "Франкфорт"},
{"usage": "city", "name": "Франсстаун"},
{"usage": "city", "name": "Френдшип"},
{"usage": "city", "name": "Френчборо"},
{"usage": "city", "name": "Френчвилл"},
{"usage": "city", "name": "Фридом"},
{"usage": "city", "name": "Фримен"},
{"usage": "city", "name": "Фримонт"},
{"usage": "city", "name": "Фрипорт"},
{"usage": "city", "name": "Фритаун"},
{"usage": "city", "name": "Фэр Хейвен"},
{"usage": "city", "name": "Фэрли"},
{"usage": "city", "name": "Фэрфакс"},
{"usage": "city", "name": "Фэрфилд"},
{"usage": "city", "name": "Фэрхейвен"},
{"usage": "city", "name": "Хаббардстон"},
{"usage": "city", "name": "Хаббардтон"},
{"usage": "city", "name": "Хаддэм"},
{"usage": "city", "name": "Хадли"},
{"usage": "city", "name": "Хайгейт"},
{"usage": "city", "name": "Хайленд Плантейшен"},
{"usage": "city", "name": "Хайнсберг"},
{"usage": "city", "name": "Халл"},
{"usage": "city", "name": "Халлоуэлл"},
{"usage": "city", "name": "Хамден"},
{"usage": "city", "name": "Хамлин"},
{"usage": "city", "name": "Хаммонд"},
{"usage": "city", "name": "Хампден"},
{"usage": "city", "name": "Хампстед"},
{"usage": "city", "name": "Хамптон Фолс"},
{"usage": "city", "name": "Хамптон"},
{"usage": "city", "name": "Ханкок"},
{"usage": "city", "name": "Хансон"},
{"usage": "city", "name": "Хантингтон"},
{"usage": "city", "name": "Харвинтон"},
{"usage": "city", "name": "Харвич"},
{"usage": "city", "name": "Хардвик"},
{"usage": "city", "name": "Хармони"},
{"usage": "city", "name": "Харпсуэлл"},
{"usage": "city", "name": "Харрикейн Айл"},
{"usage": "city", "name": "Харрингтон"},
{"usage": "city", "name": "Харрисвилл"},
{"usage": "city", "name": "Хартленд"},
{"usage": "city", "name": "Хартс Локейшен"},
{"usage": "city", "name": "Хартфорд"},
{"usage": "city", "name": "Хатфилд"},
{"usage": "city", "name": "Хеброн"},
{"usage": "city", "name": "Хейвенхилл"},
{"usage": "city", "name": "Хейнсвилл"},
{"usage": "city", "name": "Хенникер"},
{"usage": "city", "name": "Хермон"},
{"usage": "city", "name": "Херси"},
{"usage": "city", "name": "Хилл"},
{"usage": "city", "name": "Хиллсборо"},
{"usage": "city", "name": "Хингем"},
{"usage": "city", "name": "Хинсдейл"},
{"usage": "city", "name": "Хирам"},
{"usage": "city", "name": "Хит"},
{"usage": "city", "name": "Ходждон"},
{"usage": "city", "name": "Холбрук"},
{"usage": "city", "name": "Холдернесс"},
{"usage": "city", "name": "Холдэн"},
{"usage": "city", "name": "Холи"},
{"usage": "city", "name": "Холиок"},
{"usage": "city", "name": "Холланд"},
{"usage": "city", "name": "Холлис"},
{"usage": "city", "name": "Холлистон"},
{"usage": "city", "name": "Хоп"},
{"usage": "city", "name": "Хопдейл"},
{"usage": "city", "name": "Хопкинтон"},
{"usage": "city", "name": "Хоуленд"},
{"usage": "city", "name": "Хоултон"},
{"usage": "city", "name": "Хуксетт"},
{"usage": "city", "name": "Чайна"},
{"usage": "city", "name": "Чаплин"},
{"usage": "city", "name": "Чапман"},
{"usage": "city", "name": "Чарлмонт"},
{"usage": "city", "name": "Чарлстаун"},
{"usage": "city", "name": "Чарлстон"},
{"usage": "city", "name": "Чарлтон"},
{"usage": "city", "name": "Чатем"},
{"usage": "city", "name": "Чебиг Айленд"},
{"usage": "city", "name": "Челмсфорд"},
{"usage": "city", "name": "Челси"},
{"usage": "city", "name": "Черрифилд"},
{"usage": "city", "name": "Честер"},
{"usage": "city", "name": "Честервилль"},
{"usage": "city", "name": "Честерфилд"},
{"usage": "city", "name": "Чешир"},
{"usage": "city", "name": "Чикопи"},
{"usage": "city", "name": "Чилмарк"},
{"usage": "city", "name": "Читтенден"},
{"usage": "city", "name": "Чичестер"},
{"usage": "city", "name": "Шапли"},
{"usage": "city", "name": "Шарлотта"},
{"usage": "city", "name": "Шарон"},
{"usage": "city", "name": "Шафтсбери"},
{"usage": "city", "name": "Шелберн"},
{"usage": "city", "name": "Шелдон"},
{"usage": "city", "name": "Шелтон"},
{"usage": "city", "name": "Шерборн"},
{"usage": "city", "name": "Шерман"},
{"usage": "city", "name": "Шеффилд"},
{"usage": "city", "name": "Ширли"},
{"usage": "city", "name": "Шорхэм"},
{"usage": "city", "name": "Шрусбери"},
{"usage": "city", "name": "Шугар Хилл"},
{"usage": "city", "name": "Шютсбери"},
{"usage": "city", "name": "Эатон"},
{"usage": "city", "name": "Эббот"},
{"usage": "city", "name": "Эверетт"},
{"usage": "city", "name": "Эгремонт"},
{"usage": "city", "name": "Эдгартаун"},
{"usage": "city", "name": "Эддингтон"},
{"usage": "city", "name": "Эджком"},
{"usage": "city", "name": "Эдинбург"},
{"usage": "city", "name": "Эдмундс"},
{"usage": "city", "name": "Эйвон"},
{"usage": "city", "name": "Эймсбери"},
{"usage": "city", "name": "Эксетер"},
{"usage": "city", "name": "Элиот"},
{"usage": "city", "name": "Эллингтон"},
{"usage": "city", "name": "Эллсворт"},
{"usage": "city", "name": "Элмор"},
{"usage": "city", "name": "Эмбден"},
{"usage": "city", "name": "Эндовер"},
{"usage": "city", "name": "Эносберг"},
{"usage": "city", "name": "Энсон"},
{"usage": "city", "name": "Энфилд"},
{"usage": "city", "name": "Эппинг"},
{"usage": "city", "name": "Эпплтон"},
{"usage": "city", "name": "Эпсом"},
{"usage": "city", "name": "Эрвинг"},
{"usage": "city", "name": "Эррол"},
{"usage": "city", "name": "Эссекс"},
{"usage": "city", "name": "Этна"},
{"usage": "city", "name": "Эттлборо"},
{"usage": "city", "name": "Эфингем"},
{"usage": "city", "name": "Южный Беруик"},
{"usage": "city", "name": "Южный Бристоль"},
{"usage": "city", "name": "Южный Виндзор"},
{"usage": "city", "name": "Южный Кингстаун"},
{"usage": "city", "name": "Южный Томастон"},
{"usage": "city", "name": "Южный Хадли"},
{"usage": "city", "name": "Южный Хамптон"},
{"usage": "city", "name": "Юнион"},
{"usage": "city", "name": "Юнити"},
{"usage": "city", "name": "Юстис"},
{"usage": "city", "name": "Ярмут"},
{"usage": "family", "gender": "unisex", "name": "Адамс"},
{"usage": "family", "gender": "unisex", "name": "Александер"},
{"usage": "family", "gender": "unisex", "name": "Аллен"},
{"usage": "family", "gender": "unisex", "name": "Андерсон"},
{"usage": "family", "gender": "unisex", "name": "Барнс"},
{"usage": "family", "gender": "unisex", "name": "Батлер"},
{"usage": "family", "gender": "unisex", "name": "Бейкер"},
{"usage": "family", "gender": "unisex", "name": "Бейли"},
{"usage": "family", "gender": "unisex", "name": "Белл"},
{"usage": "family", "gender": "unisex", "name": "Бенетт"},
{"usage": "family", "gender": "unisex", "name": "Брайант"},
{"usage": "family", "gender": "unisex", "name": "Браун"},
{"usage": "family", "gender": "unisex", "name": "Брукс"},
{"usage": "family", "gender": "unisex", "name": "Ван Вильде"},
{"usage": "family", "gender": "unisex", "name": "Вашингтон"},
{"usage": "family", "gender": "unisex", "name": "Вуд"},
{"usage": "family", "gender": "unisex", "name": "Гарсия"},
{"usage": "family", "gender": "unisex", "name": "Говард"},
{"usage": "family", "gender": "unisex", "name": "Гонсалез"},
{"usage": "family", "gender": "unisex", "name": "Гонсалес"},
{"usage": "family", "gender": "unisex", "name": "Грей"},
{"usage": "family", "gender": "unisex", "name": "Грин"},
{"usage": "family", "gender": "unisex", "name": "Гриффин"},
{"usage": "family", "gender": "unisex", "name": "Джеймс"},
{"usage": "family", "gender": "unisex", "name": "Джексон"},
{"usage": "family", "gender": "unisex", "name": "Дженкинс"},
{"usage": "family", "gender": "unisex", "name": "Джонс"},
{"usage": "family", "gender": "unisex", "name": "Джонсон"},
{"usage": "family", "gender": "unisex", "name": "Диас"},
{"usage": "family", "gender": "unisex", "name": "Дэвис"},
{"usage": "family", "gender": "unisex", "name": "Кайко"},
{"usage": "family", "gender": "unisex", "name": "Картер"},
{"usage": "family", "gender": "unisex", "name": "Келли"},
{"usage": "family", "gender": "unisex", "name": "Кинг"},
{"usage": "family", "gender": "unisex", "name": "Кларк"},
{"usage": "family", "gender": "unisex", "name": "Кокс"},
{"usage": "family", "gender": "unisex", "name": "Коллинз"},
{"usage": "family", "gender": "unisex", "name": "Коулмен"},
{"usage": "family", "gender": "unisex", "name": "Кук"},
{"usage": "family", "gender": "unisex", "name": "Купер"},
{"usage": "family", "gender": "unisex", "name": "Кэмпбелл"},
{"usage": "family", "gender": "unisex", "name": "Ли"},
{"usage": "family", "gender": "unisex", "name": "Лонг"},
{"usage": "family", "gender": "unisex", "name": "Лопес"},
{"usage": "family", "gender": "unisex", "name": "Льюис"},
{"usage": "family", "gender": "unisex", "name": "Мартин"},
{"usage": "family", "gender": "unisex", "name": "Мартинес"},
{"usage": "family", "gender": "unisex", "name": "Мерфи"},
{"usage": "family", "gender": "unisex", "name": "Миллер"},
{"usage": "family", "gender": "unisex", "name": "Митчел"},
{"usage": "family", "gender": "unisex", "name": "Морган"},
{"usage": "family", "gender": "unisex", "name": "Моррис"},
{"usage": "family", "gender": "unisex", "name": "Мур"},
{"usage": "family", "gender": "unisex", "name": "Накийя"},
{"usage": "family", "gender": "unisex", "name": "Нельсон"},
{"usage": "family", "gender": "unisex", "name": "Паркер"},
{"usage": "family", "gender": "unisex", "name": "Паттерсон"},
{"usage": "family", "gender": "unisex", "name": "Пауэлл"},
{"usage": "family", "gender": "unisex", "name": "Перес"},
{"usage": "family", "gender": "unisex", "name": "Перри"},
{"usage": "family", "gender": "unisex", "name": "Петерсон"},
{"usage": "family", "gender": "unisex", "name": "Прайс"},
{"usage": "family", "gender": "unisex", "name": "Райт"},
{"usage": "family", "gender": "unisex", "name": "Рамирес"},
{"usage": "family", "gender": "unisex", "name": "Рассел"},
{"usage": "family", "gender": "unisex", "name": "Ривера"},
{"usage": "family", "gender": "unisex", "name": "Рид"},
{"usage": "family", "gender": "unisex", "name": "Ричардсон"},
{"usage": "family", "gender": "unisex", "name": "Робертс"},
{"usage": "family", "gender": "unisex", "name": "Робинсон"},
{"usage": "family", "gender": "unisex", "name": "Роджерс"},
{"usage": "family", "gender": "unisex", "name": "Родригес"},
{"usage": "family", "gender": "unisex", "name": "Росс"},
{"usage": "family", "gender": "unisex", "name": "Сандерс"},
{"usage": "family", "gender": "unisex", "name": "Санчес"},
{"usage": "family", "gender": "unisex", "name": "Симмонс"},
{"usage": "family", "gender": "unisex", "name": "Скотт"},
{"usage": "family", "gender": "unisex", "name": "Смит"},
{"usage": "family", "gender": "unisex", "name": "Стюарт"},
{"usage": "family", "gender": "unisex", "name": "Томас"},
{"usage": "family", "gender": "unisex", "name": "Томпсон"},
{"usage": "family", "gender": "unisex", "name": "Торрес"},
{"usage": "family", "gender": "unisex", "name": "Тэйлор"},
{"usage": "family", "gender": "unisex", "name": "Тёрнер"},
{"usage": "family", "gender": "unisex", "name": "Уайт"},
{"usage": "family", "gender": "unisex", "name": "Уилсон"},
{"usage": "family", "gender": "unisex", "name": "Уильямс"},
{"usage": "family", "gender": "unisex", "name": "Уолкер"},
{"usage": "family", "gender": "unisex", "name": "Уорд"},
{"usage": "family", "gender": "unisex", "name": "Уотсон"},
{"usage": "family", "gender": "unisex", "name": "Уэст"},
{"usage": "family", "gender": "unisex", "name": "Филлипс"},
{"usage": "family", "gender": "unisex", "name": "Флорес"},
{"usage": "family", "gender": "unisex", "name": "Фостер"},
{"usage": "family", "gender": "unisex", "name": "Харрис"},
{"usage": "family", "gender": "unisex", "name": "Хейс"},
{"usage": "family", "gender": "unisex", "name": "Хендерсон"},
{"usage": "family", "gender": "unisex", "name": "Хернандес"},
{"usage": "family", "gender": "unisex", "name": "Хилл"},
{"usage": "family", "gender": "unisex", "name": "Холл"},
{"usage": "family", "gender": "unisex", "name": "Хьюз"},
{"usage": "family", "gender": "unisex", "name": "Эванс"},
{"usage": "family", "gender": "unisex", "name": "Эдвардс"},
{"usage": "family", "gender": "unisex", "name": "Янг"},
{"usage": "given", "gender": "female", "name": "Абигейл"},
{"usage": "given", "gender": "female", "name": "Аддисон"},
{"usage": "given", "gender": "female", "name": "Аизава"},
{"usage": "given", "gender": "female", "name": "Акико"},
{"usage": "given", "gender": "female", "name": "Алекса"},
{"usage": "given", "gender": "female", "name": "Александра"},
{"usage": "given", "gender": "female", "name": "Алексис"},
{"usage": "given", "gender": "female", "name": "Алиса"},
{"usage": "given", "gender": "female", "name": "Алия"},
{"usage": "given", "gender": "female", "name": "Аллисон"},
{"usage": "given", "gender": "female", "name": "Амелия"},
{"usage": "given", "gender": "female", "name": "Ангелина"},
{"usage": "given", "gender": "female", "name": "Андреа"},
{"usage": "given", "gender": "female", "name": "Анна"},
{"usage": "given", "gender": "female", "name": "Ариана"},
{"usage": "given", "gender": "female", "name": "Арианна"},
{"usage": "given", "gender": "female", "name": "Бейли"},
{"usage": "given", "gender": "female", "name": "Брианна"},
{"usage": "given", "gender": "female", "name": "Брук"},
{"usage": "given", "gender": "female", "name": "Бруклин"},
{"usage": "given", "gender": "female", "name": "Валерия"},
{"usage": "given", "gender": "female", "name": "Ванесса"},
{"usage": "given", "gender": "female", "name": "Виктория"},
{"usage": "given", "gender": "female", "name": "Габриэлла"},
{"usage": "given", "gender": "female", "name": "Габриэль"},
{"usage": "given", "gender": "female", "name": "Генезис"},
{"usage": "given", "gender": "female", "name": "Грейс"},
{"usage": "given", "gender": "female", "name": "Грейси"},
{"usage": "given", "gender": "female", "name": "Джен"},
{"usage": "given", "gender": "female", "name": "Дженнифер"},
{"usage": "given", "gender": "female", "name": "Джесси"},
{"usage": "given", "gender": "female", "name": "Джессика"},
{"usage": "given", "gender": "female", "name": "Джианна"},
{"usage": "given", "gender": "female", "name": "Джулия"},
{"usage": "given", "gender": "female", "name": "Дэстини"},
{"usage": "given", "gender": "female", "name": "Жасмин"},
{"usage": "given", "gender": "female", "name": "Жослин"},
{"usage": "given", "gender": "female", "name": "Зоуи"},
{"usage": "given", "gender": "female", "name": "Зоя"},
{"usage": "given", "gender": "female", "name": "Изабел"},
{"usage": "given", "gender": "female", "name": "Изабелла"},
{"usage": "given", "gender": "female", "name": "Изабель"},
{"usage": "given", "gender": "female", "name": "Кайла"},
{"usage": "given", "gender": "female", "name": "Кайли"},
{"usage": "given", "gender": "female", "name": "Кайли"},
{"usage": "given", "gender": "female", "name": "Камилла"},
{"usage": "given", "gender": "female", "name": "Ким"},
{"usage": "given", "gender": "female", "name": "Кимберли"},
{"usage": "given", "gender": "female", "name": "Клер"},
{"usage": "given", "gender": "female", "name": "Кэйтлин"},
{"usage": "given", "gender": "female", "name": "Кэролин"},
{"usage": "given", "gender": "female", "name": "Кэти"},
{"usage": "given", "gender": "female", "name": "Кэтлин"},
{"usage": "given", "gender": "female", "name": "Лейла"},
{"usage": "given", "gender": "female", "name": "Лили"},
{"usage": "given", "gender": "female", "name": "Лиллиан"},
{"usage": "given", "gender": "female", "name": "Лия"},
{"usage": "given", "gender": "female", "name": "Лорен"},
{"usage": "given", "gender": "female", "name": "Мадлен"},
{"usage": "given", "gender": "female", "name": "Майя"},
{"usage": "given", "gender": "female", "name": "Макайла"},
{"usage": "given", "gender": "female", "name": "Марайя"},
{"usage": "given", "gender": "female", "name": "Мария"},
{"usage": "given", "gender": "female", "name": "Меган"},
{"usage": "given", "gender": "female", "name": "Мелани"},
{"usage": "given", "gender": "female", "name": "Мия"},
{"usage": "given", "gender": "female", "name": "Морган"},
{"usage": "given", "gender": "female", "name": "Мэделин"},
{"usage": "given", "gender": "female", "name": "Мэдисон"},
{"usage": "given", "gender": "female", "name": "Мэри"},
{"usage": "given", "gender": "female", "name": "Натали"},
{"usage": "given", "gender": "female", "name": "Нацуки"},
{"usage": "given", "gender": "female", "name": "Нивея"},
{"usage": "given", "gender": "female", "name": "Нуку"},
{"usage": "given", "gender": "female", "name": "Обри"},
{"usage": "given", "gender": "female", "name": "Одри"},
{"usage": "given", "gender": "female", "name": "Оливия"},
{"usage": "given", "gender": "female", "name": "Отем"},
{"usage": "given", "gender": "female", "name": "Пайтон"},
{"usage": "given", "gender": "female", "name": "Пэйдж"},
{"usage": "given", "gender": "female", "name": "Райли"},
{"usage": "given", "gender": "female", "name": "Рэйчел"},
{"usage": "given", "gender": "female", "name": "Саванна"},
{"usage": "given", "gender": "female", "name": "Саманта"},
{"usage": "given", "gender": "female", "name": "Сара"},
{"usage": "given", "gender": "female", "name": "Сара"},
{"usage": "given", "gender": "female", "name": "Сидни"},
{"usage": "given", "gender": "female", "name": "Софи"},
{"usage": "given", "gender": "female", "name": "София"},
{"usage": "given", "gender": "female", "name": "Тринити"},
{"usage": "given", "gender": "female", "name": "Фейт"},
{"usage": "given", "gender": "female", "name": "Ханна"},
{"usage": "given", "gender": "female", "name": "Хейли"},
{"usage": "given", "gender": "female", "name": "Хизер"},
{"usage": "given", "gender": "female", "name": "Хикари"},
{"usage": "given", "gender": "female", "name": "Хло"},
{"usage": "given", "gender": "female", "name": "Шарлотта"},
{"usage": "given", "gender": "female", "name": "Эвелин"},
{"usage": "given", "gender": "female", "name": "Эйве"},
{"usage": "given", "gender": "female", "name": "Эйвери"},
{"usage": "given", "gender": "female", "name": "Элизабет"},
{"usage": "given", "gender": "female", "name": "Элла"},
{"usage": "given", "gender": "female", "name": "Эмили"},
{"usage": "given", "gender": "female", "name": "Эмма"},
{"usage": "given", "gender": "female", "name": "Эшли"},
{"usage": "given", "gender": "female", "name": "Юки"},
{"usage": "given", "gender": "male", "name": "Аарон"},
{"usage": "given", "gender": "male", "name": "Адам"},
{"usage": "given", "gender": "male", "name": "Адриан"},
{"usage": "given", "gender": "male", "name": "Айден"},
{"usage": "given", "gender": "male", "name": "Алекс"},
{"usage": "given", "gender": "male", "name": "Александр"},
{"usage": "given", "gender": "male", "name": "Бенджамин"},
{"usage": "given", "gender": "male", "name": "Блейк"},
{"usage": "given", "gender": "male", "name": "Брайан"},
{"usage": "given", "gender": "male", "name": "Брайан"},
{"usage": "given", "gender": "male", "name": "Брейди"},
{"usage": "given", "gender": "male", "name": "Брейдон"},
{"usage": "given", "gender": "male", "name": "Брендон"},
{"usage": "given", "gender": "male", "name": "Броуди"},
{"usage": "given", "gender": "male", "name": "Габриэл"},
{"usage": "given", "gender": "male", "name": "Генри"},
{"usage": "given", "gender": "male", "name": "Гэвин"},
{"usage": "given", "gender": "male", "name": "Гэндо"},
{"usage": "given", "gender": "male", "name": "Давид"},
{"usage": "given", "gender": "male", "name": "Дайсуке"},
{"usage": "given", "gender": "male", "name": "Даниэль"},
{"usage": "given", "gender": "male", "name": "Джастин"},
{"usage": "given", "gender": "male", "name": "Джейден"},
{"usage": "given", "gender": "male", "name": "Джейден"},
{"usage": "given", "gender": "male", "name": "Джейкоб"},
{"usage": "given", "gender": "male", "name": "Джеймс"},
{"usage": "given", "gender": "male", "name": "Джейсон"},
{"usage": "given", "gender": "male", "name": "Джек"},
{"usage": "given", "gender": "male", "name": "Джексон"},
{"usage": "given", "gender": "male", "name": "Джозайя"},
{"usage": "given", "gender": "male", "name": "Джозеф"},
{"usage": "given", "gender": "male", "name": "Джон"},
{"usage": "given", "gender": "male", "name": "Джонатан"},
{"usage": "given", "gender": "male", "name": "Джордан"},
{"usage": "given", "gender": "male", "name": "Джошуа"},
{"usage": "given", "gender": "male", "name": "Джулиан"},
{"usage": "given", "gender": "male", "name": "Диего"},
{"usage": "given", "gender": "male", "name": "Дилан"},
{"usage": "given", "gender": "male", "name": "Доминик"},
{"usage": "given", "gender": "male", "name": "Жезус"},
{"usage": "given", "gender": "male", "name": "Закари"},
{"usage": "given", "gender": "male", "name": "Иеремия"},
{"usage": "given", "gender": "male", "name": "Исаак"},
{"usage": "given", "gender": "male", "name": "Исайя"},
{"usage": "given", "gender": "male", "name": "Итан"},
{"usage": "given", "gender": "male", "name": "Каден"},
{"usage": "given", "gender": "male", "name": "Каден"},
{"usage": "given", "gender": "male", "name": "Кайл"},
{"usage": "given", "gender": "male", "name": "Калеб"},
{"usage": "given", "gender": "male", "name": "Карлос"},
{"usage": "given", "gender": "male", "name": "Карсон"},
{"usage": "given", "gender": "male", "name": "Картер"},
{"usage": "given", "gender": "male", "name": "Кевин"},
{"usage": "given", "gender": "male", "name": "Кейта"},
{"usage": "given", "gender": "male", "name": "Кийосаки"},
{"usage": "given", "gender": "male", "name": "Кира"},
{"usage": "given", "gender": "male", "name": "Колтон"},
{"usage": "given", "gender": "male", "name": "Коннор"},
{"usage": "given", "gender": "male", "name": "Коул"},
{"usage": "given", "gender": "male", "name": "Кристиан"},
{"usage": "given", "gender": "male", "name": "Кристофер"},
{"usage": "given", "gender": "male", "name": "Купер"},
{"usage": "given", "gender": "male", "name": "Кэмерон"},
{"usage": "given", "gender": "male", "name": "Лиам"},
{"usage": "given", "gender": "male", "name": "Логан"},
{"usage": "given", "gender": "male", "name": "Луис"},
{"usage": "given", "gender": "male", "name": "Лукас"},
{"usage": "given", "gender": "male", "name": "Лэндон"},
{"usage": "given", "gender": "male", "name": "Люк"},
{"usage": "given", "gender": "male", "name": "Майкл"},
{"usage": "given", "gender": "male", "name": "Мейсон"},
{"usage": "given", "gender": "male", "name": "Мэттью"},
{"usage": "given", "gender": "male", "name": "Натан"},
{"usage": "given", "gender": "male", "name": "Натаниэль"},
{"usage": "given", "gender": "male", "name": "Николас"},
{"usage": "given", "gender": "male", "name": "Ной"},
{"usage": "given", "gender": "male", "name": "Остин"},
{"usage": "given", "gender": "male", "name": "Оуэн"},
{"usage": "given", "gender": "male", "name": "Райан"},
{"usage": "given", "gender": "male", "name": "Роберт"},
{"usage": "given", "gender": "male", "name": "Самуэль"},
{"usage": "given", "gender": "male", "name": "Себастьян"},
{"usage": "given", "gender": "male", "name": "Тайлер"},
{"usage": "given", "gender": "male", "name": "Такэути"},
{"usage": "given", "gender": "male", "name": "Томас"},
{"usage": "given", "gender": "male", "name": "Тристан"},
{"usage": "given", "gender": "male", "name": "Уайетт"},
{"usage": "given", "gender": "male", "name": "Уильям"},
{"usage": "given", "gender": "male", "name": "Хавьер"},
{"usage": "given", "gender": "male", "name": "Хантер"},
{"usage": "given", "gender": "male", "name": "Хосе"},
{"usage": "given", "gender": "male", "name": "Хуан"},
{"usage": "given", "gender": "male", "name": "Хэйден"},
{"usage": "given", "gender": "male", "name": "Чарльз"},
{"usage": "given", "gender": "male", "name": "Чейз"},
{"usage": "given", "gender": "male", "name": "Шон"},
{"usage": "given", "gender": "male", "name": "Эбен"},
{"usage": "given", "gender": "male", "name": "Эван"},
{"usage": "given", "gender": "male", "name": "Эйдан"},
{"usage": "given", "gender": "male", "name": "Эйден"},
{"usage": "given", "gender": "male", "name": "Элайджа"},
{"usage": "given", "gender": "male", "name": "Эли"},
{"usage": "given", "gender": "male", "name": "Энджи"},
{"usage": "given", "gender": "male", "name": "Эндрю"},
{"usage": "given", "gender": "male", "name": "Энтони"},
{"usage": "given", "gender": "male", "name": "Эрик"},
{"usage": "given", "gender": "male", "name": "Ян"}
]
