[
{"usage": "backer", "gender": "unisex", "name": "“坏男孩” 马克 白德爱"},
{"usage": "backer", "gender": "unisex", "name": "丹尼尔 丹尼希"},
{"usage": "backer", "gender": "unisex", "name": "丹尼尔 安菲尔德"},
{"usage": "backer", "gender": "unisex", "name": "亚历山大 克里奇科"},
{"usage": "backer", "gender": "unisex", "name": "亚历山大 威克斯"},
{"usage": "backer", "gender": "unisex", "name": "亚历山大 德米特里耶夫"},
{"usage": "backer", "gender": "unisex", "name": "伊恩 克利尔"},
{"usage": "backer", "gender": "unisex", "name": "伊芙琳 弗罗斯特"},
{"usage": "backer", "gender": "unisex", "name": "休伯特 休斯"},
{"usage": "backer", "gender": "unisex", "name": "休伯特 罗登博"},
{"usage": "backer", "gender": "unisex", "name": "保罗 华莱士"},
{"usage": "backer", "gender": "unisex", "name": "克莱 福克森塔尔"},
{"usage": "backer", "gender": "unisex", "name": "克里斯 沃特金斯"},
{"usage": "backer", "gender": "unisex", "name": "克里斯多夫 福林"},
{"usage": "backer", "gender": "unisex", "name": "克雷格 弗格森"},
{"usage": "backer", "gender": "unisex", "name": "克雷格"},
{"usage": "backer", "gender": "unisex", "name": "内田贵 砺波"},
{"usage": "backer", "gender": "unisex", "name": "冰狐狸"},
{"usage": "backer", "gender": "unisex", "name": "凯文 威特"},
{"usage": "backer", "gender": "unisex", "name": "凯文 格拉索"},
{"usage": "backer", "gender": "unisex", "name": "列弗 米希金"},
{"usage": "backer", "gender": "unisex", "name": "利奥尼德 瓦斯莱夫"},
{"usage": "backer", "gender": "unisex", "name": "加楚"},
{"usage": "backer", "gender": "unisex", "name": "加百利 唐"},
{"usage": "backer", "gender": "unisex", "name": "加里同志"},
{"usage": "backer", "gender": "unisex", "name": "劳里 丹尼斯"},
{"usage": "backer", "gender": "unisex", "name": "南森 卡恩"},
{"usage": "backer", "gender": "unisex", "name": "博巴洛特"},
{"usage": "backer", "gender": "unisex", "name": "卡米尔 克里维森"},
{"usage": "backer", "gender": "unisex", "name": "古戈 哈克波夫"},
{"usage": "backer", "gender": "unisex", "name": "史蒂文 彼得森"},
{"usage": "backer", "gender": "unisex", "name": "吉姆 兰德龙"},
{"usage": "backer", "gender": "unisex", "name": "吉姆 韦弗"},
{"usage": "backer", "gender": "unisex", "name": "哈瑞斯 瑟本"},
{"usage": "backer", "gender": "unisex", "name": "哈立德 拉希德"},
{"usage": "backer", "gender": "unisex", "name": "埃利 福里斯特 基顿"},
{"usage": "backer", "gender": "unisex", "name": "埃里克 汉格布勒"},
{"usage": "backer", "gender": "unisex", "name": "埃里克 鲁萨克"},
{"usage": "backer", "gender": "unisex", "name": "塞巴斯蒂安 雅弗雷"},
{"usage": "backer", "gender": "unisex", "name": "夏洛特 霍尔"},
{"usage": "backer", "gender": "unisex", "name": "多利奥"},
{"usage": "backer", "gender": "unisex", "name": "天娜"},
{"usage": "backer", "gender": "unisex", "name": "威尔 沃克"},
{"usage": "backer", "gender": "unisex", "name": "威廉 福里斯特"},
{"usage": "backer", "gender": "unisex", "name": "安东 斯特鲁伊克"},
{"usage": "backer", "gender": "unisex", "name": "安东尼·伯利"},
{"usage": "backer", "gender": "unisex", "name": "安德鲁 瓜斯泰拉"},
{"usage": "backer", "gender": "unisex", "name": "安德鲁 韦伯斯特"},
{"usage": "backer", "gender": "unisex", "name": "尤瑞斯特 麦克普鲁丹特"},
{"usage": "backer", "gender": "unisex", "name": "尼克 “轰炸机” 帕克"},
{"usage": "backer", "gender": "unisex", "name": "尼克·斯蒂芬"},
{"usage": "backer", "gender": "unisex", "name": "居尔法 马戈利克"},
{"usage": "backer", "gender": "unisex", "name": "山姆 施泰因"},
{"usage": "backer", "gender": "unisex", "name": "布莱恩 戴维森"},
{"usage": "backer", "gender": "unisex", "name": "布莱恩 霍斯特曼"},
{"usage": "backer", "gender": "unisex", "name": "希姆费尔米"},
{"usage": "backer", "gender": "unisex", "name": "希尔克· 范·德·沙夫 博士"},
{"usage": "backer", "gender": "unisex", "name": "帕斯卡尔 菲利波维奇"},
{"usage": "backer", "gender": "unisex", "name": "延斯 贝克尔"},
{"usage": "backer", "gender": "unisex", "name": "弧形"},
{"usage": "backer", "gender": "unisex", "name": "彼特 斯皮尔伯格"},
{"usage": "backer", "gender": "unisex", "name": "恩里克 阿隆索"},
{"usage": "backer", "gender": "unisex", "name": "戴夫 斯蒂尔德文森"},
{"usage": "backer", "gender": "unisex", "name": "托德里克 罗霍普"},
{"usage": "backer", "gender": "unisex", "name": "托拜厄斯 弗兰克"},
{"usage": "backer", "gender": "unisex", "name": "托马斯 西蒙"},
{"usage": "backer", "gender": "unisex", "name": "托马斯·拉尔森"},
{"usage": "backer", "gender": "unisex", "name": "拉克伦"},
{"usage": "backer", "gender": "unisex", "name": "拉奎尔 麦克马洪"},
{"usage": "backer", "gender": "unisex", "name": "拉瑞安"},
{"usage": "backer", "gender": "unisex", "name": "斯帕兹 佩克洛特"},
{"usage": "backer", "gender": "unisex", "name": "斯帕洛 格里芬"},
{"usage": "backer", "gender": "unisex", "name": "斯泰特纳"},
{"usage": "backer", "gender": "unisex", "name": "斯诺‘喵'"},
{"usage": "backer", "gender": "unisex", "name": "本 麦克卢尔"},
{"usage": "backer", "gender": "unisex", "name": "本杰明 里普洛格尔"},
{"usage": "backer", "gender": "unisex", "name": "杰夫 梅杰"},
{"usage": "backer", "gender": "unisex", "name": "栗川 健二"},
{"usage": "backer", "gender": "unisex", "name": "格伦"},
{"usage": "backer", "gender": "unisex", "name": "梭克丝 伽柏 费伦茨"},
{"usage": "backer", "gender": "unisex", "name": "欧文 邓恩"},
{"usage": "backer", "gender": "unisex", "name": "汉克 莱克拉姆"},
{"usage": "backer", "gender": "unisex", "name": "汤姆 霍珀"},
{"usage": "backer", "gender": "unisex", "name": "温塔尔 戈特伯德"},
{"usage": "backer", "gender": "unisex", "name": "热雷米亚斯 卜拉布"},
{"usage": "backer", "gender": "unisex", "name": "特拉维斯 吉布森"},
{"usage": "backer", "gender": "unisex", "name": "瑞克 曹尼玛"},
{"usage": "backer", "gender": "unisex", "name": "簪南"},
{"usage": "backer", "gender": "unisex", "name": "米克 巴特"},
{"usage": "backer", "gender": "unisex", "name": "米格尔 赫尔梅斯"},
{"usage": "backer", "gender": "unisex", "name": "米歇尔 贝杰龙"},
{"usage": "backer", "gender": "unisex", "name": "米洛斯"},
{"usage": "backer", "gender": "unisex", "name": "约书亚 扬"},
{"usage": "backer", "gender": "unisex", "name": "约瑟夫 扎卡沃 巴特利特"},
{"usage": "backer", "gender": "unisex", "name": "约翰 哈梅尔"},
{"usage": "backer", "gender": "unisex", "name": "约翰 恩嫩"},
{"usage": "backer", "gender": "unisex", "name": "纪尧姆"},
{"usage": "backer", "gender": "unisex", "name": "纳撒尼尔 福特"},
{"usage": "backer", "gender": "unisex", "name": "罗尔"},
{"usage": "backer", "gender": "unisex", "name": "罗尼 马格努松"},
{"usage": "backer", "gender": "unisex", "name": "罗布 基斯"},
{"usage": "backer", "gender": "unisex", "name": "罗布 韦策尔"},
{"usage": "backer", "gender": "unisex", "name": "罗恩‘噪音’哈基姆"},
{"usage": "backer", "gender": "unisex", "name": "罗素 雷诺兹 三世"},
{"usage": "backer", "gender": "unisex", "name": "菲利克斯 福克斯"},
{"usage": "backer", "gender": "unisex", "name": "菲利克斯 阿普林"},
{"usage": "backer", "gender": "unisex", "name": "菲力浦 特朗布莱"},
{"usage": "backer", "gender": "unisex", "name": "萨拉勒 科伊尔"},
{"usage": "backer", "gender": "unisex", "name": "西恩·邓肯"},
{"usage": "backer", "gender": "unisex", "name": "西蒙 托雷森 赫尔特"},
{"usage": "backer", "gender": "unisex", "name": "詹姆斯 肯尼"},
{"usage": "backer", "gender": "unisex", "name": "贾斯汀 麦金农"},
{"usage": "backer", "gender": "unisex", "name": "赵"},
{"usage": "backer", "gender": "unisex", "name": "达喀尔"},
{"usage": "backer", "gender": "unisex", "name": "迈克尔 金凯德"},
{"usage": "backer", "gender": "unisex", "name": "迈克尔·希尔"},
{"usage": "backer", "gender": "unisex", "name": "迈克尔‘死亡恐惧’琼斯"},
{"usage": "backer", "gender": "unisex", "name": "迈尔斯 普洛韦斯"},
{"usage": "backer", "gender": "unisex", "name": "迪克 舒克"},
{"usage": "backer", "gender": "unisex", "name": "通萨"},
{"usage": "backer", "gender": "unisex", "name": "道格·奥格登"},
{"usage": "backer", "gender": "unisex", "name": "阿切尔"},
{"usage": "backer", "gender": "unisex", "name": "阿尔法"},
{"usage": "backer", "gender": "unisex", "name": "阿杰伊 钱德拉"},
{"usage": "backer", "gender": "unisex", "name": "阿格斯 M. 洛厄尔"},
{"usage": "backer", "gender": "unisex", "name": "阿童木"},
{"usage": "backer", "gender": "unisex", "name": "雷蒙德 贝莱斯"},
{"usage": "backer", "gender": "unisex", "name": "雷诺 帕克"},
{"usage": "backer", "gender": "unisex", "name": "霍默"},
{"usage": "backer", "gender": "unisex", "name": "韦恩 A 阿瑟顿"},
{"usage": "backer", "gender": "unisex", "name": "马丁 伍达德"},
{"usage": "backer", "gender": "unisex", "name": "马丁 斯文松"},
{"usage": "backer", "gender": "unisex", "name": "马修 圣约翰"},
{"usage": "backer", "gender": "unisex", "name": "马尼柯 德帕赛文"},
{"usage": "backer", "gender": "unisex", "name": "马特 威廉姆斯"},
{"usage": "backer", "gender": "unisex", "name": "马特 戴维斯"},
{"usage": "backer", "gender": "unisex", "name": "高小明"},
{"usage": "backer", "gender": "unisex", "name": "鲁道夫 施密特"},
{"usage": "city", "name": "Newfane"},
{"usage": "city", "name": "orono"},
{"usage": "city", "name": "万斯伯勒"},
{"usage": "city", "name": "不伦瑞克"},
{"usage": "city", "name": "不来梅"},
{"usage": "city", "name": "东哈德姆"},
{"usage": "city", "name": "东哈特福德"},
{"usage": "city", "name": "东布里奇沃特"},
{"usage": "city", "name": "东布鲁克菲尔德"},
{"usage": "city", "name": "东普罗维登斯"},
{"usage": "city", "name": "东朗梅多"},
{"usage": "city", "name": "东格兰比"},
{"usage": "city", "name": "东格林威治"},
{"usage": "city", "name": "东汉普顿"},
{"usage": "city", "name": "东温莎"},
{"usage": "city", "name": "东港"},
{"usage": "city", "name": "东米利诺基特"},
{"usage": "city", "name": "东莱姆"},
{"usage": "city", "name": "东蒙彼利埃"},
{"usage": "city", "name": "东金斯顿"},
{"usage": "city", "name": "东马柴厄斯"},
{"usage": "city", "name": "中国"},
{"usage": "city", "name": "中心港"},
{"usage": "city", "name": "丹伯里"},
{"usage": "city", "name": "丹尼斯"},
{"usage": "city", "name": "丹尼斯维尔"},
{"usage": "city", "name": "丹尼斯镇"},
{"usage": "city", "name": "丹巴顿郡"},
{"usage": "city", "name": "丹弗斯"},
{"usage": "city", "name": "丹弗斯"},
{"usage": "city", "name": "丹比"},
{"usage": "city", "name": "丹维尔"},
{"usage": "city", "name": "丹麦"},
{"usage": "city", "name": "乔治敦"},
{"usage": "city", "name": "亚历山大"},
{"usage": "city", "name": "亚历山大里亚"},
{"usage": "city", "name": "亚当斯"},
{"usage": "city", "name": "亨尼克"},
{"usage": "city", "name": "亨廷顿"},
{"usage": "city", "name": "什鲁斯伯里"},
{"usage": "city", "name": "他泊山"},
{"usage": "city", "name": "代顿"},
{"usage": "city", "name": "伊丽莎白角"},
{"usage": "city", "name": "伊斯特姆"},
{"usage": "city", "name": "伊斯特布鲁克"},
{"usage": "city", "name": "伊斯特汉普顿"},
{"usage": "city", "name": "伊斯特福德"},
{"usage": "city", "name": "伊斯顿"},
{"usage": "city", "name": "伊普斯威奇"},
{"usage": "city", "name": "伊格尔莱克"},
{"usage": "city", "name": "伊诺斯堡"},
{"usage": "city", "name": "伊顿"},
{"usage": "city", "name": "伍兹塔克"},
{"usage": "city", "name": "伍利奇"},
{"usage": "city", "name": "伍德伯里"},
{"usage": "city", "name": "伍德兰"},
{"usage": "city", "name": "伍德布里奇"},
{"usage": "city", "name": "伍德福德"},
{"usage": "city", "name": "伍德维尔"},
{"usage": "city", "name": "伍斯特"},
{"usage": "city", "name": "伦敦德里"},
{"usage": "city", "name": "伦瑟姆"},
{"usage": "city", "name": "伦道夫"},
{"usage": "city", "name": "伯丁罕"},
{"usage": "city", "name": "伯克"},
{"usage": "city", "name": "伯克利"},
{"usage": "city", "name": "伯克郡"},
{"usage": "city", "name": "伯利恒"},
{"usage": "city", "name": "伯恩"},
{"usage": "city", "name": "伯灵顿"},
{"usage": "city", "name": "伯瑞特波罗"},
{"usage": "city", "name": "伯纳姆"},
{"usage": "city", "name": "伯纳德斯顿"},
{"usage": "city", "name": "佛罗里达"},
{"usage": "city", "name": "佩勒姆马勒衔"},
{"usage": "city", "name": "佩珀勒尔"},
{"usage": "city", "name": "佩里"},
{"usage": "city", "name": "克伦威尔"},
{"usage": "city", "name": "克兰斯顿"},
{"usage": "city", "name": "克利夫顿"},
{"usage": "city", "name": "克劳福德"},
{"usage": "city", "name": "克劳顿市"},
{"usage": "city", "name": "克拉伦登"},
{"usage": "city", "name": "克拉克斯堡"},
{"usage": "city", "name": "克拉克斯维尔"},
{"usage": "city", "name": "克拉夫伯里"},
{"usage": "city", "name": "克林顿"},
{"usage": "city", "name": "克莱蒙特"},
{"usage": "city", "name": "克里斯特尔"},
{"usage": "city", "name": "兰开斯特"},
{"usage": "city", "name": "兰德格罗夫"},
{"usage": "city", "name": "兰登"},
{"usage": "city", "name": "兰达夫"},
{"usage": "city", "name": "内蒂克"},
{"usage": "city", "name": "冬青山"},
{"usage": "city", "name": "切姆斯福德"},
{"usage": "city", "name": "切尔西"},
{"usage": "city", "name": "切斯特"},
{"usage": "city", "name": "切斯特维尔"},
{"usage": "city", "name": "切斯特菲尔德"},
{"usage": "city", "name": "切比克岛"},
{"usage": "city", "name": "切里菲尔德"},
{"usage": "city", "name": "列克星顿"},
{"usage": "city", "name": "利伯蒂"},
{"usage": "city", "name": "利兹"},
{"usage": "city", "name": "利奇菲尔德"},
{"usage": "city", "name": "利弗莫尔"},
{"usage": "city", "name": "利弗莫尔福尔斯"},
{"usage": "city", "name": "利明顿"},
{"usage": "city", "name": "利特尔顿"},
{"usage": "city", "name": "利默里克郡"},
{"usage": "city", "name": "剑桥"},
{"usage": "city", "name": "加兰"},
{"usage": "city", "name": "加德纳"},
{"usage": "city", "name": "加来"},
{"usage": "city", "name": "加菲尔德种植园"},
{"usage": "city", "name": "加迪纳"},
{"usage": "city", "name": "劳伦斯"},
{"usage": "city", "name": "劳登"},
{"usage": "city", "name": "勒德洛"},
{"usage": "city", "name": "勒普斯特尔"},
{"usage": "city", "name": "北亚当斯"},
{"usage": "city", "name": "北史密斯菲尔德"},
{"usage": "city", "name": "北地市"},
{"usage": "city", "name": "北安多福"},
{"usage": "city", "name": "北安普敦"},
{"usage": "city", "name": "北布兰福德"},
{"usage": "city", "name": "北布鲁克菲尔德"},
{"usage": "city", "name": "北希罗"},
{"usage": "city", "name": "北斯托宁顿"},
{"usage": "city", "name": "北普罗维登斯"},
{"usage": "city", "name": "北汉普顿"},
{"usage": "city", "name": "北贝里克"},
{"usage": "city", "name": "北迦南"},
{"usage": "city", "name": "北金斯敦"},
{"usage": "city", "name": "北阿特尔伯勒"},
{"usage": "city", "name": "北雅茅斯"},
{"usage": "city", "name": "北雷丁"},
{"usage": "city", "name": "匹兹堡"},
{"usage": "city", "name": "华盛顿"},
{"usage": "city", "name": "南伯灵顿"},
{"usage": "city", "name": "南哈德利"},
{"usage": "city", "name": "南安普敦"},
{"usage": "city", "name": "南布里斯托"},
{"usage": "city", "name": "南托马斯顿"},
{"usage": "city", "name": "南汉普顿"},
{"usage": "city", "name": "南波特兰"},
{"usage": "city", "name": "南海罗"},
{"usage": "city", "name": "南温莎"},
{"usage": "city", "name": "南贝威克"},
{"usage": "city", "name": "南金斯顿"},
{"usage": "city", "name": "博伊尔斯"},
{"usage": "city", "name": "博克斯伯勒"},
{"usage": "city", "name": "博克斯福德"},
{"usage": "city", "name": "博尔顿市"},
{"usage": "city", "name": "博斯考恩"},
{"usage": "city", "name": "卡伯特"},
{"usage": "city", "name": "卡勒巴西特谷"},
{"usage": "city", "name": "卡姆登"},
{"usage": "city", "name": "卡弗"},
{"usage": "city", "name": "卡拉滕克"},
{"usage": "city", "name": "卡文迪许"},
{"usage": "city", "name": "卡斯威尔"},
{"usage": "city", "name": "卡斯尔山"},
{"usage": "city", "name": "卡斯尔顿"},
{"usage": "city", "name": "卡斯廷"},
{"usage": "city", "name": "卡斯科"},
{"usage": "city", "name": "卡明顿"},
{"usage": "city", "name": "卡梅尔"},
{"usage": "city", "name": "卡特勒"},
{"usage": "city", "name": "卡罗尔"},
{"usage": "city", "name": "卡罗尔种植园"},
{"usage": "city", "name": "卡莱尔"},
{"usage": "city", "name": "卡里布"},
{"usage": "city", "name": "卡里种植园"},
{"usage": "city", "name": "卢嫩堡"},
{"usage": "city", "name": "卢贝克"},
{"usage": "city", "name": "卫斯特利"},
{"usage": "city", "name": "厄普顿"},
{"usage": "city", "name": "古尔兹伯勒"},
{"usage": "city", "name": "史密斯菲尔德"},
{"usage": "city", "name": "吉利厄德"},
{"usage": "city", "name": "吉尔"},
{"usage": "city", "name": "吉尔德霍尔"},
{"usage": "city", "name": "吉尔曼顿"},
{"usage": "city", "name": "吉尔瑟姆"},
{"usage": "city", "name": "吉尔福德"},
{"usage": "city", "name": "吉尔福德"},
{"usage": "city", "name": "哈伯兹"},
{"usage": "city", "name": "哈伯顿"},
{"usage": "city", "name": "哈佛"},
{"usage": "city", "name": "哈利法克斯"},
{"usage": "city", "name": "哈姆林"},
{"usage": "city", "name": "哈姆登"},
{"usage": "city", "name": "哈德利"},
{"usage": "city", "name": "哈德威克"},
{"usage": "city", "name": "哈德森"},
{"usage": "city", "name": "哈波斯维尔"},
{"usage": "city", "name": "哈洛韦尔"},
{"usage": "city", "name": "哈温顿"},
{"usage": "city", "name": "哈灵顿"},
{"usage": "city", "name": "哈特兰"},
{"usage": "city", "name": "哈特福德"},
{"usage": "city", "name": "哈特菲尔德"},
{"usage": "city", "name": "哈特镇"},
{"usage": "city", "name": "哈莫尼"},
{"usage": "city", "name": "哈蒙德"},
{"usage": "city", "name": "哈达姆"},
{"usage": "city", "name": "哈里奇"},
{"usage": "city", "name": "哈里斯维尔"},
{"usage": "city", "name": "哈里森"},
{"usage": "city", "name": "哥伦比亚"},
{"usage": "city", "name": "哥伦比亚福尔斯"},
{"usage": "city", "name": "因达斯特里"},
{"usage": "city", "name": "图克斯伯里"},
{"usage": "city", "name": "图顿波瑞"},
{"usage": "city", "name": "圣乔治"},
{"usage": "city", "name": "圣奥尔本斯"},
{"usage": "city", "name": "圣弗朗西斯"},
{"usage": "city", "name": "圣约翰斯博瑞"},
{"usage": "city", "name": "圣约翰种植园"},
{"usage": "city", "name": "圣阿加莎"},
{"usage": "city", "name": "坎伯兰郡"},
{"usage": "city", "name": "坎普顿"},
{"usage": "city", "name": "坎特伯雷"},
{"usage": "city", "name": "坎顿"},
{"usage": "city", "name": "坦普尔"},
{"usage": "city", "name": "坦普尔顿"},
{"usage": "city", "name": "埃丁顿"},
{"usage": "city", "name": "埃克塞特"},
{"usage": "city", "name": "埃勒尔"},
{"usage": "city", "name": "埃塞克斯"},
{"usage": "city", "name": "埃奇库姆"},
{"usage": "city", "name": "埃姆斯伯里"},
{"usage": "city", "name": "埃尔斯沃思"},
{"usage": "city", "name": "埃尔莫尔"},
{"usage": "city", "name": "埃平"},
{"usage": "city", "name": "埃弗雷特"},
{"usage": "city", "name": "埃德加敦"},
{"usage": "city", "name": "埃德蒙兹"},
{"usage": "city", "name": "埃普索姆"},
{"usage": "city", "name": "埃林顿"},
{"usage": "city", "name": "埃格勒蒙特"},
{"usage": "city", "name": "埃特纳"},
{"usage": "city", "name": "埃登"},
{"usage": "city", "name": "埃芬厄姆"},
{"usage": "city", "name": "培诺伯斯科特"},
{"usage": "city", "name": "基恩"},
{"usage": "city", "name": "基林顿"},
{"usage": "city", "name": "基灵利"},
{"usage": "city", "name": "基灵沃思"},
{"usage": "city", "name": "基特里"},
{"usage": "city", "name": "塔姆沃思"},
{"usage": "city", "name": "塔尔梅奇"},
{"usage": "city", "name": "塞勒姆"},
{"usage": "city", "name": "塞巴戈"},
{"usage": "city", "name": "塞布伊斯种植园"},
{"usage": "city", "name": "塞贝克"},
{"usage": "city", "name": "墨西哥"},
{"usage": "city", "name": "士麦纳"},
{"usage": "city", "name": "夏洛特"},
{"usage": "city", "name": "多佛-福克斯克罗夫特"},
{"usage": "city", "name": "多佛尔"},
{"usage": "city", "name": "多塞特"},
{"usage": "city", "name": "多尔切斯特"},
{"usage": "city", "name": "大巴灵顿"},
{"usage": "city", "name": "天鹅岛"},
{"usage": "city", "name": "奇切斯特"},
{"usage": "city", "name": "奇尔马克"},
{"usage": "city", "name": "奇科皮"},
{"usage": "city", "name": "奥克兰"},
{"usage": "city", "name": "奥克姆"},
{"usage": "city", "name": "奥克布拉夫斯"},
{"usage": "city", "name": "奥克斯博"},
{"usage": "city", "name": "奥克菲尔德"},
{"usage": "city", "name": "奥兰"},
{"usage": "city", "name": "奥兰治"},
{"usage": "city", "name": "奥古斯塔"},
{"usage": "city", "name": "奥威尔"},
{"usage": "city", "name": "奥尔堡"},
{"usage": "city", "name": "奥尔巴尼"},
{"usage": "city", "name": "奥尔德敦"},
{"usage": "city", "name": "奥尔斯黑德"},
{"usage": "city", "name": "奥尔福德"},
{"usage": "city", "name": "奥尔良"},
{"usage": "city", "name": "奥尔顿"},
{"usage": "city", "name": "奥提斯菲尔德"},
{"usage": "city", "name": "奥斯本"},
{"usage": "city", "name": "奥本"},
{"usage": "city", "name": "奥灵顿"},
{"usage": "city", "name": "奥甘奎特"},
{"usage": "city", "name": "奥福德"},
{"usage": "city", "name": "奥罗拉"},
{"usage": "city", "name": "奥蒂斯"},
{"usage": "city", "name": "奥西皮"},
{"usage": "city", "name": "奥连特"},
{"usage": "city", "name": "威丝曼兰德"},
{"usage": "city", "name": "威利斯顿"},
{"usage": "city", "name": "威利曼蒂克"},
{"usage": "city", "name": "威努斯基"},
{"usage": "city", "name": "威尔士"},
{"usage": "city", "name": "威尔斯利"},
{"usage": "city", "name": "威尔明顿"},
{"usage": "city", "name": "威尔莫特"},
{"usage": "city", "name": "威尔顿"},
{"usage": "city", "name": "威廉斯堡"},
{"usage": "city", "name": "威廉斯敦"},
{"usage": "city", "name": "威斯卡西特"},
{"usage": "city", "name": "威斯敏斯特"},
{"usage": "city", "name": "威斯特伍德"},
{"usage": "city", "name": "威斯特莫"},
{"usage": "city", "name": "威斯特莫兰德"},
{"usage": "city", "name": "威林顿"},
{"usage": "city", "name": "安德沃"},
{"usage": "city", "name": "安森"},
{"usage": "city", "name": "安特里姆"},
{"usage": "city", "name": "安索尼亚"},
{"usage": "city", "name": "宾厄姆"},
{"usage": "city", "name": "富兰克林"},
{"usage": "city", "name": "小康普顿"},
{"usage": "city", "name": "尤宁"},
{"usage": "city", "name": "尤尼蒂"},
{"usage": "city", "name": "尤斯蒂斯"},
{"usage": "city", "name": "尼尔森"},
{"usage": "city", "name": "尼维尔"},
{"usage": "city", "name": "尼达姆"},
{"usage": "city", "name": "巴克兰"},
{"usage": "city", "name": "巴克哈姆斯特德"},
{"usage": "city", "name": "巴克斯波特"},
{"usage": "city", "name": "巴克斯顿"},
{"usage": "city", "name": "巴克菲尔德"},
{"usage": "city", "name": "巴奈特市"},
{"usage": "city", "name": "巴尔港"},
{"usage": "city", "name": "巴尔的摩"},
{"usage": "city", "name": "巴思"},
{"usage": "city", "name": "巴恩斯特布"},
{"usage": "city", "name": "巴恩斯特德"},
{"usage": "city", "name": "巴拉莫"},
{"usage": "city", "name": "巴灵种植园"},
{"usage": "city", "name": "巴灵顿"},
{"usage": "city", "name": "巴特利特"},
{"usage": "city", "name": "巴纳德"},
{"usage": "city", "name": "巴里"},
{"usage": "city", "name": "巴顿"},
{"usage": "city", "name": "巴黎"},
{"usage": "city", "name": "布伦特伍德"},
{"usage": "city", "name": "布兰查德"},
{"usage": "city", "name": "布兰登"},
{"usage": "city", "name": "布兰福德"},
{"usage": "city", "name": "布兰福德"},
{"usage": "city", "name": "布卢姆菲尔德"},
{"usage": "city", "name": "布卢希尔"},
{"usage": "city", "name": "布拉克菲尔德"},
{"usage": "city", "name": "布拉克顿"},
{"usage": "city", "name": "布拉德利"},
{"usage": "city", "name": "布拉德福"},
{"usage": "city", "name": "布斯贝"},
{"usage": "city", "name": "布斯贝港"},
{"usage": "city", "name": "布朗宁顿"},
{"usage": "city", "name": "布朗维尔"},
{"usage": "city", "name": "布朗菲尔德"},
{"usage": "city", "name": "布莱克斯通"},
{"usage": "city", "name": "布莱恩"},
{"usage": "city", "name": "布莱顿"},
{"usage": "city", "name": "布莱顿种植园"},
{"usage": "city", "name": "布里奇沃特"},
{"usage": "city", "name": "布里奇波特"},
{"usage": "city", "name": "布里奇顿"},
{"usage": "city", "name": "布里姆菲尔德"},
{"usage": "city", "name": "布里德波特"},
{"usage": "city", "name": "布里斯托尔"},
{"usage": "city", "name": "布雷茵特里"},
{"usage": "city", "name": "布鲁克斯"},
{"usage": "city", "name": "布鲁克斯维尔"},
{"usage": "city", "name": "布鲁克林"},
{"usage": "city", "name": "布鲁克林"},
{"usage": "city", "name": "布鲁克莱恩"},
{"usage": "city", "name": "布鲁克顿"},
{"usage": "city", "name": "布鲁尔"},
{"usage": "city", "name": "布鲁斯特"},
{"usage": "city", "name": "希伯伦"},
{"usage": "city", "name": "希尔"},
{"usage": "city", "name": "希尔斯伯勒"},
{"usage": "city", "name": "希尔种植园"},
{"usage": "city", "name": "希思"},
{"usage": "city", "name": "帕克斯顿"},
{"usage": "city", "name": "帕克曼"},
{"usage": "city", "name": "帕尔迈拉"},
{"usage": "city", "name": "帕森菲尔德"},
{"usage": "city", "name": "帕滕"},
{"usage": "city", "name": "帕萨达姆凯格"},
{"usage": "city", "name": "帕麦尔"},
{"usage": "city", "name": "干地亚"},
{"usage": "city", "name": "库恩维尔"},
{"usage": "city", "name": "库珀"},
{"usage": "city", "name": "底特律"},
{"usage": "city", "name": "庞弗里特"},
{"usage": "city", "name": "康威"},
{"usage": "city", "name": "康沃尔"},
{"usage": "city", "name": "康科德"},
{"usage": "city", "name": "康纳"},
{"usage": "city", "name": "廷斯堡罗夫"},
{"usage": "city", "name": "廷茅斯"},
{"usage": "city", "name": "弗伦奇伯勒"},
{"usage": "city", "name": "弗伦奇维尔"},
{"usage": "city", "name": "弗伦德希普"},
{"usage": "city", "name": "弗农"},
{"usage": "city", "name": "弗农山"},
{"usage": "city", "name": "弗朗科尼亚"},
{"usage": "city", "name": "弗朗西斯城"},
{"usage": "city", "name": "弗莱岛"},
{"usage": "city", "name": "弗莱彻"},
{"usage": "city", "name": "弗里德姆"},
{"usage": "city", "name": "弗里敦"},
{"usage": "city", "name": "弗里曼"},
{"usage": "city", "name": "弗里波特"},
{"usage": "city", "name": "弗里蒙特"},
{"usage": "city", "name": "弗金斯"},
{"usage": "city", "name": "弗雷堡"},
{"usage": "city", "name": "弗雷明汉"},
{"usage": "city", "name": "彭布鲁克"},
{"usage": "city", "name": "彼得伯勒"},
{"usage": "city", "name": "彼得福特"},
{"usage": "city", "name": "彼得舍姆"},
{"usage": "city", "name": "德克斯特"},
{"usage": "city", "name": "德布洛斯"},
{"usage": "city", "name": "德比"},
{"usage": "city", "name": "德累斯顿"},
{"usage": "city", "name": "德里"},
{"usage": "city", "name": "德雷卡特"},
{"usage": "city", "name": "德鲁种植园"},
{"usage": "city", "name": "怀廷"},
{"usage": "city", "name": "怀特菲尔德"},
{"usage": "city", "name": "恩巴顿"},
{"usage": "city", "name": "恩菲尔德"},
{"usage": "city", "name": "惠尔洛克"},
{"usage": "city", "name": "惠廷厄姆"},
{"usage": "city", "name": "惠灵顿"},
{"usage": "city", "name": "惠特利"},
{"usage": "city", "name": "惠特尼"},
{"usage": "city", "name": "惠特曼"},
{"usage": "city", "name": "戈勒姆"},
{"usage": "city", "name": "戈夫斯敦"},
{"usage": "city", "name": "戈斯诺尔德"},
{"usage": "city", "name": "戈申"},
{"usage": "city", "name": "戴尔布鲁克"},
{"usage": "city", "name": "戴德姆"},
{"usage": "city", "name": "戴顿"},
{"usage": "city", "name": "托兰"},
{"usage": "city", "name": "托普斯菲尔德"},
{"usage": "city", "name": "托普瑟姆"},
{"usage": "city", "name": "托灵顿"},
{"usage": "city", "name": "拉伊"},
{"usage": "city", "name": "拉伊盖特"},
{"usage": "city", "name": "拉哥尼亚"},
{"usage": "city", "name": "拉塞尔"},
{"usage": "city", "name": "拉姆尼"},
{"usage": "city", "name": "拉姆福德"},
{"usage": "city", "name": "拉格朗日"},
{"usage": "city", "name": "拉特兰郡"},
{"usage": "city", "name": "拉莫因"},
{"usage": "city", "name": "拜伦"},
{"usage": "city", "name": "挪威"},
{"usage": "city", "name": "摩根"},
{"usage": "city", "name": "摩洛种植园"},
{"usage": "city", "name": "摩顿巿"},
{"usage": "city", "name": "文哈尔"},
{"usage": "city", "name": "文索基特"},
{"usage": "city", "name": "斯万普斯科特"},
{"usage": "city", "name": "斯卡伯勒"},
{"usage": "city", "name": "斯图尔兹敦"},
{"usage": "city", "name": "斯图本"},
{"usage": "city", "name": "斯坦福德"},
{"usage": "city", "name": "斯坦纳德"},
{"usage": "city", "name": "斯坦迪什"},
{"usage": "city", "name": "斯塔克"},
{"usage": "city", "name": "斯塔克斯"},
{"usage": "city", "name": "斯塔克斯伯勒"},
{"usage": "city", "name": "斯塔福德"},
{"usage": "city", "name": "斯德哥尔摩"},
{"usage": "city", "name": "斯托"},
{"usage": "city", "name": "斯托"},
{"usage": "city", "name": "斯托克布里奇"},
{"usage": "city", "name": "斯托克斯普林斯"},
{"usage": "city", "name": "斯托宁顿"},
{"usage": "city", "name": "斯托纳姆"},
{"usage": "city", "name": "斯托达德"},
{"usage": "city", "name": "斯托顿"},
{"usage": "city", "name": "斯旺威尔"},
{"usage": "city", "name": "斯旺泽"},
{"usage": "city", "name": "斯旺西"},
{"usage": "city", "name": "斯旺顿"},
{"usage": "city", "name": "斯普拉格"},
{"usage": "city", "name": "斯普林菲尔德"},
{"usage": "city", "name": "斯泰森"},
{"usage": "city", "name": "斯特布里奇"},
{"usage": "city", "name": "斯特拉森姆"},
{"usage": "city", "name": "斯特拉特福德"},
{"usage": "city", "name": "斯特拉福德"},
{"usage": "city", "name": "斯特拉顿"},
{"usage": "city", "name": "斯特朗"},
{"usage": "city", "name": "斯特林"},
{"usage": "city", "name": "斯特西维尔"},
{"usage": "city", "name": "斯考希根"},
{"usage": "city", "name": "新不列颠"},
{"usage": "city", "name": "新伊普斯威奇"},
{"usage": "city", "name": "新伦敦"},
{"usage": "city", "name": "新利默里克"},
{"usage": "city", "name": "新加拿大"},
{"usage": "city", "name": "新哈特福德"},
{"usage": "city", "name": "新塞勒姆"},
{"usage": "city", "name": "新布伦特里"},
{"usage": "city", "name": "新格洛斯特"},
{"usage": "city", "name": "新汉普顿"},
{"usage": "city", "name": "新沙伦"},
{"usage": "city", "name": "新波士顿"},
{"usage": "city", "name": "新波特兰"},
{"usage": "city", "name": "新瑞典"},
{"usage": "city", "name": "新瓦恩伊德"},
{"usage": "city", "name": "新米尔福德"},
{"usage": "city", "name": "新肖勒姆"},
{"usage": "city", "name": "新贝德福德"},
{"usage": "city", "name": "新费尔菲尔德"},
{"usage": "city", "name": "新达勒姆"},
{"usage": "city", "name": "新迦南"},
{"usage": "city", "name": "新阿什福德"},
{"usage": "city", "name": "新马尔堡"},
{"usage": "city", "name": "旧塞布鲁克"},
{"usage": "city", "name": "旧奥查德比奇"},
{"usage": "city", "name": "旧莱姆"},
{"usage": "city", "name": "昂德希尔"},
{"usage": "city", "name": "昆西"},
{"usage": "city", "name": "普兰蒂斯"},
{"usage": "city", "name": "普利茅斯"},
{"usage": "city", "name": "普拉斯托"},
{"usage": "city", "name": "普林斯顿"},
{"usage": "city", "name": "普林顿"},
{"usage": "city", "name": "普特南"},
{"usage": "city", "name": "普特尼"},
{"usage": "city", "name": "普瑞斯克岛"},
{"usage": "city", "name": "普罗文斯镇"},
{"usage": "city", "name": "普罗斯佩克特"},
{"usage": "city", "name": "普罗科特"},
{"usage": "city", "name": "普罗维登斯"},
{"usage": "city", "name": "普莱恩维尔"},
{"usage": "city", "name": "普莱恩菲尔德"},
{"usage": "city", "name": "普雷斯科特"},
{"usage": "city", "name": "普雷斯顿"},
{"usage": "city", "name": "曼彻斯特"},
{"usage": "city", "name": "曼斯菲尔德"},
{"usage": "city", "name": "朗吉利种植园"},
{"usage": "city", "name": "朗格莱"},
{"usage": "city", "name": "朗梅多"},
{"usage": "city", "name": "本宁顿"},
{"usage": "city", "name": "本尼迪克塔"},
{"usage": "city", "name": "本森"},
{"usage": "city", "name": "本顿"},
{"usage": "city", "name": "朴茨茅斯"},
{"usage": "city", "name": "李"},
{"usage": "city", "name": "杰伊"},
{"usage": "city", "name": "杰克曼"},
{"usage": "city", "name": "杰克逊"},
{"usage": "city", "name": "杰斐逊"},
{"usage": "city", "name": "林奇"},
{"usage": "city", "name": "林尼厄斯"},
{"usage": "city", "name": "林德区"},
{"usage": "city", "name": "林恩"},
{"usage": "city", "name": "林登"},
{"usage": "city", "name": "林肯"},
{"usage": "city", "name": "林肯种植园"},
{"usage": "city", "name": "林肯维尔"},
{"usage": "city", "name": "林菲尔德"},
{"usage": "city", "name": "柏林"},
{"usage": "city", "name": "柏林威尔"},
{"usage": "city", "name": "查塔姆"},
{"usage": "city", "name": "查尔斯敦"},
{"usage": "city", "name": "查尔斯顿"},
{"usage": "city", "name": "查尔蒙特"},
{"usage": "city", "name": "查尔顿"},
{"usage": "city", "name": "查普曼"},
{"usage": "city", "name": "查普林"},
{"usage": "city", "name": "柯兴"},
{"usage": "city", "name": "柯比"},
{"usage": "city", "name": "柴郡"},
{"usage": "city", "name": "格伦伍德种植园"},
{"usage": "city", "name": "格伦本"},
{"usage": "city", "name": "格兰德岛"},
{"usage": "city", "name": "格兰德菜克斯蒂姆"},
{"usage": "city", "name": "格兰比"},
{"usage": "city", "name": "格兰瑟姆"},
{"usage": "city", "name": "格兰维尔"},
{"usage": "city", "name": "格拉夫顿"},
{"usage": "city", "name": "格拉斯顿伯里"},
{"usage": "city", "name": "格拉斯顿伯里"},
{"usage": "city", "name": "格林"},
{"usage": "city", "name": "格林伍德"},
{"usage": "city", "name": "格林尼治"},
{"usage": "city", "name": "格林布什"},
{"usage": "city", "name": "格林斯博罗"},
{"usage": "city", "name": "格林维尔"},
{"usage": "city", "name": "格林菲尔德"},
{"usage": "city", "name": "格洛弗"},
{"usage": "city", "name": "格洛斯特"},
{"usage": "city", "name": "格瑞特伯德"},
{"usage": "city", "name": "格罗切斯特"},
{"usage": "city", "name": "格罗夫兰"},
{"usage": "city", "name": "格罗顿"},
{"usage": "city", "name": "格里斯沃尔德"},
{"usage": "city", "name": "格陵兰"},
{"usage": "city", "name": "格雷"},
{"usage": "city", "name": "格鲁吉亚"},
{"usage": "city", "name": "桑代克"},
{"usage": "city", "name": "桑威奇"},
{"usage": "city", "name": "桑当"},
{"usage": "city", "name": "桑格维尔"},
{"usage": "city", "name": "桑盖特"},
{"usage": "city", "name": "桑福德"},
{"usage": "city", "name": "桑迪斯"},
{"usage": "city", "name": "桑迪河种植园"},
{"usage": "city", "name": "桑顿"},
{"usage": "city", "name": "梅休因"},
{"usage": "city", "name": "梅卡尼克福尔斯"},
{"usage": "city", "name": "梅尔罗斯"},
{"usage": "city", "name": "梅德斯通"},
{"usage": "city", "name": "梅德菲尔德"},
{"usage": "city", "name": "梅德韦"},
{"usage": "city", "name": "梅普尔顿"},
{"usage": "city", "name": "梅森"},
{"usage": "city", "name": "梅纳德"},
{"usage": "city", "name": "梅里尔"},
{"usage": "city", "name": "梅里登"},
{"usage": "city", "name": "梅里马克"},
{"usage": "city", "name": "梅里麦克"},
{"usage": "city", "name": "梅雷迪思"},
{"usage": "city", "name": "森得兰郡"},
{"usage": "city", "name": "森波顿"},
{"usage": "city", "name": "森特勒尔福尔斯"},
{"usage": "city", "name": "森特维尔"},
{"usage": "city", "name": "楠塔基特"},
{"usage": "city", "name": "欣厄姆"},
{"usage": "city", "name": "欣斯代尔"},
{"usage": "city", "name": "欧文"},
{"usage": "city", "name": "比尔斯"},
{"usage": "city", "name": "比尔里卡"},
{"usage": "city", "name": "比肯福尔斯"},
{"usage": "city", "name": "汉密尔顿"},
{"usage": "city", "name": "汉普斯特德"},
{"usage": "city", "name": "汉普顿"},
{"usage": "city", "name": "汉普顿"},
{"usage": "city", "name": "汉普顿瀑布"},
{"usage": "city", "name": "汉森"},
{"usage": "city", "name": "汉考克"},
{"usage": "city", "name": "汉诺威"},
{"usage": "city", "name": "汤普森"},
{"usage": "city", "name": "汤森德"},
{"usage": "city", "name": "汤森德"},
{"usage": "city", "name": "汤玛斯敦"},
{"usage": "city", "name": "沃什博恩"},
{"usage": "city", "name": "沃伦"},
{"usage": "city", "name": "沃伦顿"},
{"usage": "city", "name": "沃兹伯勒"},
{"usage": "city", "name": "沃夫博乐"},
{"usage": "city", "name": "沃尔多"},
{"usage": "city", "name": "沃尔多波罗"},
{"usage": "city", "name": "沃尔波尔"},
{"usage": "city", "name": "沃尔瑟姆"},
{"usage": "city", "name": "沃尔科特"},
{"usage": "city", "name": "沃本"},
{"usage": "city", "name": "沃林福德"},
{"usage": "city", "name": "沃格拉斯"},
{"usage": "city", "name": "沃特伯勒"},
{"usage": "city", "name": "沃特伯里"},
{"usage": "city", "name": "沃特敦"},
{"usage": "city", "name": "沃特福德"},
{"usage": "city", "name": "沃特维尔瓦里"},
{"usage": "city", "name": "沃纳"},
{"usage": "city", "name": "沃辛顿"},
{"usage": "city", "name": "沃里克"},
{"usage": "city", "name": "沙伦"},
{"usage": "city", "name": "沙利文"},
{"usage": "city", "name": "沙夫兹伯里"},
{"usage": "city", "name": "沙普利"},
{"usage": "city", "name": "法兰克福"},
{"usage": "city", "name": "法尔茅斯"},
{"usage": "city", "name": "法明代尔"},
{"usage": "city", "name": "法明顿"},
{"usage": "city", "name": "波兰"},
{"usage": "city", "name": "波利特"},
{"usage": "city", "name": "波塔基特"},
{"usage": "city", "name": "波士顿"},
{"usage": "city", "name": "波尔特尼"},
{"usage": "city", "name": "波斯拉"},
{"usage": "city", "name": "波特"},
{"usage": "city", "name": "波特兰"},
{"usage": "city", "name": "波特治湖"},
{"usage": "city", "name": "洛厄尔"},
{"usage": "city", "name": "洛基希尔"},
{"usage": "city", "name": "洛弗尔"},
{"usage": "city", "name": "洛金汉"},
{"usage": "city", "name": "浦纳"},
{"usage": "city", "name": "海兰种植园"},
{"usage": "city", "name": "海勒姆"},
{"usage": "city", "name": "海德公园"},
{"usage": "city", "name": "海恩斯堡"},
{"usage": "city", "name": "海恩斯维尔"},
{"usage": "city", "name": "海格特"},
{"usage": "city", "name": "海狸湾"},
{"usage": "city", "name": "温"},
{"usage": "city", "name": "温彻斯特"},
{"usage": "city", "name": "温彻顿"},
{"usage": "city", "name": "温德姆"},
{"usage": "city", "name": "温德尔"},
{"usage": "city", "name": "温斯洛"},
{"usage": "city", "name": "温特沃斯"},
{"usage": "city", "name": "温特波特"},
{"usage": "city", "name": "温特港"},
{"usage": "city", "name": "温特维尔种植园"},
{"usage": "city", "name": "温索普"},
{"usage": "city", "name": "温色洛克"},
{"usage": "city", "name": "温莎"},
{"usage": "city", "name": "湖景保护区"},
{"usage": "city", "name": "滕布里奇"},
{"usage": "city", "name": "潘顿"},
{"usage": "city", "name": "爱丁堡"},
{"usage": "city", "name": "牙买加"},
{"usage": "city", "name": "牛津"},
{"usage": "city", "name": "牛顿"},
{"usage": "city", "name": "特伦顿"},
{"usage": "city", "name": "特朗布尔"},
{"usage": "city", "name": "特洛伊"},
{"usage": "city", "name": "特纳"},
{"usage": "city", "name": "特里蒙特"},
{"usage": "city", "name": "特雷斯科"},
{"usage": "city", "name": "特鲁罗"},
{"usage": "city", "name": "珀勒姆"},
{"usage": "city", "name": "珀金斯"},
{"usage": "city", "name": "班克罗夫特"},
{"usage": "city", "name": "班戈"},
{"usage": "city", "name": "琼斯伯勒"},
{"usage": "city", "name": "琼斯波特"},
{"usage": "city", "name": "瑞典"},
{"usage": "city", "name": "瑞德菲尔德"},
{"usage": "city", "name": "瑟斯伯格"},
{"usage": "city", "name": "瓦尔登"},
{"usage": "city", "name": "瓦特维尔"},
{"usage": "city", "name": "瓦瑟尔伯勒"},
{"usage": "city", "name": "皮博迪"},
{"usage": "city", "name": "皮查姆"},
{"usage": "city", "name": "皮耶蒙特"},
{"usage": "city", "name": "皮茨福德"},
{"usage": "city", "name": "皮茨菲尔德"},
{"usage": "city", "name": "皮茨顿"},
{"usage": "city", "name": "福克斯"},
{"usage": "city", "name": "福克斯区"},
{"usage": "city", "name": "福克斯堡"},
{"usage": "city", "name": "福尔河"},
{"usage": "city", "name": "福斯特"},
{"usage": "city", "name": "福里斯特城"},
{"usage": "city", "name": "福门城"},
{"usage": "city", "name": "科哈西特"},
{"usage": "city", "name": "科尔切斯特"},
{"usage": "city", "name": "科尔布鲁克"},
{"usage": "city", "name": "科尼什"},
{"usage": "city", "name": "科普林种植园"},
{"usage": "city", "name": "科林斯"},
{"usage": "city", "name": "科琳娜"},
{"usage": "city", "name": "科迪威尔种植园"},
{"usage": "city", "name": "科雷恩"},
{"usage": "city", "name": "秘鲁(美国)"},
{"usage": "city", "name": "穆斯河"},
{"usage": "city", "name": "米兰"},
{"usage": "city", "name": "米利斯"},
{"usage": "city", "name": "米利诺基特"},
{"usage": "city", "name": "米尔伯里"},
{"usage": "city", "name": "米尔布里奇"},
{"usage": "city", "name": "米尔福德"},
{"usage": "city", "name": "米尔维尔"},
{"usage": "city", "name": "米尔顿"},
{"usage": "city", "name": "米德尔伯里"},
{"usage": "city", "name": "米德尔敦"},
{"usage": "city", "name": "米德尔敦普林斯"},
{"usage": "city", "name": "米德尔菲尔德"},
{"usage": "city", "name": "米德尔赛克斯"},
{"usage": "city", "name": "米德尔顿"},
{"usage": "city", "name": "米德波罗"},
{"usage": "city", "name": "米德福特"},
{"usage": "city", "name": "索伦"},
{"usage": "city", "name": "索伦托"},
{"usage": "city", "name": "索尔兹伯里"},
{"usage": "city", "name": "索斯维克"},
{"usage": "city", "name": "索斯维克"},
{"usage": "city", "name": "索格斯"},
{"usage": "city", "name": "索科"},
{"usage": "city", "name": "约克"},
{"usage": "city", "name": "约翰斯顿"},
{"usage": "city", "name": "约翰逊"},
{"usage": "city", "name": "纳什维尔种植园"},
{"usage": "city", "name": "纳拉甘西特"},
{"usage": "city", "name": "纳罕特"},
{"usage": "city", "name": "纳舒厄"},
{"usage": "city", "name": "纽伯里"},
{"usage": "city", "name": "纽伯里波特"},
{"usage": "city", "name": "纽卡斯尔"},
{"usage": "city", "name": "纽卡斯尔"},
{"usage": "city", "name": "纽因顿"},
{"usage": "city", "name": "纽堡"},
{"usage": "city", "name": "纽敦"},
{"usage": "city", "name": "纽波特"},
{"usage": "city", "name": "纽瓦克"},
{"usage": "city", "name": "纽菲尔德"},
{"usage": "city", "name": "纽菲尔德"},
{"usage": "city", "name": "纽里"},
{"usage": "city", "name": "纽马克特"},
{"usage": "city", "name": "纽黑文"},
{"usage": "city", "name": "绍斯伯勒"},
{"usage": "city", "name": "绍斯伯里"},
{"usage": "city", "name": "绍斯布里奇"},
{"usage": "city", "name": "绍斯波特"},
{"usage": "city", "name": "绍辛顿"},
{"usage": "city", "name": "维也纳"},
{"usage": "city", "name": "维克托里"},
{"usage": "city", "name": "维尔福利特"},
{"usage": "city", "name": "维斯菲尔德"},
{"usage": "city", "name": "维罗纳岛"},
{"usage": "city", "name": "维齐"},
{"usage": "city", "name": "罗亚尔顿"},
{"usage": "city", "name": "罗伊"},
{"usage": "city", "name": "罗伊尔斯顿"},
{"usage": "city", "name": "罗克兰"},
{"usage": "city", "name": "罗克夫斯"},
{"usage": "city", "name": "罗克波特"},
{"usage": "city", "name": "罗切斯特"},
{"usage": "city", "name": "罗利"},
{"usage": "city", "name": "罗宾斯顿"},
{"usage": "city", "name": "罗林斯福德"},
{"usage": "city", "name": "罗科斯伯里"},
{"usage": "city", "name": "罗马"},
{"usage": "city", "name": "考文垂"},
{"usage": "city", "name": "耶利哥"},
{"usage": "city", "name": "耶斯顿"},
{"usage": "city", "name": "肖勒姆"},
{"usage": "city", "name": "肯特"},
{"usage": "city", "name": "肯特堡"},
{"usage": "city", "name": "肯纳邦克"},
{"usage": "city", "name": "肯纳邦克波特"},
{"usage": "city", "name": "肯辛顿"},
{"usage": "city", "name": "肯达斯科伊格"},
{"usage": "city", "name": "舍伯恩"},
{"usage": "city", "name": "舒兹伯利"},
{"usage": "city", "name": "舒格高地"},
{"usage": "city", "name": "艾仕本罕"},
{"usage": "city", "name": "艾伦斯敦"},
{"usage": "city", "name": "艾兰福尔斯"},
{"usage": "city", "name": "艾冯郡"},
{"usage": "city", "name": "艾勒斯堡"},
{"usage": "city", "name": "艾尔伯勒"},
{"usage": "city", "name": "艾拉"},
{"usage": "city", "name": "艾略特"},
{"usage": "city", "name": "艾默斯特"},
{"usage": "city", "name": "芒克顿"},
{"usage": "city", "name": "芒特佛南"},
{"usage": "city", "name": "芒特切斯"},
{"usage": "city", "name": "芒特华盛顿"},
{"usage": "city", "name": "苏格兰"},
{"usage": "city", "name": "苏纳皮"},
{"usage": "city", "name": "范布伦"},
{"usage": "city", "name": "荒山岛"},
{"usage": "city", "name": "莫勒尔"},
{"usage": "city", "name": "莫尔顿伯勒"},
{"usage": "city", "name": "莫敦"},
{"usage": "city", "name": "莫斯科"},
{"usage": "city", "name": "莫里斯"},
{"usage": "city", "name": "莫里斯敦"},
{"usage": "city", "name": "莱克威尔"},
{"usage": "city", "name": "莱切斯特"},
{"usage": "city", "name": "莱姆"},
{"usage": "city", "name": "莱姆斯通"},
{"usage": "city", "name": "莱弗里特"},
{"usage": "city", "name": "莱德亚德"},
{"usage": "city", "name": "莱恩斯伯勒"},
{"usage": "city", "name": "莱明斯特"},
{"usage": "city", "name": "莱明顿"},
{"usage": "city", "name": "莱曼"},
{"usage": "city", "name": "莱诺克斯"},
{"usage": "city", "name": "莱顿"},
{"usage": "city", "name": "菲利普"},
{"usage": "city", "name": "菲利普斯顿"},
{"usage": "city", "name": "菲普斯堡"},
{"usage": "city", "name": "菲茨威廉"},
{"usage": "city", "name": "萨巴特斯"},
{"usage": "city", "name": "萨德伯里"},
{"usage": "city", "name": "萨沃伊"},
{"usage": "city", "name": "萨纳姆"},
{"usage": "city", "name": "萨菲尔德"},
{"usage": "city", "name": "萨里"},
{"usage": "city", "name": "萨里"},
{"usage": "city", "name": "萨顿"},
{"usage": "city", "name": "萨默塞特"},
{"usage": "city", "name": "萨默斯"},
{"usage": "city", "name": "萨默斯沃思"},
{"usage": "city", "name": "萨默维尔"},
{"usage": "city", "name": "蒂尔顿"},
{"usage": "city", "name": "蒂弗顿"},
{"usage": "city", "name": "蒙哥马利"},
{"usage": "city", "name": "蒙塔古"},
{"usage": "city", "name": "蒙彼利埃"},
{"usage": "city", "name": "蒙根"},
{"usage": "city", "name": "蒙森"},
{"usage": "city", "name": "蒙特维尔"},
{"usage": "city", "name": "蒙特雷"},
{"usage": "city", "name": "蒙蒂塞洛"},
{"usage": "city", "name": "蒙默思"},
{"usage": "city", "name": "蔓越莓群岛"},
{"usage": "city", "name": "西加德纳"},
{"usage": "city", "name": "西南港"},
{"usage": "city", "name": "西博伊尔斯顿"},
{"usage": "city", "name": "西哈特福德"},
{"usage": "city", "name": "西姆斯伯里"},
{"usage": "city", "name": "西姆斯伯里"},
{"usage": "city", "name": "西安普顿"},
{"usage": "city", "name": "西巴特"},
{"usage": "city", "name": "西布里奇沃特"},
{"usage": "city", "name": "西布鲁克"},
{"usage": "city", "name": "西布鲁克菲尔德"},
{"usage": "city", "name": "西帕里斯"},
{"usage": "city", "name": "西德尼"},
{"usage": "city", "name": "西拉特兰"},
{"usage": "city", "name": "西摩"},
{"usage": "city", "name": "西斯托克布里奇"},
{"usage": "city", "name": "西斯普林菲尔德"},
{"usage": "city", "name": "西斯蒂伯里"},
{"usage": "city", "name": "西格林威治"},
{"usage": "city", "name": "西沃克利"},
{"usage": "city", "name": "西温莎"},
{"usage": "city", "name": "西港"},
{"usage": "city", "name": "西福克斯"},
{"usage": "city", "name": "西纽伯里"},
{"usage": "city", "name": "西费尔里"},
{"usage": "city", "name": "西黑文"},
{"usage": "city", "name": "西黑文"},
{"usage": "city", "name": "詹姆斯顿"},
{"usage": "city", "name": "诺丁汉"},
{"usage": "city", "name": "诺伍德"},
{"usage": "city", "name": "诺伯伯瑞"},
{"usage": "city", "name": "诺克斯"},
{"usage": "city", "name": "诺威奇"},
{"usage": "city", "name": "诺斯伍德"},
{"usage": "city", "name": "诺斯伯勒"},
{"usage": "city", "name": "诺斯布里奇"},
{"usage": "city", "name": "诺斯波特"},
{"usage": "city", "name": "诺斯黑文"},
{"usage": "city", "name": "诺格塔克"},
{"usage": "city", "name": "诺森伯兰"},
{"usage": "city", "name": "诺沃克"},
{"usage": "city", "name": "诺福克郡"},
{"usage": "city", "name": "诺里奇沃克"},
{"usage": "city", "name": "诺韦尔"},
{"usage": "city", "name": "诺顿"},
{"usage": "city", "name": "谢尔曼"},
{"usage": "city", "name": "谢尔本"},
{"usage": "city", "name": "谢尔登"},
{"usage": "city", "name": "谢尔顿"},
{"usage": "city", "name": "谢菲尔德"},
{"usage": "city", "name": "豪兰"},
{"usage": "city", "name": "贝丁顿"},
{"usage": "city", "name": "贝克斯菲尔德"},
{"usage": "city", "name": "贝利维尔"},
{"usage": "city", "name": "贝基特"},
{"usage": "city", "name": "贝尔彻敦"},
{"usage": "city", "name": "贝尔格莱德"},
{"usage": "city", "name": "贝尔法斯特"},
{"usage": "city", "name": "贝尔维迪尔"},
{"usage": "city", "name": "贝尔蒙特"},
{"usage": "city", "name": "贝弗莉"},
{"usage": "city", "name": "贝德福德"},
{"usage": "city", "name": "贝灵哈姆"},
{"usage": "city", "name": "贝瑟尔"},
{"usage": "city", "name": "贝瑟尼"},
{"usage": "city", "name": "贝里克"},
{"usage": "city", "name": "费奇伯格"},
{"usage": "city", "name": "费尔利"},
{"usage": "city", "name": "费尔法克斯"},
{"usage": "city", "name": "费尔港"},
{"usage": "city", "name": "费尔菲尔德"},
{"usage": "city", "name": "费尔菲尔德堡"},
{"usage": "city", "name": "费尔黑文"},
{"usage": "city", "name": "费耶特"},
{"usage": "city", "name": "费里斯堡"},
{"usage": "city", "name": "贾弗里"},
{"usage": "city", "name": "赛奇威克"},
{"usage": "city", "name": "赫尔"},
{"usage": "city", "name": "赫尔"},
{"usage": "city", "name": "赫蒙"},
{"usage": "city", "name": "赫西"},
{"usage": "city", "name": "路易斯顿"},
{"usage": "city", "name": "达克斯伯里"},
{"usage": "city", "name": "达勒姆"},
{"usage": "city", "name": "达德利郡"},
{"usage": "city", "name": "达拉斯种植园"},
{"usage": "city", "name": "达特默斯"},
{"usage": "city", "name": "达莫斯顿"},
{"usage": "city", "name": "达里恩"},
{"usage": "city", "name": "达马瑞斯哥塔"},
{"usage": "city", "name": "达默"},
{"usage": "city", "name": "迈诺特"},
{"usage": "city", "name": "迦南"},
{"usage": "city", "name": "迦太基"},
{"usage": "city", "name": "迪克斯菲尔德"},
{"usage": "city", "name": "迪克斯蒙特"},
{"usage": "city", "name": "迪尔艾尔"},
{"usage": "city", "name": "迪尔菲尔德"},
{"usage": "city", "name": "迪斯伯里"},
{"usage": "city", "name": "迪普里弗"},
{"usage": "city", "name": "迪林厄姆"},
{"usage": "city", "name": "迪灵"},
{"usage": "city", "name": "逸岭种植园"},
{"usage": "city", "name": "道尔顿"},
{"usage": "city", "name": "道格拉斯"},
{"usage": "city", "name": "邓斯特布尔"},
{"usage": "city", "name": "那不勒斯"},
{"usage": "city", "name": "都柏林"},
{"usage": "city", "name": "里兹伯勒"},
{"usage": "city", "name": "里士满"},
{"usage": "city", "name": "里奇福德"},
{"usage": "city", "name": "里奇菲尔德"},
{"usage": "city", "name": "里德种植园"},
{"usage": "city", "name": "里斯本"},
{"usage": "city", "name": "里普利"},
{"usage": "city", "name": "里维尔"},
{"usage": "city", "name": "金士顿"},
{"usage": "city", "name": "金斯伯里种植园"},
{"usage": "city", "name": "金曼"},
{"usage": "city", "name": "金菲尔德"},
{"usage": "city", "name": "锡尔斯蒙特"},
{"usage": "city", "name": "锡康克"},
{"usage": "city", "name": "锡楚埃特"},
{"usage": "city", "name": "长屿"},
{"usage": "city", "name": "门登"},
{"usage": "city", "name": "门罗"},
{"usage": "city", "name": "阿什兰"},
{"usage": "city", "name": "阿什比"},
{"usage": "city", "name": "阿什福德"},
{"usage": "city", "name": "阿什菲尔德"},
{"usage": "city", "name": "阿伦德尔"},
{"usage": "city", "name": "阿克斯布里奇"},
{"usage": "city", "name": "阿克沃思"},
{"usage": "city", "name": "阿克顿"},
{"usage": "city", "name": "阿博特"},
{"usage": "city", "name": "阿奎那"},
{"usage": "city", "name": "阿宾顿"},
{"usage": "city", "name": "阿尔弗雷德"},
{"usage": "city", "name": "阿尔斯德"},
{"usage": "city", "name": "阿尔比恩"},
{"usage": "city", "name": "阿尔纳"},
{"usage": "city", "name": "阿库斯内"},
{"usage": "city", "name": "阿拉加什"},
{"usage": "city", "name": "阿普尔顿"},
{"usage": "city", "name": "阿格瓦姆"},
{"usage": "city", "name": "阿灵顿"},
{"usage": "city", "name": "阿特尔伯勒"},
{"usage": "city", "name": "阿特金森"},
{"usage": "city", "name": "阿狄森"},
{"usage": "city", "name": "阿瑟尔"},
{"usage": "city", "name": "阿盖尔"},
{"usage": "city", "name": "阿米蒂"},
{"usage": "city", "name": "阿罗斯克"},
{"usage": "city", "name": "阿耶尔"},
{"usage": "city", "name": "陶顿"},
{"usage": "city", "name": "雅典"},
{"usage": "city", "name": "雅茅斯"},
{"usage": "city", "name": "雪利"},
{"usage": "city", "name": "雷丁"},
{"usage": "city", "name": "雷普敦"},
{"usage": "city", "name": "雷纳姆"},
{"usage": "city", "name": "雷蒙德"},
{"usage": "city", "name": "雷霍博特"},
{"usage": "city", "name": "霍克赛特"},
{"usage": "city", "name": "霍兰"},
{"usage": "city", "name": "霍利"},
{"usage": "city", "name": "霍利奥克"},
{"usage": "city", "name": "霍利斯"},
{"usage": "city", "name": "霍奇登"},
{"usage": "city", "name": "霍尔布鲁克"},
{"usage": "city", "name": "霍尔德内斯"},
{"usage": "city", "name": "霍尔登"},
{"usage": "city", "name": "霍尔顿"},
{"usage": "city", "name": "霍普"},
{"usage": "city", "name": "霍普戴尔"},
{"usage": "city", "name": "霍普金顿"},
{"usage": "city", "name": "霍里斯顿"},
{"usage": "city", "name": "韦伯拉汉"},
{"usage": "city", "name": "韦伯斯特"},
{"usage": "city", "name": "韦伯斯特种植园"},
{"usage": "city", "name": "韦克菲尔德"},
{"usage": "city", "name": "韦兰"},
{"usage": "city", "name": "韦兹菲尔德"},
{"usage": "city", "name": "韦勒姆"},
{"usage": "city", "name": "韦尔"},
{"usage": "city", "name": "韦尔勒"},
{"usage": "city", "name": "韦尔德"},
{"usage": "city", "name": "韦尔斯"},
{"usage": "city", "name": "韦布里奇"},
{"usage": "city", "name": "韦德"},
{"usage": "city", "name": "韦恩"},
{"usage": "city", "name": "韦斯利"},
{"usage": "city", "name": "韦斯特伯勒"},
{"usage": "city", "name": "韦斯特布鲁克"},
{"usage": "city", "name": "韦斯特福德"},
{"usage": "city", "name": "韦斯特菲尔德"},
{"usage": "city", "name": "韦斯顿"},
{"usage": "city", "name": "韦特"},
{"usage": "city", "name": "韦瑟斯菲尔德"},
{"usage": "city", "name": "韦纳尔黑文"},
{"usage": "city", "name": "韦肖尔"},
{"usage": "city", "name": "韦茅斯"},
{"usage": "city", "name": "韦那姆"},
{"usage": "city", "name": "马什皮"},
{"usage": "city", "name": "马什菲尔德"},
{"usage": "city", "name": "马克斯菲尔德"},
{"usage": "city", "name": "马加洛韦种植园"},
{"usage": "city", "name": "马尔伯勒"},
{"usage": "city", "name": "马尔堡"},
{"usage": "city", "name": "马布尔黑德"},
{"usage": "city", "name": "马德里"},
{"usage": "city", "name": "马恰斯波特"},
{"usage": "city", "name": "马斯希尔"},
{"usage": "city", "name": "马柴厄斯"},
{"usage": "city", "name": "马波丽"},
{"usage": "city", "name": "马泰森斯特"},
{"usage": "city", "name": "马洛"},
{"usage": "city", "name": "马特岛"},
{"usage": "city", "name": "马特沃姆凯格"},
{"usage": "city", "name": "马特波伊西特"},
{"usage": "city", "name": "马萨迪斯"},
{"usage": "city", "name": "马蒂尼克斯岛"},
{"usage": "city", "name": "马蒂本普"},
{"usage": "city", "name": "马达沃斯卡"},
{"usage": "city", "name": "马里亚维尔"},
{"usage": "city", "name": "马里恩"},
{"usage": "city", "name": "高岛"},
{"usage": "city", "name": "鲁伯特"},
{"usage": "city", "name": "鲍尔班克"},
{"usage": "city", "name": "鲍德温"},
{"usage": "city", "name": "鲍村"},
{"usage": "city", "name": "鲍登"},
{"usage": "city", "name": "麦洛"},
{"usage": "city", "name": "麦迪逊"},
{"usage": "city", "name": "麦阔霍克种植园"},
{"usage": "city", "name": "麻萨诸塞州曼彻斯特"},
{"usage": "city", "name": "黎凡特"},
{"usage": "city", "name": "黎巴嫩"},
{"usage": "city", "name": "黑弗里尔"},
{"usage": "city", "name": "默瑟"},
{"usage": "city", "name": "齐坦丹"},
{"usage": "family", "gender": "unisex", "name": "亚历山大"},
{"usage": "family", "gender": "unisex", "name": "亚当斯"},
{"usage": "family", "gender": "unisex", "name": "亨德森"},
{"usage": "family", "gender": "unisex", "name": "伍德"},
{"usage": "family", "gender": "unisex", "name": "休斯"},
{"usage": "family", "gender": "unisex", "name": "佩里"},
{"usage": "family", "gender": "unisex", "name": "佩雷斯"},
{"usage": "family", "gender": "unisex", "name": "克拉克"},
{"usage": "family", "gender": "unisex", "name": "冈萨雷斯"},
{"usage": "family", "gender": "unisex", "name": "冈萨雷斯"},
{"usage": "family", "gender": "unisex", "name": "凯利"},
{"usage": "family", "gender": "unisex", "name": "刘易斯"},
{"usage": "family", "gender": "unisex", "name": "加西亚"},
{"usage": "family", "gender": "unisex", "name": "华盛顿"},
{"usage": "family", "gender": "unisex", "name": "卡特"},
{"usage": "family", "gender": "unisex", "name": "史密斯"},
{"usage": "family", "gender": "unisex", "name": "哈里斯"},
{"usage": "family", "gender": "unisex", "name": "坎贝尔"},
{"usage": "family", "gender": "unisex", "name": "埃文斯"},
{"usage": "family", "gender": "unisex", "name": "墨菲"},
{"usage": "family", "gender": "unisex", "name": "始音"},
{"usage": "family", "gender": "unisex", "name": "威尔森"},
{"usage": "family", "gender": "unisex", "name": "威廉姆斯"},
{"usage": "family", "gender": "unisex", "name": "娜吉雅"},
{"usage": "family", "gender": "unisex", "name": "安德森"},
{"usage": "family", "gender": "unisex", "name": "尼尔森"},
{"usage": "family", "gender": "unisex", "name": "巴恩斯"},
{"usage": "family", "gender": "unisex", "name": "巴特勒"},
{"usage": "family", "gender": "unisex", "name": "布朗"},
{"usage": "family", "gender": "unisex", "name": "布莱恩特"},
{"usage": "family", "gender": "unisex", "name": "布鲁克斯"},
{"usage": "family", "gender": "unisex", "name": "希尔"},
{"usage": "family", "gender": "unisex", "name": "帕克"},
{"usage": "family", "gender": "unisex", "name": "帕特森"},
{"usage": "family", "gender": "unisex", "name": "库克"},
{"usage": "family", "gender": "unisex", "name": "库珀"},
{"usage": "family", "gender": "unisex", "name": "弗洛雷斯"},
{"usage": "family", "gender": "unisex", "name": "怀特"},
{"usage": "family", "gender": "unisex", "name": "戴维斯"},
{"usage": "family", "gender": "unisex", "name": "托雷斯"},
{"usage": "family", "gender": "unisex", "name": "托马斯"},
{"usage": "family", "gender": "unisex", "name": "拉塞尔"},
{"usage": "family", "gender": "unisex", "name": "拉米雷斯"},
{"usage": "family", "gender": "unisex", "name": "摩尔"},
{"usage": "family", "gender": "unisex", "name": "摩根"},
{"usage": "family", "gender": "unisex", "name": "斯图尔特"},
{"usage": "family", "gender": "unisex", "name": "斯科特"},
{"usage": "family", "gender": "unisex", "name": "普赖斯"},
{"usage": "family", "gender": "unisex", "name": "本内特"},
{"usage": "family", "gender": "unisex", "name": "李"},
{"usage": "family", "gender": "unisex", "name": "杨"},
{"usage": "family", "gender": "unisex", "name": "杰克逊"},
{"usage": "family", "gender": "unisex", "name": "柯林斯"},
{"usage": "family", "gender": "unisex", "name": "格林"},
{"usage": "family", "gender": "unisex", "name": "格里芬"},
{"usage": "family", "gender": "unisex", "name": "格雷"},
{"usage": "family", "gender": "unisex", "name": "桑切斯"},
{"usage": "family", "gender": "unisex", "name": "桑德斯"},
{"usage": "family", "gender": "unisex", "name": "汤普森"},
{"usage": "family", "gender": "unisex", "name": "沃克"},
{"usage": "family", "gender": "unisex", "name": "沃德"},
{"usage": "family", "gender": "unisex", "name": "沃森"},
{"usage": "family", "gender": "unisex", "name": "泰勒"},
{"usage": "family", "gender": "unisex", "name": "洛佩斯"},
{"usage": "family", "gender": "unisex", "name": "浪"},
{"usage": "family", "gender": "unisex", "name": "海耶斯"},
{"usage": "family", "gender": "unisex", "name": "爱德华兹"},
{"usage": "family", "gender": "unisex", "name": "特纳"},
{"usage": "family", "gender": "unisex", "name": "理查森"},
{"usage": "family", "gender": "unisex", "name": "琼斯"},
{"usage": "family", "gender": "unisex", "name": "皮特森"},
{"usage": "family", "gender": "unisex", "name": "福斯特"},
{"usage": "family", "gender": "unisex", "name": "科尔曼"},
{"usage": "family", "gender": "unisex", "name": "米切尔"},
{"usage": "family", "gender": "unisex", "name": "米勒"},
{"usage": "family", "gender": "unisex", "name": "约翰逊"},
{"usage": "family", "gender": "unisex", "name": "罗伯茨"},
{"usage": "family", "gender": "unisex", "name": "罗宾逊"},
{"usage": "family", "gender": "unisex", "name": "罗德里格斯"},
{"usage": "family", "gender": "unisex", "name": "罗斯"},
{"usage": "family", "gender": "unisex", "name": "罗杰斯"},
{"usage": "family", "gender": "unisex", "name": "考克斯"},
{"usage": "family", "gender": "unisex", "name": "艾伦"},
{"usage": "family", "gender": "unisex", "name": "范·王尔德"},
{"usage": "family", "gender": "unisex", "name": "莫里斯"},
{"usage": "family", "gender": "unisex", "name": "菲利普"},
{"usage": "family", "gender": "unisex", "name": "西蒙斯"},
{"usage": "family", "gender": "unisex", "name": "詹姆斯"},
{"usage": "family", "gender": "unisex", "name": "詹金斯"},
{"usage": "family", "gender": "unisex", "name": "贝克"},
{"usage": "family", "gender": "unisex", "name": "贝利"},
{"usage": "family", "gender": "unisex", "name": "贝尔"},
{"usage": "family", "gender": "unisex", "name": "赖特"},
{"usage": "family", "gender": "unisex", "name": "赫尔南德斯"},
{"usage": "family", "gender": "unisex", "name": "迪亚兹"},
{"usage": "family", "gender": "unisex", "name": "里德"},
{"usage": "family", "gender": "unisex", "name": "里维拉"},
{"usage": "family", "gender": "unisex", "name": "金"},
{"usage": "family", "gender": "unisex", "name": "霍华德"},
{"usage": "family", "gender": "unisex", "name": "霍尔"},
{"usage": "family", "gender": "unisex", "name": "韦斯特"},
{"usage": "family", "gender": "unisex", "name": "马丁"},
{"usage": "family", "gender": "unisex", "name": "马丁内斯"},
{"usage": "family", "gender": "unisex", "name": "鲍威尔"},
{"usage": "given", "gender": "female", "name": "乔斯林"},
{"usage": "given", "gender": "female", "name": "亚历克西斯"},
{"usage": "given", "gender": "female", "name": "亚历山德拉"},
{"usage": "given", "gender": "female", "name": "亚纪子"},
{"usage": "given", "gender": "female", "name": "亚莉克莎"},
{"usage": "given", "gender": "female", "name": "伊丽莎白"},
{"usage": "given", "gender": "female", "name": "伊芙琳"},
{"usage": "given", "gender": "female", "name": "伊莎贝尔"},
{"usage": "given", "gender": "female", "name": "伊莎贝拉"},
{"usage": "given", "gender": "female", "name": "佐伊"},
{"usage": "given", "gender": "female", "name": "佐伊"},
{"usage": "given", "gender": "female", "name": "佩奇"},
{"usage": "given", "gender": "female", "name": "佩顿"},
{"usage": "given", "gender": "female", "name": "依莎贝尔"},
{"usage": "given", "gender": "female", "name": "光"},
{"usage": "given", "gender": "female", "name": "克洛伊"},
{"usage": "given", "gender": "female", "name": "克莱儿"},
{"usage": "given", "gender": "female", "name": "内瓦艾"},
{"usage": "given", "gender": "female", "name": "凯拉"},
{"usage": "given", "gender": "female", "name": "凯特琳"},
{"usage": "given", "gender": "female", "name": "凯特琳"},
{"usage": "given", "gender": "female", "name": "凯莉"},
{"usage": "given", "gender": "female", "name": "凯莉"},
{"usage": "given", "gender": "female", "name": "凯蒂"},
{"usage": "given", "gender": "female", "name": "利亚"},
{"usage": "given", "gender": "female", "name": "加布里埃"},
{"usage": "given", "gender": "female", "name": "努库"},
{"usage": "given", "gender": "female", "name": "劳伦"},
{"usage": "given", "gender": "female", "name": "卡洛琳"},
{"usage": "given", "gender": "female", "name": "卡米拉"},
{"usage": "given", "gender": "female", "name": "吉安娜"},
{"usage": "given", "gender": "female", "name": "嘉柏丽尔"},
{"usage": "given", "gender": "female", "name": "夏树"},
{"usage": "given", "gender": "female", "name": "夏洛特"},
{"usage": "given", "gender": "female", "name": "奥布里"},
{"usage": "given", "gender": "female", "name": "奥德丽"},
{"usage": "given", "gender": "female", "name": "奥特姆"},
{"usage": "given", "gender": "female", "name": "奥莉维亚"},
{"usage": "given", "gender": "female", "name": "娜塔莉"},
{"usage": "given", "gender": "female", "name": "安吉莉娜"},
{"usage": "given", "gender": "female", "name": "安娜"},
{"usage": "given", "gender": "female", "name": "安德烈"},
{"usage": "given", "gender": "female", "name": "布丽安娜"},
{"usage": "given", "gender": "female", "name": "布鲁克"},
{"usage": "given", "gender": "female", "name": "布鲁克林"},
{"usage": "given", "gender": "female", "name": "希瑟"},
{"usage": "given", "gender": "female", "name": "德斯蒂尼"},
{"usage": "given", "gender": "female", "name": "摩根"},
{"usage": "given", "gender": "female", "name": "朱莉娅"},
{"usage": "given", "gender": "female", "name": "杰妮西丝"},
{"usage": "given", "gender": "female", "name": "杰西"},
{"usage": "given", "gender": "female", "name": "杰西卡"},
{"usage": "given", "gender": "female", "name": "格雷西"},
{"usage": "given", "gender": "female", "name": "梅勒妮"},
{"usage": "given", "gender": "female", "name": "梅根"},
{"usage": "given", "gender": "female", "name": "汉娜"},
{"usage": "given", "gender": "female", "name": "海莉"},
{"usage": "given", "gender": "female", "name": "特里妮蒂"},
{"usage": "given", "gender": "female", "name": "玛丽"},
{"usage": "given", "gender": "female", "name": "玛丽亚"},
{"usage": "given", "gender": "female", "name": "玛丽亚"},
{"usage": "given", "gender": "female", "name": "玛凯拉"},
{"usage": "given", "gender": "female", "name": "玛德琳"},
{"usage": "given", "gender": "female", "name": "玛雅"},
{"usage": "given", "gender": "female", "name": "珍"},
{"usage": "given", "gender": "female", "name": "瓦妮莎"},
{"usage": "given", "gender": "female", "name": "瓦莱里娅"},
{"usage": "given", "gender": "female", "name": "由纪"},
{"usage": "given", "gender": "female", "name": "相泽"},
{"usage": "given", "gender": "female", "name": "米娅"},
{"usage": "given", "gender": "female", "name": "索菲"},
{"usage": "given", "gender": "female", "name": "索菲亚"},
{"usage": "given", "gender": "female", "name": "维多利亚"},
{"usage": "given", "gender": "female", "name": "艾利森"},
{"usage": "given", "gender": "female", "name": "艾弗里"},
{"usage": "given", "gender": "female", "name": "艾拉"},
{"usage": "given", "gender": "female", "name": "艾玛"},
{"usage": "given", "gender": "female", "name": "艾米丽"},
{"usage": "given", "gender": "female", "name": "莉莉"},
{"usage": "given", "gender": "female", "name": "莉莲"},
{"usage": "given", "gender": "female", "name": "莎拉"},
{"usage": "given", "gender": "female", "name": "莱利"},
{"usage": "given", "gender": "female", "name": "萨凡纳"},
{"usage": "given", "gender": "female", "name": "萨拉"},
{"usage": "given", "gender": "female", "name": "萨曼莎"},
{"usage": "given", "gender": "female", "name": "葛瑞丝"},
{"usage": "given", "gender": "female", "name": "蕾拉"},
{"usage": "given", "gender": "female", "name": "西德妮"},
{"usage": "given", "gender": "female", "name": "詹尼弗"},
{"usage": "given", "gender": "female", "name": "贝利"},
{"usage": "given", "gender": "female", "name": "费斯"},
{"usage": "given", "gender": "female", "name": "贾丝敏"},
{"usage": "given", "gender": "female", "name": "金姆"},
{"usage": "given", "gender": "female", "name": "金柏莉"},
{"usage": "given", "gender": "female", "name": "阿丽亚娜"},
{"usage": "given", "gender": "female", "name": "阿什利"},
{"usage": "given", "gender": "female", "name": "阿比盖尔"},
{"usage": "given", "gender": "female", "name": "阿狄森"},
{"usage": "given", "gender": "female", "name": "阿瓦"},
{"usage": "given", "gender": "female", "name": "阿米莉娅"},
{"usage": "given", "gender": "female", "name": "阿莉娅"},
{"usage": "given", "gender": "female", "name": "阿莉莎"},
{"usage": "given", "gender": "female", "name": "阿里安娜"},
{"usage": "given", "gender": "female", "name": "雷切尔"},
{"usage": "given", "gender": "female", "name": "马德琳"},
{"usage": "given", "gender": "female", "name": "麦迪逊"},
{"usage": "given", "gender": "male", "name": "丹尼尔"},
{"usage": "given", "gender": "male", "name": "乔丹"},
{"usage": "given", "gender": "male", "name": "乔纳森"},
{"usage": "given", "gender": "male", "name": "亚历克斯"},
{"usage": "given", "gender": "male", "name": "亚历山大"},
{"usage": "given", "gender": "male", "name": "亚当"},
{"usage": "given", "gender": "male", "name": "亨利"},
{"usage": "given", "gender": "male", "name": "亨特"},
{"usage": "given", "gender": "male", "name": "京介"},
{"usage": "given", "gender": "male", "name": "以赛亚"},
{"usage": "given", "gender": "male", "name": "伊利亚"},
{"usage": "given", "gender": "male", "name": "伊恩"},
{"usage": "given", "gender": "male", "name": "伊森"},
{"usage": "given", "gender": "male", "name": "伊莱"},
{"usage": "given", "gender": "male", "name": "克来勃"},
{"usage": "given", "gender": "male", "name": "克里斯托弗"},
{"usage": "given", "gender": "male", "name": "克里斯蒂安"},
{"usage": "given", "gender": "male", "name": "兰顿"},
{"usage": "given", "gender": "male", "name": "凯塔"},
{"usage": "given", "gender": "male", "name": "凯尔"},
{"usage": "given", "gender": "male", "name": "凯文"},
{"usage": "given", "gender": "male", "name": "利亚姆"},
{"usage": "given", "gender": "male", "name": "加布里埃尔"},
{"usage": "given", "gender": "male", "name": "加文"},
{"usage": "given", "gender": "male", "name": "南森"},
{"usage": "given", "gender": "male", "name": "卡梅伦"},
{"usage": "given", "gender": "male", "name": "卡森"},
{"usage": "given", "gender": "male", "name": "卡洛斯"},
{"usage": "given", "gender": "male", "name": "卡特"},
{"usage": "given", "gender": "male", "name": "卡登"},
{"usage": "given", "gender": "male", "name": "卡登"},
{"usage": "given", "gender": "male", "name": "卢克"},
{"usage": "given", "gender": "male", "name": "卢卡斯"},
{"usage": "given", "gender": "male", "name": "埃文"},
{"usage": "given", "gender": "male", "name": "埃本"},
{"usage": "given", "gender": "male", "name": "埃里克"},
{"usage": "given", "gender": "male", "name": "基拉"},
{"usage": "given", "gender": "male", "name": "塞巴斯森"},
{"usage": "given", "gender": "male", "name": "塞缪尔"},
{"usage": "given", "gender": "male", "name": "多米尼克"},
{"usage": "given", "gender": "male", "name": "大佑"},
{"usage": "given", "gender": "male", "name": "大卫"},
{"usage": "given", "gender": "male", "name": "奥斯丁"},
{"usage": "given", "gender": "male", "name": "威廉"},
{"usage": "given", "gender": "male", "name": "安东尼"},
{"usage": "given", "gender": "male", "name": "安吉尔"},
{"usage": "given", "gender": "male", "name": "安德鲁"},
{"usage": "given", "gender": "male", "name": "尼古拉斯"},
{"usage": "given", "gender": "male", "name": "布兰登"},
{"usage": "given", "gender": "male", "name": "布罗德"},
{"usage": "given", "gender": "male", "name": "布莱克"},
{"usage": "given", "gender": "male", "name": "布莱恩"},
{"usage": "given", "gender": "male", "name": "布赖恩"},
{"usage": "given", "gender": "male", "name": "布雷登"},
{"usage": "given", "gender": "male", "name": "布雷迪"},
{"usage": "given", "gender": "male", "name": "库珀"},
{"usage": "given", "gender": "male", "name": "康纳"},
{"usage": "given", "gender": "male", "name": "怀亚特"},
{"usage": "given", "gender": "male", "name": "扎卡里"},
{"usage": "given", "gender": "male", "name": "托马斯"},
{"usage": "given", "gender": "male", "name": "本杰明"},
{"usage": "given", "gender": "male", "name": "朱利安"},
{"usage": "given", "gender": "male", "name": "杰克"},
{"usage": "given", "gender": "male", "name": "杰克逊"},
{"usage": "given", "gender": "male", "name": "杰森"},
{"usage": "given", "gender": "male", "name": "杰登"},
{"usage": "given", "gender": "male", "name": "杰登"},
{"usage": "given", "gender": "male", "name": "杰西"},
{"usage": "given", "gender": "male", "name": "查尔斯"},
{"usage": "given", "gender": "male", "name": "梅森"},
{"usage": "given", "gender": "male", "name": "欧文"},
{"usage": "given", "gender": "male", "name": "泰勒"},
{"usage": "given", "gender": "male", "name": "泽维尔"},
{"usage": "given", "gender": "male", "name": "洛根"},
{"usage": "given", "gender": "male", "name": "海登"},
{"usage": "given", "gender": "male", "name": "特利斯坦"},
{"usage": "given", "gender": "male", "name": "狄伦"},
{"usage": "given", "gender": "male", "name": "科尔"},
{"usage": "given", "gender": "male", "name": "科尔顿"},
{"usage": "given", "gender": "male", "name": "竹内"},
{"usage": "given", "gender": "male", "name": "约书亚"},
{"usage": "given", "gender": "male", "name": "约瑟"},
{"usage": "given", "gender": "male", "name": "约瑟夫"},
{"usage": "given", "gender": "male", "name": "约翰"},
{"usage": "given", "gender": "male", "name": "约西亚"},
{"usage": "given", "gender": "male", "name": "纳撒尼尔"},
{"usage": "given", "gender": "male", "name": "罗伯特"},
{"usage": "given", "gender": "male", "name": "耶利米"},
{"usage": "given", "gender": "male", "name": "肖恩"},
{"usage": "given", "gender": "male", "name": "胡安"},
{"usage": "given", "gender": "male", "name": "艾丹"},
{"usage": "given", "gender": "male", "name": "艾伦"},
{"usage": "given", "gender": "male", "name": "艾德里安"},
{"usage": "given", "gender": "male", "name": "艾登"},
{"usage": "given", "gender": "male", "name": "艾登"},
{"usage": "given", "gender": "male", "name": "艾萨克"},
{"usage": "given", "gender": "male", "name": "蔡斯"},
{"usage": "given", "gender": "male", "name": "詹姆斯"},
{"usage": "given", "gender": "male", "name": "让东"},
{"usage": "given", "gender": "male", "name": "诺亚"},
{"usage": "given", "gender": "male", "name": "贾斯汀"},
{"usage": "given", "gender": "male", "name": "赖安"},
{"usage": "given", "gender": "male", "name": "路易斯"},
{"usage": "given", "gender": "male", "name": "迈克尔"},
{"usage": "given", "gender": "male", "name": "迭戈"},
{"usage": "given", "gender": "male", "name": "雅各布"},
{"usage": "given", "gender": "male", "name": "马修"}
]
