[
{"usage": "city", "name": "Acushnet"},
{"usage": "city", "name": "Adams"},
{"usage": "city", "name": "Addison"},
{"usage": "city", "name": "Alexander"},
{"usage": "city", "name": "Brandon"},
{"usage": "city", "name": "Brooklyn"},
{"usage": "city", "name": "Brooks"},
{"usage": "city", "name": "Charlotte"},
{"usage": "city", "name": "Connor"},
{"usage": "city", "name": "Cooper"},
{"usage": "city", "name": "Foster"},
{"usage": "city", "name": "Gray"},
{"usage": "city", "name": "Hill"},
{"usage": "city", "name": "Jackson"},
{"usage": "city", "name": "Johnson"},
{"usage": "city", "name": "Lee"},
{"usage": "city", "name": "Madison"},
{"usage": "city", "name": "Mason"},
{"usage": "city", "name": "Morgan"},
{"usage": "city", "name": "Morris"},
{"usage": "city", "name": "Nelson"},
{"usage": "city", "name": "Perry"},
{"usage": "city", "name": "Phillips"},
{"usage": "city", "name": "Russell"},
{"usage": "city", "name": "Thompson"},
{"usage": "city", "name": "Turner"},
{"usage": "city", "name": "Washington"},
{"usage": "city", "name": "不來梅"},
{"usage": "city", "name": "中國"},
{"usage": "city", "name": "丹伯里"},
{"usage": "city", "name": "丹佛斯"},
{"usage": "city", "name": "丹尼斯"},
{"usage": "city", "name": "丹尼斯維爾"},
{"usage": "city", "name": "丹尼斯鎮"},
{"usage": "city", "name": "丹比"},
{"usage": "city", "name": "丹福思"},
{"usage": "city", "name": "丹維爾"},
{"usage": "city", "name": "丹麥"},
{"usage": "city", "name": "亞倫鎮"},
{"usage": "city", "name": "亞培"},
{"usage": "city", "name": "亞歷安德拉"},
{"usage": "city", "name": "亞甚蘭"},
{"usage": "city", "name": "亞皆"},
{"usage": "city", "name": "亞賓頓"},
{"usage": "city", "name": "什魯斯伯里"},
{"usage": "city", "name": "代爾布魯克"},
{"usage": "city", "name": "代頓"},
{"usage": "city", "name": "伊斯坦"},
{"usage": "city", "name": "伊斯特布魯克"},
{"usage": "city", "name": "伊斯特漢普頓"},
{"usage": "city", "name": "伊斯特福德"},
{"usage": "city", "name": "伊斯頓"},
{"usage": "city", "name": "伊普斯維奇"},
{"usage": "city", "name": "伊甸"},
{"usage": "city", "name": "伊頓"},
{"usage": "city", "name": "伍德伯里"},
{"usage": "city", "name": "伍德布里奇"},
{"usage": "city", "name": "伍德斯托克"},
{"usage": "city", "name": "伍德福德"},
{"usage": "city", "name": "伍德維爾"},
{"usage": "city", "name": "伍德蘭"},
{"usage": "city", "name": "伍爾維奇"},
{"usage": "city", "name": "伯克"},
{"usage": "city", "name": "伯克利"},
{"usage": "city", "name": "伯克希爾"},
{"usage": "city", "name": "伯利恆"},
{"usage": "city", "name": "伯威克"},
{"usage": "city", "name": "伯特利"},
{"usage": "city", "name": "伯瑞特波羅"},
{"usage": "city", "name": "伯瑞維爾"},
{"usage": "city", "name": "伯納姆"},
{"usage": "city", "name": "伯靈頓"},
{"usage": "city", "name": "佛羅里達"},
{"usage": "city", "name": "佩勒姆"},
{"usage": "city", "name": "佩勒漢"},
{"usage": "city", "name": "佩波羅爾"},
{"usage": "city", "name": "佩諾斯科特"},
{"usage": "city", "name": "保羅特尼"},
{"usage": "city", "name": "倍根瀑"},
{"usage": "city", "name": "倫敦德里"},
{"usage": "city", "name": "倫瑟姆"},
{"usage": "city", "name": "傑伊"},
{"usage": "city", "name": "傑佛瑞"},
{"usage": "city", "name": "傑佛遜"},
{"usage": "city", "name": "傑克曼"},
{"usage": "city", "name": "傑里科"},
{"usage": "city", "name": "克倫威爾"},
{"usage": "city", "name": "克勞福德"},
{"usage": "city", "name": "克拉克斯堡"},
{"usage": "city", "name": "克拉克斯維爾"},
{"usage": "city", "name": "克羅伊登"},
{"usage": "city", "name": "克萊爾登"},
{"usage": "city", "name": "克萊蒙特"},
{"usage": "city", "name": "克蘭斯頓"},
{"usage": "city", "name": "克里夫頓"},
{"usage": "city", "name": "克靈頓"},
{"usage": "city", "name": "冬港"},
{"usage": "city", "name": "凡斯波羅"},
{"usage": "city", "name": "切姆斯福德"},
{"usage": "city", "name": "切斯特"},
{"usage": "city", "name": "切斯特維爾"},
{"usage": "city", "name": "切斯特菲爾德"},
{"usage": "city", "name": "切爾西"},
{"usage": "city", "name": "切里菲爾德"},
{"usage": "city", "name": "利奇菲爾德"},
{"usage": "city", "name": "利奧明斯特"},
{"usage": "city", "name": "利弗莫爾"},
{"usage": "city", "name": "利弗莫爾瀑布"},
{"usage": "city", "name": "利德堡"},
{"usage": "city", "name": "利明頓"},
{"usage": "city", "name": "利特爾頓"},
{"usage": "city", "name": "利茲"},
{"usage": "city", "name": "利默里克"},
{"usage": "city", "name": "劍橋"},
{"usage": "city", "name": "加德納"},
{"usage": "city", "name": "加菲爾德森林"},
{"usage": "city", "name": "加萊"},
{"usage": "city", "name": "加蘭"},
{"usage": "city", "name": "努凡"},
{"usage": "city", "name": "勒德洛"},
{"usage": "city", "name": "勞倫斯"},
{"usage": "city", "name": "勞登"},
{"usage": "city", "name": "北亞當斯"},
{"usage": "city", "name": "北亞茂斯"},
{"usage": "city", "name": "北史密斯菲爾德"},
{"usage": "city", "name": "北哈芬"},
{"usage": "city", "name": "北安多弗"},
{"usage": "city", "name": "北安普頓"},
{"usage": "city", "name": "北布蘭福德"},
{"usage": "city", "name": "北布里其"},
{"usage": "city", "name": "北布魯克菲爾德"},
{"usage": "city", "name": "北希洛"},
{"usage": "city", "name": "北斯通寧頓"},
{"usage": "city", "name": "北普羅維登斯"},
{"usage": "city", "name": "北漢普頓"},
{"usage": "city", "name": "北貝里克"},
{"usage": "city", "name": "北迦南"},
{"usage": "city", "name": "北金斯敦"},
{"usage": "city", "name": "北阿特巴路"},
{"usage": "city", "name": "北雷丁"},
{"usage": "city", "name": "匹茲堡"},
{"usage": "city", "name": "卓別林"},
{"usage": "city", "name": "南伯靈頓"},
{"usage": "city", "name": "南哈德利"},
{"usage": "city", "name": "南安普敦"},
{"usage": "city", "name": "南布里奇"},
{"usage": "city", "name": "南布里斯托爾"},
{"usage": "city", "name": "南希羅"},
{"usage": "city", "name": "南托馬斯頓"},
{"usage": "city", "name": "南波特蘭"},
{"usage": "city", "name": "南溫莎"},
{"usage": "city", "name": "南漢普頓"},
{"usage": "city", "name": "南貝里克"},
{"usage": "city", "name": "南金斯敦"},
{"usage": "city", "name": "博克斯伯勒"},
{"usage": "city", "name": "博克斯福德"},
{"usage": "city", "name": "博斯科恩"},
{"usage": "city", "name": "卡勒巴西特谷"},
{"usage": "city", "name": "卡博特"},
{"usage": "city", "name": "卡弗"},
{"usage": "city", "name": "卡拉籐克"},
{"usage": "city", "name": "卡文迪許"},
{"usage": "city", "name": "卡斯威爾"},
{"usage": "city", "name": "卡斯廷"},
{"usage": "city", "name": "卡斯爾頓"},
{"usage": "city", "name": "卡斯科"},
{"usage": "city", "name": "卡梅爾"},
{"usage": "city", "name": "卡洛爾"},
{"usage": "city", "name": "卡洛爾森林"},
{"usage": "city", "name": "卡特勒"},
{"usage": "city", "name": "卡萊爾"},
{"usage": "city", "name": "卡里布"},
{"usage": "city", "name": "卡里森林"},
{"usage": "city", "name": "厄普頓"},
{"usage": "city", "name": "友誼市"},
{"usage": "city", "name": "古爾茲伯勒"},
{"usage": "city", "name": "史塔克"},
{"usage": "city", "name": "史塔克伯羅"},
{"usage": "city", "name": "史塔克斯"},
{"usage": "city", "name": "史密斯菲爾德"},
{"usage": "city", "name": "史黛西維爾"},
{"usage": "city", "name": "吉利德"},
{"usage": "city", "name": "吉爾"},
{"usage": "city", "name": "吉爾曼頓"},
{"usage": "city", "name": "吉爾森"},
{"usage": "city", "name": "吉爾福特"},
{"usage": "city", "name": "吉爾福特"},
{"usage": "city", "name": "哈丹姆"},
{"usage": "city", "name": "哈佛"},
{"usage": "city", "name": "哈利法克斯"},
{"usage": "city", "name": "哈姆林"},
{"usage": "city", "name": "哈姆登"},
{"usage": "city", "name": "哈威奇"},
{"usage": "city", "name": "哈德利"},
{"usage": "city", "name": "哈德威克"},
{"usage": "city", "name": "哈德森"},
{"usage": "city", "name": "哈普斯威爾"},
{"usage": "city", "name": "哈洛韋爾"},
{"usage": "city", "name": "哈溫頓"},
{"usage": "city", "name": "哈特福"},
{"usage": "city", "name": "哈特菲爾德"},
{"usage": "city", "name": "哈特蘭"},
{"usage": "city", "name": "哈福希爾"},
{"usage": "city", "name": "哈蒙尼"},
{"usage": "city", "name": "哈蒙德"},
{"usage": "city", "name": "哈里斯維爾"},
{"usage": "city", "name": "哈里森"},
{"usage": "city", "name": "哈靈頓"},
{"usage": "city", "name": "哥倫比亞"},
{"usage": "city", "name": "哥倫比亞瀑布"},
{"usage": "city", "name": "哥爾罕"},
{"usage": "city", "name": "喬治亞"},
{"usage": "city", "name": "喬治城"},
{"usage": "city", "name": "嘉丁納"},
{"usage": "city", "name": "圖克斯伯里"},
{"usage": "city", "name": "坎伯蘭"},
{"usage": "city", "name": "坎地亞"},
{"usage": "city", "name": "坎明尼頓"},
{"usage": "city", "name": "坎普頓"},
{"usage": "city", "name": "坎特伯里"},
{"usage": "city", "name": "坎登"},
{"usage": "city", "name": "坎頓"},
{"usage": "city", "name": "埃克塞特"},
{"usage": "city", "name": "埃塞克斯"},
{"usage": "city", "name": "埃平"},
{"usage": "city", "name": "埃弗雷特"},
{"usage": "city", "name": "埃德加敦"},
{"usage": "city", "name": "埃德蒙茲"},
{"usage": "city", "name": "埃林頓"},
{"usage": "city", "name": "埃柏登"},
{"usage": "city", "name": "埃格蒙特"},
{"usage": "city", "name": "埃爾斯沃思"},
{"usage": "city", "name": "埃爾莫爾"},
{"usage": "city", "name": "埃特納"},
{"usage": "city", "name": "埃皮森"},
{"usage": "city", "name": "埃羅爾"},
{"usage": "city", "name": "埃芬漢"},
{"usage": "city", "name": "城堡山"},
{"usage": "city", "name": "基恩"},
{"usage": "city", "name": "基特里"},
{"usage": "city", "name": "基靈"},
{"usage": "city", "name": "基靈沃斯"},
{"usage": "city", "name": "基靈頓"},
{"usage": "city", "name": "塔博爾山"},
{"usage": "city", "name": "塔姆沃思"},
{"usage": "city", "name": "塞勒姆"},
{"usage": "city", "name": "塞奇威克"},
{"usage": "city", "name": "塞特福德"},
{"usage": "city", "name": "墨西哥"},
{"usage": "city", "name": "士嘉堡"},
{"usage": "city", "name": "士麥那"},
{"usage": "city", "name": "夏隆"},
{"usage": "city", "name": "多佛-福克斯克羅夫特"},
{"usage": "city", "name": "多佛爾"},
{"usage": "city", "name": "多切斯特"},
{"usage": "city", "name": "多塞特"},
{"usage": "city", "name": "多爾蘭"},
{"usage": "city", "name": "大塘"},
{"usage": "city", "name": "天鵝島"},
{"usage": "city", "name": "奇切斯特"},
{"usage": "city", "name": "奇瑪克"},
{"usage": "city", "name": "奇科皮"},
{"usage": "city", "name": "奧克姆"},
{"usage": "city", "name": "奧克布洛福"},
{"usage": "city", "name": "奧克斯博"},
{"usage": "city", "name": "奧克菲爾德"},
{"usage": "city", "name": "奧克蘭"},
{"usage": "city", "name": "奧古斯塔"},
{"usage": "city", "name": "奧威爾"},
{"usage": "city", "name": "奧斯本"},
{"usage": "city", "name": "奧本"},
{"usage": "city", "name": "奧爾巴尼"},
{"usage": "city", "name": "奧爾福德"},
{"usage": "city", "name": "奧爾維爾"},
{"usage": "city", "name": "奧爾良"},
{"usage": "city", "name": "奧爾頓"},
{"usage": "city", "name": "奧甘奎特"},
{"usage": "city", "name": "奧福德"},
{"usage": "city", "name": "奧羅拉"},
{"usage": "city", "name": "奧羅諾"},
{"usage": "city", "name": "奧蒂斯"},
{"usage": "city", "name": "奧蒂斯菲爾德"},
{"usage": "city", "name": "奧蘭德"},
{"usage": "city", "name": "奧蘭治"},
{"usage": "city", "name": "奧西皮"},
{"usage": "city", "name": "奧連特"},
{"usage": "city", "name": "奧靈頓"},
{"usage": "city", "name": "姍蒂河森林"},
{"usage": "city", "name": "威其頓"},
{"usage": "city", "name": "威利斯頓"},
{"usage": "city", "name": "威利曼蒂克"},
{"usage": "city", "name": "威努斯基"},
{"usage": "city", "name": "威廉斯堡"},
{"usage": "city", "name": "威廉斯鎮"},
{"usage": "city", "name": "威恩"},
{"usage": "city", "name": "威斯凱薩特"},
{"usage": "city", "name": "威斯布魯克"},
{"usage": "city", "name": "威斯敏斯特"},
{"usage": "city", "name": "威斯特摩蘭"},
{"usage": "city", "name": "威斯特福德"},
{"usage": "city", "name": "威斯特莫爾"},
{"usage": "city", "name": "威斯特里"},
{"usage": "city", "name": "威爾"},
{"usage": "city", "name": "威爾士"},
{"usage": "city", "name": "威爾明頓"},
{"usage": "city", "name": "威爾莫特"},
{"usage": "city", "name": "威爾頓"},
{"usage": "city", "name": "威靈頓"},
{"usage": "city", "name": "安多弗"},
{"usage": "city", "name": "安特里姆"},
{"usage": "city", "name": "安生"},
{"usage": "city", "name": "安索尼亞"},
{"usage": "city", "name": "寇地維爾森林"},
{"usage": "city", "name": "富蘭克林"},
{"usage": "city", "name": "小坎頓"},
{"usage": "city", "name": "尤你恩"},
{"usage": "city", "name": "尤你蒂"},
{"usage": "city", "name": "尤斯蒂斯"},
{"usage": "city", "name": "尼德漢"},
{"usage": "city", "name": "工業"},
{"usage": "city", "name": "巴克斯波特"},
{"usage": "city", "name": "巴克斯頓"},
{"usage": "city", "name": "巴克漢士德"},
{"usage": "city", "name": "巴克菲爾德"},
{"usage": "city", "name": "巴克蘭"},
{"usage": "city", "name": "巴勒莫"},
{"usage": "city", "name": "巴尼特"},
{"usage": "city", "name": "巴恩斯德"},
{"usage": "city", "name": "巴恩斯特布爾"},
{"usage": "city", "name": "巴斯"},
{"usage": "city", "name": "巴林頓"},
{"usage": "city", "name": "巴爾港"},
{"usage": "city", "name": "巴爾的摩"},
{"usage": "city", "name": "巴爾米拉"},
{"usage": "city", "name": "巴特利特"},
{"usage": "city", "name": "巴納德"},
{"usage": "city", "name": "巴雷"},
{"usage": "city", "name": "巴靈"},
{"usage": "city", "name": "巴頓"},
{"usage": "city", "name": "巴黎"},
{"usage": "city", "name": "巴黎西部"},
{"usage": "city", "name": "市政廳"},
{"usage": "city", "name": "布倫特伍德"},
{"usage": "city", "name": "布倫特里"},
{"usage": "city", "name": "布拉德利"},
{"usage": "city", "name": "布拉德福德"},
{"usage": "city", "name": "布斯"},
{"usage": "city", "name": "布斯灣"},
{"usage": "city", "name": "布朗寧菲爾"},
{"usage": "city", "name": "布朗寧頓"},
{"usage": "city", "name": "布朗斯維克"},
{"usage": "city", "name": "布朗菲爾德"},
{"usage": "city", "name": "布林菲爾德"},
{"usage": "city", "name": "布盧姆菲爾德"},
{"usage": "city", "name": "布羅"},
{"usage": "city", "name": "布羅克頓"},
{"usage": "city", "name": "布萊恩"},
{"usage": "city", "name": "布萊頓"},
{"usage": "city", "name": "布萊頓森林"},
{"usage": "city", "name": "布蘭查德"},
{"usage": "city", "name": "布蘭福德"},
{"usage": "city", "name": "布蘭福德"},
{"usage": "city", "name": "布里奇沃特"},
{"usage": "city", "name": "布里奇波特"},
{"usage": "city", "name": "布里奇頓"},
{"usage": "city", "name": "布里德波特"},
{"usage": "city", "name": "布里斯托爾"},
{"usage": "city", "name": "布魯克斯維爾"},
{"usage": "city", "name": "布魯克林"},
{"usage": "city", "name": "布魯克菲爾德"},
{"usage": "city", "name": "布魯克賴"},
{"usage": "city", "name": "布魯克頓"},
{"usage": "city", "name": "布魯斯特"},
{"usage": "city", "name": "布魯爾"},
{"usage": "city", "name": "希伯倫"},
{"usage": "city", "name": "希思"},
{"usage": "city", "name": "希爾斯堡"},
{"usage": "city", "name": "希爾森林"},
{"usage": "city", "name": "希蘭"},
{"usage": "city", "name": "帕克斯頓"},
{"usage": "city", "name": "帕克曼"},
{"usage": "city", "name": "帕斯當坎"},
{"usage": "city", "name": "帕森斯菲爾德"},
{"usage": "city", "name": "帕爾默"},
{"usage": "city", "name": "帕金斯"},
{"usage": "city", "name": "底特律"},
{"usage": "city", "name": "庫欣"},
{"usage": "city", "name": "康威"},
{"usage": "city", "name": "康沃爾"},
{"usage": "city", "name": "康科爾"},
{"usage": "city", "name": "康維爾"},
{"usage": "city", "name": "弗萊島"},
{"usage": "city", "name": "弗萊徹"},
{"usage": "city", "name": "弗蘭希斯鎮"},
{"usage": "city", "name": "弗蘭肯"},
{"usage": "city", "name": "弗賴堡"},
{"usage": "city", "name": "弗農"},
{"usage": "city", "name": "弗農山"},
{"usage": "city", "name": "弗農山"},
{"usage": "city", "name": "弗里敦"},
{"usage": "city", "name": "弗里曲波羅"},
{"usage": "city", "name": "弗里曲維爾"},
{"usage": "city", "name": "弗里蒙特"},
{"usage": "city", "name": "弗金斯"},
{"usage": "city", "name": "弗雷明漢"},
{"usage": "city", "name": "彭布羅克"},
{"usage": "city", "name": "彼得伯勒"},
{"usage": "city", "name": "彼得舍姆"},
{"usage": "city", "name": "德克斯特"},
{"usage": "city", "name": "德拉卡特"},
{"usage": "city", "name": "德比"},
{"usage": "city", "name": "德累斯頓"},
{"usage": "city", "name": "德里"},
{"usage": "city", "name": "德魯森林"},
{"usage": "city", "name": "思科西根"},
{"usage": "city", "name": "恩菲爾德"},
{"usage": "city", "name": "惠廷"},
{"usage": "city", "name": "惠廷漢"},
{"usage": "city", "name": "惠爾布拉漢"},
{"usage": "city", "name": "惠特利"},
{"usage": "city", "name": "惠特尼維爾"},
{"usage": "city", "name": "惠特曼"},
{"usage": "city", "name": "惠靈頓"},
{"usage": "city", "name": "愛丁堡"},
{"usage": "city", "name": "愛丁頓"},
{"usage": "city", "name": "愛略特"},
{"usage": "city", "name": "愛華特島"},
{"usage": "city", "name": "愛諾斯堡"},
{"usage": "city", "name": "懷特菲爾德"},
{"usage": "city", "name": "戈斯諾爾德"},
{"usage": "city", "name": "戴頓"},
{"usage": "city", "name": "托普斯費爾德"},
{"usage": "city", "name": "托普瑟姆"},
{"usage": "city", "name": "托靈頓"},
{"usage": "city", "name": "托馬斯頓"},
{"usage": "city", "name": "拉姆尼"},
{"usage": "city", "name": "拉姆福德"},
{"usage": "city", "name": "拉格朗日"},
{"usage": "city", "name": "拉特蘭"},
{"usage": "city", "name": "拉科尼亞"},
{"usage": "city", "name": "拉蒙尼"},
{"usage": "city", "name": "拉蒙特島"},
{"usage": "city", "name": "拜倫"},
{"usage": "city", "name": "挪威"},
{"usage": "city", "name": "摩洛森林"},
{"usage": "city", "name": "摩爾鎮"},
{"usage": "city", "name": "文索基特"},
{"usage": "city", "name": "斯圖本"},
{"usage": "city", "name": "斯圖爾茨敦"},
{"usage": "city", "name": "斯坦福"},
{"usage": "city", "name": "斯坦納德"},
{"usage": "city", "name": "斯坦迪什"},
{"usage": "city", "name": "斯塔福德"},
{"usage": "city", "name": "斯德哥爾摩"},
{"usage": "city", "name": "斯托"},
{"usage": "city", "name": "斯托"},
{"usage": "city", "name": "斯托克布里奇"},
{"usage": "city", "name": "斯托克頓泉"},
{"usage": "city", "name": "斯托寧頓"},
{"usage": "city", "name": "斯托納姆"},
{"usage": "city", "name": "斯托達德"},
{"usage": "city", "name": "斯托頓"},
{"usage": "city", "name": "斯旺普思科特"},
{"usage": "city", "name": "斯旺維爾"},
{"usage": "city", "name": "斯旺西"},
{"usage": "city", "name": "斯旺西"},
{"usage": "city", "name": "斯旺頓"},
{"usage": "city", "name": "斯普拉格"},
{"usage": "city", "name": "斯普林菲爾德"},
{"usage": "city", "name": "斯泰森"},
{"usage": "city", "name": "斯特布里奇"},
{"usage": "city", "name": "斯特拉漢"},
{"usage": "city", "name": "斯特拉特福"},
{"usage": "city", "name": "斯特拉福德"},
{"usage": "city", "name": "斯特拉頓"},
{"usage": "city", "name": "斯特朗"},
{"usage": "city", "name": "斯特林"},
{"usage": "city", "name": "斯賓塞"},
{"usage": "city", "name": "斯頓"},
{"usage": "city", "name": "新不列顛"},
{"usage": "city", "name": "新伊普斯維奇"},
{"usage": "city", "name": "新倫敦"},
{"usage": "city", "name": "新利默里克"},
{"usage": "city", "name": "新加拿大"},
{"usage": "city", "name": "新卡斯爾"},
{"usage": "city", "name": "新哈特福德"},
{"usage": "city", "name": "新塞勒姆"},
{"usage": "city", "name": "新夏隆"},
{"usage": "city", "name": "新布倫特里"},
{"usage": "city", "name": "新格洛斯特"},
{"usage": "city", "name": "新法爾菲爾德"},
{"usage": "city", "name": "新波士頓"},
{"usage": "city", "name": "新波特蘭"},
{"usage": "city", "name": "新港"},
{"usage": "city", "name": "新漢普頓"},
{"usage": "city", "name": "新瑞典"},
{"usage": "city", "name": "新米爾福德"},
{"usage": "city", "name": "新肖勒姆"},
{"usage": "city", "name": "新葡萄園"},
{"usage": "city", "name": "新貝德福德"},
{"usage": "city", "name": "新迦南"},
{"usage": "city", "name": "新達勒姆"},
{"usage": "city", "name": "新鎮"},
{"usage": "city", "name": "新阿什福德"},
{"usage": "city", "name": "新馬爾堡"},
{"usage": "city", "name": "昂德希爾"},
{"usage": "city", "name": "昆西"},
{"usage": "city", "name": "普倫蒂斯"},
{"usage": "city", "name": "普利茅斯"},
{"usage": "city", "name": "普林斯頓"},
{"usage": "city", "name": "普林頓"},
{"usage": "city", "name": "普特南"},
{"usage": "city", "name": "普特尼"},
{"usage": "city", "name": "普維斯鎮"},
{"usage": "city", "name": "普羅克特"},
{"usage": "city", "name": "普羅斯貝"},
{"usage": "city", "name": "普羅維登斯"},
{"usage": "city", "name": "普茲茅斯"},
{"usage": "city", "name": "普萊恩維爾"},
{"usage": "city", "name": "普萊斯敦"},
{"usage": "city", "name": "普蘭菲爾德"},
{"usage": "city", "name": "普雷斯克島"},
{"usage": "city", "name": "普雷斯科特"},
{"usage": "city", "name": "普雷斯頓"},
{"usage": "city", "name": "曼徹斯特"},
{"usage": "city", "name": "曼徹斯特沿海"},
{"usage": "city", "name": "曼斯菲爾德"},
{"usage": "city", "name": "會德豐"},
{"usage": "city", "name": "朗梅"},
{"usage": "city", "name": "本森"},
{"usage": "city", "name": "杭廷頓"},
{"usage": "city", "name": "東哈丹姆"},
{"usage": "city", "name": "東哈特福"},
{"usage": "city", "name": "東布里奇沃特"},
{"usage": "city", "name": "東布魯克菲爾德"},
{"usage": "city", "name": "東普羅維登斯"},
{"usage": "city", "name": "東朗梅多"},
{"usage": "city", "name": "東格林尼治"},
{"usage": "city", "name": "東格蘭比"},
{"usage": "city", "name": "東港"},
{"usage": "city", "name": "東港"},
{"usage": "city", "name": "東溫莎"},
{"usage": "city", "name": "東漢普頓"},
{"usage": "city", "name": "東米利諾基特"},
{"usage": "city", "name": "東萊姆"},
{"usage": "city", "name": "東蒙彼利埃"},
{"usage": "city", "name": "東金士頓"},
{"usage": "city", "name": "東馬柴厄斯"},
{"usage": "city", "name": "林奈"},
{"usage": "city", "name": "林恩"},
{"usage": "city", "name": "林恩菲爾德"},
{"usage": "city", "name": "林登"},
{"usage": "city", "name": "林肯"},
{"usage": "city", "name": "林肯森林"},
{"usage": "city", "name": "林肯維爾"},
{"usage": "city", "name": "柏德基"},
{"usage": "city", "name": "柏林"},
{"usage": "city", "name": "柏林罕"},
{"usage": "city", "name": "查塔姆"},
{"usage": "city", "name": "查普曼"},
{"usage": "city", "name": "查爾斯鎮"},
{"usage": "city", "name": "查爾斯頓"},
{"usage": "city", "name": "查爾頓"},
{"usage": "city", "name": "查理蒙特"},
{"usage": "city", "name": "柯比"},
{"usage": "city", "name": "柴郡"},
{"usage": "city", "name": "格倫伍德森林"},
{"usage": "city", "name": "格倫本"},
{"usage": "city", "name": "格利巴陵頓"},
{"usage": "city", "name": "格拉夫頓"},
{"usage": "city", "name": "格拉斯坦伯裡"},
{"usage": "city", "name": "格拉斯頓伯裡"},
{"usage": "city", "name": "格林"},
{"usage": "city", "name": "格林伍德"},
{"usage": "city", "name": "格林威治"},
{"usage": "city", "name": "格林布許"},
{"usage": "city", "name": "格林斯伯勒"},
{"usage": "city", "name": "格林維爾"},
{"usage": "city", "name": "格林菲爾德"},
{"usage": "city", "name": "格洛弗"},
{"usage": "city", "name": "格洛斯特"},
{"usage": "city", "name": "格羅切斯特"},
{"usage": "city", "name": "格羅夫蘭"},
{"usage": "city", "name": "格羅頓"},
{"usage": "city", "name": "格蘭德艾爾"},
{"usage": "city", "name": "格蘭德萊克"},
{"usage": "city", "name": "格蘭比"},
{"usage": "city", "name": "格蘭瑟姆"},
{"usage": "city", "name": "格蘭維爾"},
{"usage": "city", "name": "格里斯沃爾德"},
{"usage": "city", "name": "格陵蘭"},
{"usage": "city", "name": "桑地斯菲爾德"},
{"usage": "city", "name": "桑威治"},
{"usage": "city", "name": "桑德蘭"},
{"usage": "city", "name": "桑戴克"},
{"usage": "city", "name": "桑格維爾"},
{"usage": "city", "name": "桑當"},
{"usage": "city", "name": "桑福德"},
{"usage": "city", "name": "桑納皮"},
{"usage": "city", "name": "桑蓋特"},
{"usage": "city", "name": "桑頓"},
{"usage": "city", "name": "梅休因"},
{"usage": "city", "name": "梅德斯通"},
{"usage": "city", "name": "梅德福"},
{"usage": "city", "name": "梅德菲爾德"},
{"usage": "city", "name": "梅德韋"},
{"usage": "city", "name": "梅普爾頓"},
{"usage": "city", "name": "梅爾羅斯"},
{"usage": "city", "name": "梅納德"},
{"usage": "city", "name": "梅蒂"},
{"usage": "city", "name": "梅里爾"},
{"usage": "city", "name": "梅里登"},
{"usage": "city", "name": "梅里馬克"},
{"usage": "city", "name": "梅里麥克"},
{"usage": "city", "name": "梅雷迪思"},
{"usage": "city", "name": "梅頓"},
{"usage": "city", "name": "梭倫"},
{"usage": "city", "name": "森林城市"},
{"usage": "city", "name": "森特港"},
{"usage": "city", "name": "森特瀑"},
{"usage": "city", "name": "森特維爾"},
{"usage": "city", "name": "楚別克島"},
{"usage": "city", "name": "楠塔基特"},
{"usage": "city", "name": "樂威"},
{"usage": "city", "name": "欣厄姆"},
{"usage": "city", "name": "欣斯戴爾"},
{"usage": "city", "name": "歌珊"},
{"usage": "city", "name": "歐文"},
{"usage": "city", "name": "歐斯典"},
{"usage": "city", "name": "歐那"},
{"usage": "city", "name": "比佛利"},
{"usage": "city", "name": "比爾斯"},
{"usage": "city", "name": "比爾里卡"},
{"usage": "city", "name": "水城"},
{"usage": "city", "name": "水晶"},
{"usage": "city", "name": "沃什本"},
{"usage": "city", "name": "沃倫"},
{"usage": "city", "name": "沃倫特敦"},
{"usage": "city", "name": "沃夫波洛"},
{"usage": "city", "name": "沃德斯波羅"},
{"usage": "city", "name": "沃拉葛雷斯"},
{"usage": "city", "name": "沃本"},
{"usage": "city", "name": "沃波爾"},
{"usage": "city", "name": "沃爾多"},
{"usage": "city", "name": "沃爾多波羅"},
{"usage": "city", "name": "沃爾瑟姆"},
{"usage": "city", "name": "沃爾登"},
{"usage": "city", "name": "沃爾科特"},
{"usage": "city", "name": "沃特伯里"},
{"usage": "city", "name": "沃特波羅"},
{"usage": "city", "name": "沃特福德"},
{"usage": "city", "name": "沃特維爾"},
{"usage": "city", "name": "沃特維爾谷"},
{"usage": "city", "name": "沙利文"},
{"usage": "city", "name": "沙夫茨伯里"},
{"usage": "city", "name": "沙布雷"},
{"usage": "city", "name": "沙漠山"},
{"usage": "city", "name": "法明戴爾"},
{"usage": "city", "name": "法明頓"},
{"usage": "city", "name": "法爾茅斯"},
{"usage": "city", "name": "法蘭克福"},
{"usage": "city", "name": "波內爾"},
{"usage": "city", "name": "波士頓"},
{"usage": "city", "name": "波恩"},
{"usage": "city", "name": "波斯拉"},
{"usage": "city", "name": "波特"},
{"usage": "city", "name": "波特蘭"},
{"usage": "city", "name": "波福瑞特"},
{"usage": "city", "name": "波蒂奇湖"},
{"usage": "city", "name": "波蘭"},
{"usage": "city", "name": "波頓"},
{"usage": "city", "name": "泰爾馬奇"},
{"usage": "city", "name": "洛厄爾"},
{"usage": "city", "name": "洛基山"},
{"usage": "city", "name": "洛弗爾"},
{"usage": "city", "name": "洛貝克"},
{"usage": "city", "name": "海因斯堡"},
{"usage": "city", "name": "海德公園"},
{"usage": "city", "name": "海恩斯維爾"},
{"usage": "city", "name": "海狸灣"},
{"usage": "city", "name": "深河"},
{"usage": "city", "name": "湖景森林"},
{"usage": "city", "name": "湯森德"},
{"usage": "city", "name": "湯森漢德"},
{"usage": "city", "name": "湯頓"},
{"usage": "city", "name": "溫德姆"},
{"usage": "city", "name": "溫德爾"},
{"usage": "city", "name": "溫徹斯特"},
{"usage": "city", "name": "溫斯洛"},
{"usage": "city", "name": "溫斯洛普"},
{"usage": "city", "name": "溫特沃斯"},
{"usage": "city", "name": "溫特波特"},
{"usage": "city", "name": "溫特維爾森林"},
{"usage": "city", "name": "溫荷"},
{"usage": "city", "name": "溫莎"},
{"usage": "city", "name": "溫莎洛克斯"},
{"usage": "city", "name": "滕布里奇"},
{"usage": "city", "name": "漢密爾頓"},
{"usage": "city", "name": "漢尼克"},
{"usage": "city", "name": "漢普斯特德"},
{"usage": "city", "name": "漢普登"},
{"usage": "city", "name": "漢普頓"},
{"usage": "city", "name": "漢普頓瀑布"},
{"usage": "city", "name": "漢森"},
{"usage": "city", "name": "漢考克"},
{"usage": "city", "name": "漢諾威"},
{"usage": "city", "name": "潘登"},
{"usage": "city", "name": "潘頓"},
{"usage": "city", "name": "瀑布島"},
{"usage": "city", "name": "火星山"},
{"usage": "city", "name": "灰石"},
{"usage": "city", "name": "烏斯特"},
{"usage": "city", "name": "牙買加"},
{"usage": "city", "name": "牛津"},
{"usage": "city", "name": "牛頓"},
{"usage": "city", "name": "特倫思科特"},
{"usage": "city", "name": "特倫頓"},
{"usage": "city", "name": "特朗布爾"},
{"usage": "city", "name": "特洛伊"},
{"usage": "city", "name": "特里蒙特"},
{"usage": "city", "name": "特魯羅"},
{"usage": "city", "name": "特魯菲伯羅"},
{"usage": "city", "name": "班克羅夫特"},
{"usage": "city", "name": "班寧頓"},
{"usage": "city", "name": "班戈"},
{"usage": "city", "name": "班頓"},
{"usage": "city", "name": "瑞丁"},
{"usage": "city", "name": "瑞伊"},
{"usage": "city", "name": "瑞伊蓋特"},
{"usage": "city", "name": "瑞佛爾"},
{"usage": "city", "name": "瑞典"},
{"usage": "city", "name": "瑞德森林"},
{"usage": "city", "name": "瑞恩奇"},
{"usage": "city", "name": "瑞斯保羅"},
{"usage": "city", "name": "瑪利亞韋爾"},
{"usage": "city", "name": "瑪莎迪斯"},
{"usage": "city", "name": "瓊斯伯勒"},
{"usage": "city", "name": "瓊斯港"},
{"usage": "city", "name": "瓦林福德"},
{"usage": "city", "name": "瓦薩波羅"},
{"usage": "city", "name": "畢德佛"},
{"usage": "city", "name": "皮博迪"},
{"usage": "city", "name": "皮查姆"},
{"usage": "city", "name": "皮耶蒙特"},
{"usage": "city", "name": "皮茨福德"},
{"usage": "city", "name": "皮茨菲爾德"},
{"usage": "city", "name": "皮茨頓"},
{"usage": "city", "name": "盧嫩堡"},
{"usage": "city", "name": "福克斯"},
{"usage": "city", "name": "福克斯堡"},
{"usage": "city", "name": "福爾里弗"},
{"usage": "city", "name": "科哈塞特"},
{"usage": "city", "name": "科尼什"},
{"usage": "city", "name": "科林斯"},
{"usage": "city", "name": "科林那"},
{"usage": "city", "name": "科爾切斯特"},
{"usage": "city", "name": "科爾布魯克"},
{"usage": "city", "name": "科爾瑞"},
{"usage": "city", "name": "科芬特里"},
{"usage": "city", "name": "秘魯"},
{"usage": "city", "name": "穆斯河"},
{"usage": "city", "name": "窩辛頓"},
{"usage": "city", "name": "範布倫"},
{"usage": "city", "name": "米利斯"},
{"usage": "city", "name": "米利諾基特"},
{"usage": "city", "name": "米德爾伯里"},
{"usage": "city", "name": "米德爾堡"},
{"usage": "city", "name": "米德爾塞克斯"},
{"usage": "city", "name": "米德爾敦"},
{"usage": "city", "name": "米德爾敦泉"},
{"usage": "city", "name": "米德爾菲爾德"},
{"usage": "city", "name": "米德爾頓"},
{"usage": "city", "name": "米洛"},
{"usage": "city", "name": "米爾伯里"},
{"usage": "city", "name": "米爾橋"},
{"usage": "city", "name": "米爾福德"},
{"usage": "city", "name": "米爾維爾"},
{"usage": "city", "name": "米爾頓"},
{"usage": "city", "name": "米蘭"},
{"usage": "city", "name": "糖山"},
{"usage": "city", "name": "約克"},
{"usage": "city", "name": "約翰斯頓"},
{"usage": "city", "name": "納什維爾森林"},
{"usage": "city", "name": "納哈特"},
{"usage": "city", "name": "納拉甘西特"},
{"usage": "city", "name": "納提克"},
{"usage": "city", "name": "納舒厄"},
{"usage": "city", "name": "紐伯里"},
{"usage": "city", "name": "紐伯里波特"},
{"usage": "city", "name": "紐卡斯爾"},
{"usage": "city", "name": "紐因頓"},
{"usage": "city", "name": "紐堡"},
{"usage": "city", "name": "紐波伯羅"},
{"usage": "city", "name": "紐瓦克"},
{"usage": "city", "name": "紐維"},
{"usage": "city", "name": "紐菲爾德"},
{"usage": "city", "name": "紐菲爾德斯"},
{"usage": "city", "name": "紐馬基特"},
{"usage": "city", "name": "紐黑文"},
{"usage": "city", "name": "索倫托"},
{"usage": "city", "name": "索斯威克"},
{"usage": "city", "name": "索格斯"},
{"usage": "city", "name": "索爾海姆"},
{"usage": "city", "name": "索爾茲伯里"},
{"usage": "city", "name": "索科"},
{"usage": "city", "name": "索辛頓"},
{"usage": "city", "name": "紹斯伯勒"},
{"usage": "city", "name": "紹斯伯里"},
{"usage": "city", "name": "紹斯波特"},
{"usage": "city", "name": "維也納"},
{"usage": "city", "name": "維克多里"},
{"usage": "city", "name": "維德斯菲爾德"},
{"usage": "city", "name": "維斯特伍德"},
{"usage": "city", "name": "維斯特曼蘭特"},
{"usage": "city", "name": "維斯特漢普敦"},
{"usage": "city", "name": "維濟"},
{"usage": "city", "name": "維羅納島"},
{"usage": "city", "name": "維西爾"},
{"usage": "city", "name": "維諾黑文"},
{"usage": "city", "name": "羅亞爾斯頓"},
{"usage": "city", "name": "羅亞爾頓"},
{"usage": "city", "name": "羅克布拉福"},
{"usage": "city", "name": "羅克斯伯里"},
{"usage": "city", "name": "羅克波特"},
{"usage": "city", "name": "羅克蘭"},
{"usage": "city", "name": "羅切斯特"},
{"usage": "city", "name": "羅利"},
{"usage": "city", "name": "羅林斯福德"},
{"usage": "city", "name": "羅維"},
{"usage": "city", "name": "羅賓斯頓"},
{"usage": "city", "name": "羅金厄姆"},
{"usage": "city", "name": "羅馬"},
{"usage": "city", "name": "老塞布魯克"},
{"usage": "city", "name": "老果園海灘"},
{"usage": "city", "name": "老萊姆"},
{"usage": "city", "name": "聖伯敦"},
{"usage": "city", "name": "聖喬治"},
{"usage": "city", "name": "聖奧爾本斯"},
{"usage": "city", "name": "聖弗朗西斯"},
{"usage": "city", "name": "聖愛葛莎"},
{"usage": "city", "name": "聖約翰伯里"},
{"usage": "city", "name": "聖約翰森林"},
{"usage": "city", "name": "肖茲伯里"},
{"usage": "city", "name": "肯德斯凱"},
{"usage": "city", "name": "肯特"},
{"usage": "city", "name": "肯特堡"},
{"usage": "city", "name": "肯納邦克"},
{"usage": "city", "name": "肯納邦克港"},
{"usage": "city", "name": "肯辛頓"},
{"usage": "city", "name": "自由市"},
{"usage": "city", "name": "自由港"},
{"usage": "city", "name": "舊城區"},
{"usage": "city", "name": "舊市鎮:"},
{"usage": "city", "name": "艾克莫"},
{"usage": "city", "name": "艾士菲"},
{"usage": "city", "name": "艾姆斯伯里"},
{"usage": "city", "name": "艾拉"},
{"usage": "city", "name": "艾拉斯堡"},
{"usage": "city", "name": "艾爾"},
{"usage": "city", "name": "艾蘭斯伯羅"},
{"usage": "city", "name": "芒克頓"},
{"usage": "city", "name": "荂夫斯貝里"},
{"usage": "city", "name": "荷蘭"},
{"usage": "city", "name": "莫斯科"},
{"usage": "city", "name": "莫里斯敦"},
{"usage": "city", "name": "莫里爾"},
{"usage": "city", "name": "莫頓堡"},
{"usage": "city", "name": "華威"},
{"usage": "city", "name": "華盛頓山"},
{"usage": "city", "name": "華納"},
{"usage": "city", "name": "菲利普斯頓"},
{"usage": "city", "name": "菲奇堡"},
{"usage": "city", "name": "菲普斯堡"},
{"usage": "city", "name": "菲茨威廉"},
{"usage": "city", "name": "萊克星頓"},
{"usage": "city", "name": "萊克維爾"},
{"usage": "city", "name": "萊切斯特"},
{"usage": "city", "name": "萊姆"},
{"usage": "city", "name": "萊弗里特"},
{"usage": "city", "name": "萊德亞德"},
{"usage": "city", "name": "萊明頓"},
{"usage": "city", "name": "萊普斯特"},
{"usage": "city", "name": "萊曼"},
{"usage": "city", "name": "萊諾克斯"},
{"usage": "city", "name": "萬寶路"},
{"usage": "city", "name": "蒂弗頓"},
{"usage": "city", "name": "蒂斯伯里"},
{"usage": "city", "name": "蒂斯堡"},
{"usage": "city", "name": "蒂林厄姆"},
{"usage": "city", "name": "蒂爾頓"},
{"usage": "city", "name": "蒂茂斯"},
{"usage": "city", "name": "蒙哥馬利"},
{"usage": "city", "name": "蒙塔古"},
{"usage": "city", "name": "蒙彼利埃"},
{"usage": "city", "name": "蒙森"},
{"usage": "city", "name": "蒙特利"},
{"usage": "city", "name": "蒙特維爾"},
{"usage": "city", "name": "蒙蒂塞洛"},
{"usage": "city", "name": "蒙黑根"},
{"usage": "city", "name": "蒙默思"},
{"usage": "city", "name": "蔓越莓群島"},
{"usage": "city", "name": "蔡斯山"},
{"usage": "city", "name": "薩姆納"},
{"usage": "city", "name": "薩德伯里"},
{"usage": "city", "name": "薩沃伊"},
{"usage": "city", "name": "薩瑞"},
{"usage": "city", "name": "薩菲爾德"},
{"usage": "city", "name": "薩里"},
{"usage": "city", "name": "薩頓"},
{"usage": "city", "name": "薩默塞特"},
{"usage": "city", "name": "薩默斯"},
{"usage": "city", "name": "薩默沃斯"},
{"usage": "city", "name": "薩默維爾"},
{"usage": "city", "name": "藍山"},
{"usage": "city", "name": "蘇格蘭"},
{"usage": "city", "name": "蘭多夫"},
{"usage": "city", "name": "蘭大福"},
{"usage": "city", "name": "蘭德括福"},
{"usage": "city", "name": "蘭斯伯瑞"},
{"usage": "city", "name": "蘭登"},
{"usage": "city", "name": "蘭開斯特"},
{"usage": "city", "name": "西加德納"},
{"usage": "city", "name": "西南港"},
{"usage": "city", "name": "西哈特福德"},
{"usage": "city", "name": "西巴斯"},
{"usage": "city", "name": "西布里奇沃特"},
{"usage": "city", "name": "西布魯克菲爾德"},
{"usage": "city", "name": "西德尼"},
{"usage": "city", "name": "西拉特蘭"},
{"usage": "city", "name": "西摩爾"},
{"usage": "city", "name": "西斯托克布里奇"},
{"usage": "city", "name": "西斯普林菲爾德"},
{"usage": "city", "name": "西格林威治"},
{"usage": "city", "name": "西沃里克"},
{"usage": "city", "name": "西波以斯敦"},
{"usage": "city", "name": "西港"},
{"usage": "city", "name": "西溫莎"},
{"usage": "city", "name": "西福克斯"},
{"usage": "city", "name": "西紐伯里"},
{"usage": "city", "name": "西蒂斯伯里"},
{"usage": "city", "name": "西費爾里"},
{"usage": "city", "name": "西黑文"},
{"usage": "city", "name": "詹姆斯敦"},
{"usage": "city", "name": "諾丁漢"},
{"usage": "city", "name": "諾伍德"},
{"usage": "city", "name": "諾克斯"},
{"usage": "city", "name": "諾斯伍德"},
{"usage": "city", "name": "諾斯伯勒"},
{"usage": "city", "name": "諾斯波特"},
{"usage": "city", "name": "諾斯菲爾德"},
{"usage": "city", "name": "諾格塔克"},
{"usage": "city", "name": "諾森伯蘭"},
{"usage": "city", "name": "諾沃克"},
{"usage": "city", "name": "諾福克"},
{"usage": "city", "name": "諾維奇"},
{"usage": "city", "name": "諾里居沃克"},
{"usage": "city", "name": "諾頓"},
{"usage": "city", "name": "謝爾曼"},
{"usage": "city", "name": "謝爾本"},
{"usage": "city", "name": "謝爾本"},
{"usage": "city", "name": "謝爾頓"},
{"usage": "city", "name": "謝爾頓"},
{"usage": "city", "name": "謝菲爾德"},
{"usage": "city", "name": "貓頭鷹頭"},
{"usage": "city", "name": "貝丁頓"},
{"usage": "city", "name": "貝克斯菲爾德"},
{"usage": "city", "name": "貝克特"},
{"usage": "city", "name": "貝內迪克塔"},
{"usage": "city", "name": "貝利村"},
{"usage": "city", "name": "貝德福德"},
{"usage": "city", "name": "貝爾徹鎮"},
{"usage": "city", "name": "貝爾格萊德"},
{"usage": "city", "name": "貝爾法斯特"},
{"usage": "city", "name": "貝爾納茨頓"},
{"usage": "city", "name": "貝爾維迪爾"},
{"usage": "city", "name": "貝爾蒙特"},
{"usage": "city", "name": "貝瑟尼"},
{"usage": "city", "name": "費曼"},
{"usage": "city", "name": "費爾法克斯"},
{"usage": "city", "name": "費爾海文"},
{"usage": "city", "name": "費爾菲爾德"},
{"usage": "city", "name": "費爾菲爾德堡"},
{"usage": "city", "name": "費爾里"},
{"usage": "city", "name": "費爾黑文"},
{"usage": "city", "name": "費瑞斯堡"},
{"usage": "city", "name": "費登"},
{"usage": "city", "name": "費耶斯頓"},
{"usage": "city", "name": "費耶特"},
{"usage": "city", "name": "賓漢"},
{"usage": "city", "name": "賽巴德斯"},
{"usage": "city", "name": "赫德之位"},
{"usage": "city", "name": "赫西"},
{"usage": "city", "name": "路易斯頓"},
{"usage": "city", "name": "迦南"},
{"usage": "city", "name": "迦太基"},
{"usage": "city", "name": "迪克斯菲爾德"},
{"usage": "city", "name": "迪克斯蒙"},
{"usage": "city", "name": "迪爾林"},
{"usage": "city", "name": "迪爾菲爾德"},
{"usage": "city", "name": "逸嶺森林"},
{"usage": "city", "name": "道格拉斯"},
{"usage": "city", "name": "道爾頓"},
{"usage": "city", "name": "達克斯伯里"},
{"usage": "city", "name": "達勒姆"},
{"usage": "city", "name": "達德利"},
{"usage": "city", "name": "達德漢"},
{"usage": "city", "name": "達拉斯森林"},
{"usage": "city", "name": "達比路斯"},
{"usage": "city", "name": "達特茅斯"},
{"usage": "city", "name": "達里恩"},
{"usage": "city", "name": "達馬瑞斯哥塔"},
{"usage": "city", "name": "達默"},
{"usage": "city", "name": "達默斯頓"},
{"usage": "city", "name": "邁諾特"},
{"usage": "city", "name": "那不勒斯"},
{"usage": "city", "name": "都柏林"},
{"usage": "city", "name": "鄧巴頓"},
{"usage": "city", "name": "鄧斯特布爾"},
{"usage": "city", "name": "鄧普"},
{"usage": "city", "name": "鄧普頓"},
{"usage": "city", "name": "里士滿"},
{"usage": "city", "name": "里奇福德"},
{"usage": "city", "name": "里奇菲爾德"},
{"usage": "city", "name": "里斯本"},
{"usage": "city", "name": "里普利"},
{"usage": "city", "name": "里普敦"},
{"usage": "city", "name": "金士頓"},
{"usage": "city", "name": "金斯伯里森林"},
{"usage": "city", "name": "金曼"},
{"usage": "city", "name": "金菲爾德"},
{"usage": "city", "name": "錫姆斯伯里"},
{"usage": "city", "name": "錫巴勾"},
{"usage": "city", "name": "錫布魯克"},
{"usage": "city", "name": "錫康克"},
{"usage": "city", "name": "錫楚埃特"},
{"usage": "city", "name": "錫比克"},
{"usage": "city", "name": "錫波伊斯森林"},
{"usage": "city", "name": "錫爾斯堡"},
{"usage": "city", "name": "錫爾斯港"},
{"usage": "city", "name": "錫爾斯蒙特"},
{"usage": "city", "name": "長島"},
{"usage": "city", "name": "門羅"},
{"usage": "city", "name": "開普敦伊麗莎白"},
{"usage": "city", "name": "阿什比"},
{"usage": "city", "name": "阿什波漢"},
{"usage": "city", "name": "阿什福德"},
{"usage": "city", "name": "阿倫德爾"},
{"usage": "city", "name": "阿克斯布里奇"},
{"usage": "city", "name": "阿克沃斯"},
{"usage": "city", "name": "阿克頓"},
{"usage": "city", "name": "阿基那"},
{"usage": "city", "name": "阿拉加什"},
{"usage": "city", "name": "阿普爾頓"},
{"usage": "city", "name": "阿格瓦姆"},
{"usage": "city", "name": "阿爾堡"},
{"usage": "city", "name": "阿爾弗雷德"},
{"usage": "city", "name": "阿爾比恩"},
{"usage": "city", "name": "阿特爾伯勒"},
{"usage": "city", "name": "阿特金森"},
{"usage": "city", "name": "阿瑟爾"},
{"usage": "city", "name": "阿羅錫克"},
{"usage": "city", "name": "阿靈頓"},
{"usage": "city", "name": "阿默帝"},
{"usage": "city", "name": "阿默斯特"},
{"usage": "city", "name": "雅典"},
{"usage": "city", "name": "雅文"},
{"usage": "city", "name": "雅茅斯"},
{"usage": "city", "name": "雪莉"},
{"usage": "city", "name": "雷德菲爾德"},
{"usage": "city", "name": "雷格列"},
{"usage": "city", "name": "雷格列森林"},
{"usage": "city", "name": "雷登"},
{"usage": "city", "name": "雷納姆"},
{"usage": "city", "name": "雷蒙德"},
{"usage": "city", "name": "雷霍伯斯"},
{"usage": "city", "name": "霍克賽特"},
{"usage": "city", "name": "霍利"},
{"usage": "city", "name": "霍利奧克"},
{"usage": "city", "name": "霍利山"},
{"usage": "city", "name": "霍利斯"},
{"usage": "city", "name": "霍利斯頓"},
{"usage": "city", "name": "霍奇登"},
{"usage": "city", "name": "霍巴德斯頓"},
{"usage": "city", "name": "霍巴德頓"},
{"usage": "city", "name": "霍普"},
{"usage": "city", "name": "霍普戴勒"},
{"usage": "city", "name": "霍普金頓"},
{"usage": "city", "name": "霍爾"},
{"usage": "city", "name": "霍爾布魯克"},
{"usage": "city", "name": "霍爾德內斯"},
{"usage": "city", "name": "霍爾頓"},
{"usage": "city", "name": "霍蘭德"},
{"usage": "city", "name": "霍頓"},
{"usage": "city", "name": "韋伯斯特"},
{"usage": "city", "name": "韋伯斯特森林"},
{"usage": "city", "name": "韋克菲爾德"},
{"usage": "city", "name": "韋勒姆"},
{"usage": "city", "name": "韋布里奇"},
{"usage": "city", "name": "韋德"},
{"usage": "city", "name": "韋恩"},
{"usage": "city", "name": "韋斯利"},
{"usage": "city", "name": "韋斯特伯勒"},
{"usage": "city", "name": "韋斯特菲爾德"},
{"usage": "city", "name": "韋斯頓"},
{"usage": "city", "name": "韋爾"},
{"usage": "city", "name": "韋爾弗利特"},
{"usage": "city", "name": "韋爾德"},
{"usage": "city", "name": "韋爾斯"},
{"usage": "city", "name": "韋爾斯利"},
{"usage": "city", "name": "韋特"},
{"usage": "city", "name": "韋瑟斯"},
{"usage": "city", "name": "韋納姆"},
{"usage": "city", "name": "韋茅斯"},
{"usage": "city", "name": "韋茨菲爾德"},
{"usage": "city", "name": "韋蘭"},
{"usage": "city", "name": "颶風島"},
{"usage": "city", "name": "馬丁尼克斯島"},
{"usage": "city", "name": "馬什皮"},
{"usage": "city", "name": "馬什菲爾德"},
{"usage": "city", "name": "馬塔哇"},
{"usage": "city", "name": "馬塔波意斯"},
{"usage": "city", "name": "馬布爾黑德"},
{"usage": "city", "name": "馬德伯里"},
{"usage": "city", "name": "馬德里"},
{"usage": "city", "name": "馬戈洛威森林"},
{"usage": "city", "name": "馬柴厄斯"},
{"usage": "city", "name": "馬柴厄斯港"},
{"usage": "city", "name": "馬森明康地斯"},
{"usage": "city", "name": "馬洛"},
{"usage": "city", "name": "馬爾堡"},
{"usage": "city", "name": "馬爾登"},
{"usage": "city", "name": "馬達沃斯卡"},
{"usage": "city", "name": "馬里昂"},
{"usage": "city", "name": "高佛斯鎮"},
{"usage": "city", "name": "高地森林"},
{"usage": "city", "name": "高門"},
{"usage": "city", "name": "魯珀特"},
{"usage": "city", "name": "鮑德溫"},
{"usage": "city", "name": "鮑爾班克"},
{"usage": "city", "name": "鮑登"},
{"usage": "city", "name": "鮑登漢"},
{"usage": "city", "name": "鮑萊特"},
{"usage": "city", "name": "鷹湖"},
{"usage": "city", "name": "鹿島"},
{"usage": "city", "name": "麥克尼瀑布"},
{"usage": "city", "name": "麥克斯菲爾德"},
{"usage": "city", "name": "麥克華霍克森林"},
{"usage": "city", "name": "黎凡特"},
{"usage": "city", "name": "黎巴嫩"},
{"usage": "city", "name": "黑石"},
{"usage": "city", "name": "黑門"},
{"usage": "city", "name": "默瑟"},
{"usage": "city", "name": "齊坦丹縣"},
{"usage": "family", "gender": "unisex", "name": "Adams"},
{"usage": "family", "gender": "unisex", "name": "Alexander"},
{"usage": "family", "gender": "unisex", "name": "Allen"},
{"usage": "family", "gender": "unisex", "name": "Anderson"},
{"usage": "family", "gender": "unisex", "name": "Bailey"},
{"usage": "family", "gender": "unisex", "name": "Baker"},
{"usage": "family", "gender": "unisex", "name": "Barnes"},
{"usage": "family", "gender": "unisex", "name": "Bell"},
{"usage": "family", "gender": "unisex", "name": "Bennett"},
{"usage": "family", "gender": "unisex", "name": "Brooks"},
{"usage": "family", "gender": "unisex", "name": "Brown"},
{"usage": "family", "gender": "unisex", "name": "Bryant"},
{"usage": "family", "gender": "unisex", "name": "Butler"},
{"usage": "family", "gender": "unisex", "name": "Campbell"},
{"usage": "family", "gender": "unisex", "name": "Carter"},
{"usage": "family", "gender": "unisex", "name": "Clark"},
{"usage": "family", "gender": "unisex", "name": "Coleman"},
{"usage": "family", "gender": "unisex", "name": "Collins"},
{"usage": "family", "gender": "unisex", "name": "Cook"},
{"usage": "family", "gender": "unisex", "name": "Cooper"},
{"usage": "family", "gender": "unisex", "name": "Cox"},
{"usage": "family", "gender": "unisex", "name": "Davis"},
{"usage": "family", "gender": "unisex", "name": "Diaz"},
{"usage": "family", "gender": "unisex", "name": "Edwards"},
{"usage": "family", "gender": "unisex", "name": "Evans"},
{"usage": "family", "gender": "unisex", "name": "Flores"},
{"usage": "family", "gender": "unisex", "name": "Foster"},
{"usage": "family", "gender": "unisex", "name": "Garcia"},
{"usage": "family", "gender": "unisex", "name": "Gonzales"},
{"usage": "family", "gender": "unisex", "name": "Gonzalez"},
{"usage": "family", "gender": "unisex", "name": "Gray"},
{"usage": "family", "gender": "unisex", "name": "Green"},
{"usage": "family", "gender": "unisex", "name": "Griffin"},
{"usage": "family", "gender": "unisex", "name": "Hall"},
{"usage": "family", "gender": "unisex", "name": "Harris"},
{"usage": "family", "gender": "unisex", "name": "Hayes"},
{"usage": "family", "gender": "unisex", "name": "Henderson"},
{"usage": "family", "gender": "unisex", "name": "Hernandez"},
{"usage": "family", "gender": "unisex", "name": "Hill"},
{"usage": "family", "gender": "unisex", "name": "Howard"},
{"usage": "family", "gender": "unisex", "name": "Hughes"},
{"usage": "family", "gender": "unisex", "name": "Jackson"},
{"usage": "family", "gender": "unisex", "name": "James"},
{"usage": "family", "gender": "unisex", "name": "Jenkins"},
{"usage": "family", "gender": "unisex", "name": "Johnson"},
{"usage": "family", "gender": "unisex", "name": "Jones"},
{"usage": "family", "gender": "unisex", "name": "Kaiko"},
{"usage": "family", "gender": "unisex", "name": "Kelly"},
{"usage": "family", "gender": "unisex", "name": "King"},
{"usage": "family", "gender": "unisex", "name": "Lee"},
{"usage": "family", "gender": "unisex", "name": "Lewis"},
{"usage": "family", "gender": "unisex", "name": "Long"},
{"usage": "family", "gender": "unisex", "name": "Lopez"},
{"usage": "family", "gender": "unisex", "name": "Martin"},
{"usage": "family", "gender": "unisex", "name": "Martinez"},
{"usage": "family", "gender": "unisex", "name": "Miller"},
{"usage": "family", "gender": "unisex", "name": "Mitchell"},
{"usage": "family", "gender": "unisex", "name": "Moore"},
{"usage": "family", "gender": "unisex", "name": "Morgan"},
{"usage": "family", "gender": "unisex", "name": "Morris"},
{"usage": "family", "gender": "unisex", "name": "Murphy"},
{"usage": "family", "gender": "unisex", "name": "Nakiya"},
{"usage": "family", "gender": "unisex", "name": "Nelson"},
{"usage": "family", "gender": "unisex", "name": "Parker"},
{"usage": "family", "gender": "unisex", "name": "Patterson"},
{"usage": "family", "gender": "unisex", "name": "Perez"},
{"usage": "family", "gender": "unisex", "name": "Perry"},
{"usage": "family", "gender": "unisex", "name": "Peterson"},
{"usage": "family", "gender": "unisex", "name": "Phillips"},
{"usage": "family", "gender": "unisex", "name": "Powell"},
{"usage": "family", "gender": "unisex", "name": "Price"},
{"usage": "family", "gender": "unisex", "name": "Ramirez"},
{"usage": "family", "gender": "unisex", "name": "Reed"},
{"usage": "family", "gender": "unisex", "name": "Richardson"},
{"usage": "family", "gender": "unisex", "name": "Rivera"},
{"usage": "family", "gender": "unisex", "name": "Roberts"},
{"usage": "family", "gender": "unisex", "name": "Robinson"},
{"usage": "family", "gender": "unisex", "name": "Rodriguez"},
{"usage": "family", "gender": "unisex", "name": "Rogers"},
{"usage": "family", "gender": "unisex", "name": "Ross"},
{"usage": "family", "gender": "unisex", "name": "Russell"},
{"usage": "family", "gender": "unisex", "name": "Sanchez"},
{"usage": "family", "gender": "unisex", "name": "Sanders"},
{"usage": "family", "gender": "unisex", "name": "Scott"},
{"usage": "family", "gender": "unisex", "name": "Simmons"},
{"usage": "family", "gender": "unisex", "name": "Smith"},
{"usage": "family", "gender": "unisex", "name": "Stewart"},
{"usage": "family", "gender": "unisex", "name": "Taylor"},
{"usage": "family", "gender": "unisex", "name": "Thomas"},
{"usage": "family", "gender": "unisex", "name": "Thompson"},
{"usage": "family", "gender": "unisex", "name": "Torres"},
{"usage": "family", "gender": "unisex", "name": "Turner"},
{"usage": "family", "gender": "unisex", "name": "Van Wilde"},
{"usage": "family", "gender": "unisex", "name": "Walker"},
{"usage": "family", "gender": "unisex", "name": "Ward"},
{"usage": "family", "gender": "unisex", "name": "Washington"},
{"usage": "family", "gender": "unisex", "name": "Watson"},
{"usage": "family", "gender": "unisex", "name": "West"},
{"usage": "family", "gender": "unisex", "name": "White"},
{"usage": "family", "gender": "unisex", "name": "Williams"},
{"usage": "family", "gender": "unisex", "name": "Wilson"},
{"usage": "family", "gender": "unisex", "name": "Wood"},
{"usage": "family", "gender": "unisex", "name": "Wright"},
{"usage": "family", "gender": "unisex", "name": "Young"},
{"usage": "given", "gender": "female", "name": "Aaliyah"},
{"usage": "given", "gender": "female", "name": "Abigail"},
{"usage": "given", "gender": "female", "name": "Addison"},
{"usage": "given", "gender": "female", "name": "Aizawa"},
{"usage": "given", "gender": "female", "name": "Akiko"},
{"usage": "given", "gender": "female", "name": "Alexa"},
{"usage": "given", "gender": "female", "name": "Alexandra"},
{"usage": "given", "gender": "female", "name": "Alexis"},
{"usage": "given", "gender": "female", "name": "Allison"},
{"usage": "given", "gender": "female", "name": "Alyssa"},
{"usage": "given", "gender": "female", "name": "Amelia"},
{"usage": "given", "gender": "female", "name": "Andrea"},
{"usage": "given", "gender": "female", "name": "Angelina"},
{"usage": "given", "gender": "female", "name": "Anna"},
{"usage": "given", "gender": "female", "name": "Ariana"},
{"usage": "given", "gender": "female", "name": "Arianna"},
{"usage": "given", "gender": "female", "name": "Ashley"},
{"usage": "given", "gender": "female", "name": "Aubrey"},
{"usage": "given", "gender": "female", "name": "Audrey"},
{"usage": "given", "gender": "female", "name": "Autumn"},
{"usage": "given", "gender": "female", "name": "Ava"},
{"usage": "given", "gender": "female", "name": "Avery"},
{"usage": "given", "gender": "female", "name": "Bailey"},
{"usage": "given", "gender": "female", "name": "Brianna"},
{"usage": "given", "gender": "female", "name": "Brooke"},
{"usage": "given", "gender": "female", "name": "Brooklyn"},
{"usage": "given", "gender": "female", "name": "Camilla"},
{"usage": "given", "gender": "female", "name": "Caroline"},
{"usage": "given", "gender": "female", "name": "Charlotte"},
{"usage": "given", "gender": "female", "name": "Chloe"},
{"usage": "given", "gender": "female", "name": "Claire"},
{"usage": "given", "gender": "female", "name": "Destiny"},
{"usage": "given", "gender": "female", "name": "Elizabeth"},
{"usage": "given", "gender": "female", "name": "Ella"},
{"usage": "given", "gender": "female", "name": "Emily"},
{"usage": "given", "gender": "female", "name": "Emma"},
{"usage": "given", "gender": "female", "name": "Evelyn"},
{"usage": "given", "gender": "female", "name": "Faith"},
{"usage": "given", "gender": "female", "name": "Gabriella"},
{"usage": "given", "gender": "female", "name": "Gabrielle"},
{"usage": "given", "gender": "female", "name": "Genesis"},
{"usage": "given", "gender": "female", "name": "Gianna"},
{"usage": "given", "gender": "female", "name": "Grace"},
{"usage": "given", "gender": "female", "name": "Gracie"},
{"usage": "given", "gender": "female", "name": "Hailey"},
{"usage": "given", "gender": "female", "name": "Hannah"},
{"usage": "given", "gender": "female", "name": "Heather"},
{"usage": "given", "gender": "female", "name": "Hikari"},
{"usage": "given", "gender": "female", "name": "Isabel"},
{"usage": "given", "gender": "female", "name": "Isabella"},
{"usage": "given", "gender": "female", "name": "Isabelle"},
{"usage": "given", "gender": "female", "name": "Jasmine"},
{"usage": "given", "gender": "female", "name": "Jen"},
{"usage": "given", "gender": "female", "name": "Jennifer"},
{"usage": "given", "gender": "female", "name": "Jessica"},
{"usage": "given", "gender": "female", "name": "Jessie"},
{"usage": "given", "gender": "female", "name": "Jocelyn"},
{"usage": "given", "gender": "female", "name": "Julia"},
{"usage": "given", "gender": "female", "name": "Kaitlin"},
{"usage": "given", "gender": "female", "name": "Katelyn"},
{"usage": "given", "gender": "female", "name": "Katie"},
{"usage": "given", "gender": "female", "name": "Kayla"},
{"usage": "given", "gender": "female", "name": "Kaylee"},
{"usage": "given", "gender": "female", "name": "Kim"},
{"usage": "given", "gender": "female", "name": "Kimberly"},
{"usage": "given", "gender": "female", "name": "Kylie"},
{"usage": "given", "gender": "female", "name": "Lauren"},
{"usage": "given", "gender": "female", "name": "Layla"},
{"usage": "given", "gender": "female", "name": "Leah"},
{"usage": "given", "gender": "female", "name": "Lillian"},
{"usage": "given", "gender": "female", "name": "Lily"},
{"usage": "given", "gender": "female", "name": "Madeline"},
{"usage": "given", "gender": "female", "name": "Madelyn"},
{"usage": "given", "gender": "female", "name": "Madison"},
{"usage": "given", "gender": "female", "name": "Makayla"},
{"usage": "given", "gender": "female", "name": "Maria"},
{"usage": "given", "gender": "female", "name": "Mariah"},
{"usage": "given", "gender": "female", "name": "Mary"},
{"usage": "given", "gender": "female", "name": "Maya"},
{"usage": "given", "gender": "female", "name": "Megan"},
{"usage": "given", "gender": "female", "name": "Melanie"},
{"usage": "given", "gender": "female", "name": "Mia"},
{"usage": "given", "gender": "female", "name": "Morgan"},
{"usage": "given", "gender": "female", "name": "Natalie"},
{"usage": "given", "gender": "female", "name": "Natsuki"},
{"usage": "given", "gender": "female", "name": "Nevaeh"},
{"usage": "given", "gender": "female", "name": "Nuku"},
{"usage": "given", "gender": "female", "name": "Olivia"},
{"usage": "given", "gender": "female", "name": "Paige"},
{"usage": "given", "gender": "female", "name": "Payton"},
{"usage": "given", "gender": "female", "name": "Rachel"},
{"usage": "given", "gender": "female", "name": "Riley"},
{"usage": "given", "gender": "female", "name": "Samantha"},
{"usage": "given", "gender": "female", "name": "Sara"},
{"usage": "given", "gender": "female", "name": "Sarah"},
{"usage": "given", "gender": "female", "name": "Savannah"},
{"usage": "given", "gender": "female", "name": "Sofia"},
{"usage": "given", "gender": "female", "name": "Sophie"},
{"usage": "given", "gender": "female", "name": "Sydney"},
{"usage": "given", "gender": "female", "name": "Trinity"},
{"usage": "given", "gender": "female", "name": "Valeria"},
{"usage": "given", "gender": "female", "name": "Vanessa"},
{"usage": "given", "gender": "female", "name": "Victoria"},
{"usage": "given", "gender": "female", "name": "Yuki"},
{"usage": "given", "gender": "female", "name": "Zoe"},
{"usage": "given", "gender": "female", "name": "Zoey"},
{"usage": "given", "gender": "male", "name": "Aaron"},
{"usage": "given", "gender": "male", "name": "Adam"},
{"usage": "given", "gender": "male", "name": "Adrian"},
{"usage": "given", "gender": "male", "name": "Aidan"},
{"usage": "given", "gender": "male", "name": "Aiden"},
{"usage": "given", "gender": "male", "name": "Alex"},
{"usage": "given", "gender": "male", "name": "Alexander"},
{"usage": "given", "gender": "male", "name": "Andrew"},
{"usage": "given", "gender": "male", "name": "Angel"},
{"usage": "given", "gender": "male", "name": "Anthony"},
{"usage": "given", "gender": "male", "name": "Austin"},
{"usage": "given", "gender": "male", "name": "Ayden"},
{"usage": "given", "gender": "male", "name": "Benjamin"},
{"usage": "given", "gender": "male", "name": "Blake"},
{"usage": "given", "gender": "male", "name": "Brady"},
{"usage": "given", "gender": "male", "name": "Brandon"},
{"usage": "given", "gender": "male", "name": "Brayden"},
{"usage": "given", "gender": "male", "name": "Brian"},
{"usage": "given", "gender": "male", "name": "Brody"},
{"usage": "given", "gender": "male", "name": "Bryan"},
{"usage": "given", "gender": "male", "name": "Caden"},
{"usage": "given", "gender": "male", "name": "Caleb"},
{"usage": "given", "gender": "male", "name": "Cameron"},
{"usage": "given", "gender": "male", "name": "Carlos"},
{"usage": "given", "gender": "male", "name": "Carson"},
{"usage": "given", "gender": "male", "name": "Carter"},
{"usage": "given", "gender": "male", "name": "Charles"},
{"usage": "given", "gender": "male", "name": "Chase"},
{"usage": "given", "gender": "male", "name": "Christian"},
{"usage": "given", "gender": "male", "name": "Christopher"},
{"usage": "given", "gender": "male", "name": "Cole"},
{"usage": "given", "gender": "male", "name": "Colton"},
{"usage": "given", "gender": "male", "name": "Connor"},
{"usage": "given", "gender": "male", "name": "Cooper"},
{"usage": "given", "gender": "male", "name": "Daisuki"},
{"usage": "given", "gender": "male", "name": "Daniel"},
{"usage": "given", "gender": "male", "name": "David"},
{"usage": "given", "gender": "male", "name": "Diego"},
{"usage": "given", "gender": "male", "name": "Dominic"},
{"usage": "given", "gender": "male", "name": "Dylan"},
{"usage": "given", "gender": "male", "name": "Eben"},
{"usage": "given", "gender": "male", "name": "Eli"},
{"usage": "given", "gender": "male", "name": "Elijah"},
{"usage": "given", "gender": "male", "name": "Eric"},
{"usage": "given", "gender": "male", "name": "Ethan"},
{"usage": "given", "gender": "male", "name": "Evan"},
{"usage": "given", "gender": "male", "name": "Gabriel"},
{"usage": "given", "gender": "male", "name": "Gavin"},
{"usage": "given", "gender": "male", "name": "Gendo"},
{"usage": "given", "gender": "male", "name": "Hayden"},
{"usage": "given", "gender": "male", "name": "Henry"},
{"usage": "given", "gender": "male", "name": "Hunter"},
{"usage": "given", "gender": "male", "name": "Ian"},
{"usage": "given", "gender": "male", "name": "Isaac"},
{"usage": "given", "gender": "male", "name": "Isaiah"},
{"usage": "given", "gender": "male", "name": "Jack"},
{"usage": "given", "gender": "male", "name": "Jackson"},
{"usage": "given", "gender": "male", "name": "Jacob"},
{"usage": "given", "gender": "male", "name": "Jaden"},
{"usage": "given", "gender": "male", "name": "James"},
{"usage": "given", "gender": "male", "name": "Jason"},
{"usage": "given", "gender": "male", "name": "Jayden"},
{"usage": "given", "gender": "male", "name": "Jeremiah"},
{"usage": "given", "gender": "male", "name": "Jesus"},
{"usage": "given", "gender": "male", "name": "John"},
{"usage": "given", "gender": "male", "name": "Jonathan"},
{"usage": "given", "gender": "male", "name": "Jordan"},
{"usage": "given", "gender": "male", "name": "Jose"},
{"usage": "given", "gender": "male", "name": "Joseph"},
{"usage": "given", "gender": "male", "name": "Joshua"},
{"usage": "given", "gender": "male", "name": "Josiah"},
{"usage": "given", "gender": "male", "name": "Juan"},
{"usage": "given", "gender": "male", "name": "Julian"},
{"usage": "given", "gender": "male", "name": "Justin"},
{"usage": "given", "gender": "male", "name": "Kaden"},
{"usage": "given", "gender": "male", "name": "Keita"},
{"usage": "given", "gender": "male", "name": "Kevin"},
{"usage": "given", "gender": "male", "name": "Kira"},
{"usage": "given", "gender": "male", "name": "Kyosuki"},
{"usage": "given", "gender": "male", "name": "Landon"},
{"usage": "given", "gender": "male", "name": "Liam"},
{"usage": "given", "gender": "male", "name": "Logan"},
{"usage": "given", "gender": "male", "name": "Lucas"},
{"usage": "given", "gender": "male", "name": "Luis"},
{"usage": "given", "gender": "male", "name": "Luke"},
{"usage": "given", "gender": "male", "name": "Mason"},
{"usage": "given", "gender": "male", "name": "Matthew"},
{"usage": "given", "gender": "male", "name": "Michael"},
{"usage": "given", "gender": "male", "name": "Nathan"},
{"usage": "given", "gender": "male", "name": "Nathaniel"},
{"usage": "given", "gender": "male", "name": "Nicholas"},
{"usage": "given", "gender": "male", "name": "Noah"},
{"usage": "given", "gender": "male", "name": "Owen"},
{"usage": "given", "gender": "male", "name": "Robert"},
{"usage": "given", "gender": "male", "name": "Ryan"},
{"usage": "given", "gender": "male", "name": "Sabastian"},
{"usage": "given", "gender": "male", "name": "Samuel"},
{"usage": "given", "gender": "male", "name": "Sean"},
{"usage": "given", "gender": "male", "name": "Takeuchi"},
{"usage": "given", "gender": "male", "name": "Thomas"},
{"usage": "given", "gender": "male", "name": "Tristan"},
{"usage": "given", "gender": "male", "name": "Tyler"},
{"usage": "given", "gender": "male", "name": "William"},
{"usage": "given", "gender": "male", "name": "Wyatt"},
{"usage": "given", "gender": "male", "name": "Xavier"},
{"usage": "given", "gender": "male", "name": "Zachary"},
{"usage": "given", "gender": "male", "name": "凱爾"}
]
