[
    {
        "type":"GENERIC",
        "id" : "controlframe",
        "name" : "powered turret frame",
        "description" : "A rotating frame fully outfitted with a targeting system and movement system. All it needs is something to mount on it.",
        "weight" : 22468,
        "to_hit" : -3,
        "color" : "light_gray",
        "symbol" : "]",
        "material" : ["steel", "null"],
        "techniques" : ["DEF_DISARM"],
        "volume" : 16,
        "bashing" : 15,
        "cutting" : 0,
        "category" : "veh_parts",
        "price" : 22500
    },
    {
        "type":"GENERIC",
        "id" : "turretframe",
        "name" : "turret frame",
        "description" : "A frame capable of rotating a full 360 degrees. Can be worked on further or have a simple weapon mounted on it.",
        "weight" : 11248,
        "to_hit" : -3,
        "color" : "light_gray",
        "symbol" : "]",
        "material" : ["steel", "null"],
        "techniques" : ["DEF_DISARM"],
        "volume" : 12,
        "bashing" : 15,
        "cutting" : 0,
        "category" : "veh_parts",
        "price" : 8000
    },
    {
        "type":"GENERIC",
        "id" : "rebar_plate",
        "name" : "rebar grate",
        "description" : "Interlocked sections of rebar that allows for light and effective reinforcement of vehicle sections.",
        "weight" : 2200,
        "to_hit" : -1,
        "color" : "light_cyan",
        "symbol" : "]",
        "material" : ["steel", "null"],
        "volume" : 12,
        "bashing" : 6,
        "cutting" : 0,
        "category" : "veh_parts",
        "price" : 750
    },
    {
        "type":"GENERIC",
        "id" : "spring_plate",
        "name" : "shock absorber",
        "description" : "This makeshift combination of springs and scrap, when attached to a vehicle section, protects that section from impacts. The springs can absorb a surprising amount of damage.",
        "weight" : 14880,
        "to_hit" : -1,
        "color" : "light_cyan",
        "symbol" : "]",
        "material" : ["steel", "null"],
        "volume" : 12,
        "bashing" : 6,
        "cutting" : 0,
        "category" : "veh_parts",
        "price" : 1300
    }
]
