[
    {
        "type" : "vehicle_part",
        "id" : "laser_gunp",
        "name" : "mounted pulse turret",
        "symbol" : "t",
        "color" : "blue",
        "broken_symbol" : "#",
        "broken_color" : "blue",
        "damage_modifier" : 80,
        "durability" : 100,
        "folded_volume": 12,
        "epower" : 200,
        "fuel_type" : "battery",
        "item" : "nx17p",
        "difficulty" : 5,
        "location" : "on_roof",
        "flags" : ["TURRET", "SOLAR_PANEL", "FOLDABLE", "BATTERY_MOUNT"],
        "breaks_into" : [
            {"item": "scrap", "min": 8, "max": 22},
            {"item": "steel_chunk", "min": 2, "max": 6},
            {"item": "pipe", "min": 0, "max": 4},
            {"item": "cable", "min": 6, "max": 20},
            {"item": "e_scrap", "min": 4, "max": 14},
            {"item": "spring", "min": 0, "max": 2},
            {"item": "plastic_chunk", "min": 2, "max": 6},
            {"item": "solar_cell", "min": 2, "max": 16},
            {"item": "chain", "min": 0, "max": 2}
        ]
    },
    {
        "type" : "vehicle_part",
        "id" : "teslagun",
        "name" : "mounted Tesla turret",
        "symbol" : "t",
        "color" : "blue",
        "broken_symbol" : "#",
        "broken_color" : "blue",
        "damage_modifier" : 80,
        "durability" : 100,
        "folded_volume": 20,
        "epower" : 200,
        "fuel_type" : "battery",
        "item" : "teslagun",
        "difficulty" : 6,
        "location" : "on_roof",
        "flags" : ["TURRET", "SOLAR_PANEL", "FOLDABLE", "BATTERY_MOUNT"],
        "breaks_into" : [
            {"item": "scrap", "min": 8, "max": 22},
            {"item": "steel_chunk", "min": 2, "max": 8},
            {"item": "pipe", "min": 0, "max": 4},
            {"item": "cable", "min": 6, "max": 20},
            {"item": "e_scrap", "min": 4, "max": 22},
            {"item": "spring", "min": 0, "max": 2},
            {"item": "plastic_chunk", "min": 0, "max": 4},
            {"item": "solar_cell", "min": 2, "max": 18},
            {"item": "chain", "min": 0, "max": 2},
            {"item": "burnt_out_bionic", "min": 0, "max": 1}
        ]
    },
    {
        "type" : "vehicle_part",
        "id" : "laser_guns",
        "name" : "mounted energy turret",
        "symbol" : "t",
        "color" : "blue",
        "broken_symbol" : "#",
        "broken_color" : "blue",
        "damage_modifier" : 80,
        "durability" : 100,
        "folded_volume": 12,
        "epower" : 200,
        "fuel_type" : "battery",
        "item" : "nx17s",
        "difficulty" : 5,
        "location" : "on_roof",
        "flags" : ["TURRET", "SOLAR_PANEL", "FOLDABLE", "BATTERY_MOUNT"],
        "breaks_into" : [
            {"item": "scrap", "min": 8, "max": 22},
            {"item": "steel_chunk", "min": 2, "max": 8},
            {"item": "pipe", "min": 0, "max": 4},
            {"item": "cable", "min": 6, "max": 20},
            {"item": "e_scrap", "min": 4, "max": 12},
            {"item": "spring", "min": 0, "max": 2},
            {"item": "plastic_chunk", "min": 1, "max": 6},
            {"item": "solar_cell", "min": 2, "max": 18},
            {"item": "chain", "min": 0, "max": 2}
        ]
    },{
        "type" : "vehicle_part",
        "id" : "2xnailer",
        "name" : "dual nail turret",
        "symbol" : "t",
        "color" : "dark_gray",
        "broken_symbol" : "#",
        "broken_color" : "dark_gray",
        "damage_modifier" : 80,
        "durability" : 200,
        "folded_volume": 10,
        "epower" : 25,
        "fuel_type" : "nail",
        "item" : "2xnailer",
        "size" : 5,
        "difficulty" : 5,
        "location" : "on_roof",
        "flags" : ["FOLDABLE", "TURRET", "CARGO", "SOLAR_PANEL"],
        "breaks_into" : [
            {"item": "scrap", "min": 8, "max": 28},
            {"item": "steel_chunk", "min": 2, "max": 8},
            {"item": "pipe", "min": 0, "max": 4},
            {"item": "cable", "min": 6, "max": 20},
            {"item": "e_scrap", "min": 4, "max": 12},
            {"item": "spring", "min": 0, "max": 2},
            {"item": "plastic_chunk", "min": 0, "max": 4},
            {"item": "solar_cell", "min": 0, "max": 6},
            {"item": "chain", "min": 0, "max": 2},
            {"item": "nailrifle", "min": 0, "max": 2},
            {"item": "metal_tank_small", "min": 0, "max": 2}
        ]
    },
    {
        "type" : "vehicle_part",
        "id" : "4xnailer",
        "name" : "quad nail turret",
        "symbol" : "t",
        "color" : "dark_gray",
        "broken_symbol" : "#",
        "broken_color" : "dark_gray",
        "damage_modifier" : 80,
        "durability" : 200,
        "folded_volume": 18,
        "epower" : 25,
        "fuel_type" : "nail",
        "item" : "4xnailer",
        "size" : 10,
        "difficulty" : 5,
        "location" : "on_roof",
        "flags" : ["FOLDABLE", "TURRET", "CARGO", "SOLAR_PANEL"],
        "breaks_into" : [
            {"item": "scrap", "min": 8, "max": 30},
            {"item": "steel_chunk", "min": 2, "max": 8},
            {"item": "pipe", "min": 0, "max": 6},
            {"item": "cable", "min": 6, "max": 20},
            {"item": "e_scrap", "min": 4, "max": 12},
            {"item": "spring", "min": 0, "max": 2},
            {"item": "plastic_chunk", "min": 0, "max": 4},
            {"item": "solar_cell", "min": 2, "max": 6},
            {"item": "chain", "min": 0, "max": 2},
            {"item": "nailrifle", "min": 0, "max": 4},
            {"item": "metal_tank_small", "min": 0, "max": 2}
        ]
    },
    {
        "type" : "vehicle_part",
        "id" : "2x9mm",
        "name" : "mounted 9mm dual turret",
        "symbol" : "t",
        "color" : "dark_gray",
        "broken_symbol" : "#",
        "broken_color" : "dark_gray",
        "damage_modifier" : 80,
        "durability" : 200,
        "folded_volume": 10,
        "epower" : 25,
        "fuel_type" : "9mm",
        "item" : "2xSMG",
        "size" : 4,
        "difficulty" : 4,
        "location" : "on_roof",
        "flags" : ["FOLDABLE", "TURRET", "CARGO", "SOLAR_PANEL"],
        "breaks_into" : [
            {"item": "scrap", "min": 8, "max": 30},
            {"item": "steel_chunk", "min": 2, "max": 8},
            {"item": "pipe", "min": 0, "max": 6},
            {"item": "cable", "min": 6, "max": 20},
            {"item": "e_scrap", "min": 4, "max": 12},
            {"item": "spring", "min": 0, "max": 2},
            {"item": "plastic_chunk", "min": 0, "max": 4},
            {"item": "solar_cell", "min": 0, "max": 6},
            {"item": "chain", "min": 0, "max": 2},
            {"item": "metal_tank_small", "min": 0, "max": 1}
        ]
    },
    {
        "type" : "vehicle_part",
        "id" : "4x9mm",
        "name" : "mounted 9mm quad cannon",
        "symbol" : "t",
        "color" : "dark_gray",
        "broken_symbol" : "#",
        "broken_color" : "dark_gray",
        "damage_modifier" : 80,
        "durability" : 200,
        "folded_volume": 15,
        "epower" : 25,
        "fuel_type" : "9mm",
        "item" : "4xSMG",
        "size" : 8,
        "difficulty" : 4,
        "location" : "on_roof",
        "flags" : ["FOLDABLE", "TURRET", "CARGO", "SOLAR_PANEL"],
        "breaks_into" : [
            {"item": "scrap", "min": 8, "max": 34},
            {"item": "steel_chunk", "min": 2, "max": 8},
            {"item": "pipe", "min": 0, "max": 8},
            {"item": "cable", "min": 6, "max": 20},
            {"item": "e_scrap", "min": 4, "max": 12},
            {"item": "spring", "min": 0, "max": 2},
            {"item": "plastic_chunk", "min": 0, "max": 4},
            {"item": "solar_cell", "min": 0, "max": 6},
            {"item": "chain", "min": 0, "max": 2},
            {"item": "metal_tank_small", "min": 0, "max": 2}
        ]
    },
    {
        "type" : "vehicle_part",
        "id" : "2x45",
        "name" : "mounted .45 dual turret",
        "symbol" : "t",
        "color" : "dark_gray",
        "broken_symbol" : "#",
        "broken_color" : "dark_gray",
        "damage_modifier" : 80,
        "durability" : 200,
        "folded_volume": 10,
        "epower" : 25,
        "fuel_type" : "45",
        "item" : "2xSMG",
        "size" : 4,
        "difficulty" : 4,
        "location" : "on_roof",
        "flags" : ["FOLDABLE", "TURRET", "CARGO", "SOLAR_PANEL"],
        "breaks_into" : [
            {"item": "scrap", "min": 8, "max": 30},
            {"item": "steel_chunk", "min": 2, "max": 8},
            {"item": "pipe", "min": 0, "max": 6},
            {"item": "cable", "min": 6, "max": 20},
            {"item": "e_scrap", "min": 4, "max": 12},
            {"item": "spring", "min": 0, "max": 2},
            {"item": "plastic_chunk", "min": 0, "max": 4},
            {"item": "solar_cell", "min": 0, "max": 6},
            {"item": "chain", "min": 0, "max": 2},
            {"item": "metal_tank_small", "min": 0, "max": 1}
        ]
    },
    {
        "type" : "vehicle_part",
        "id" : "4x45",
        "name" : "mounted .45 quad cannon",
        "symbol" : "t",
        "color" : "dark_gray",
        "broken_symbol" : "#",
        "broken_color" : "dark_gray",
        "damage_modifier" : 80,
        "durability" : 200,
        "folded_volume": 15,
        "epower" : 25,
        "fuel_type" : "45",
        "item" : "4xSMG",
        "size" : 8,
        "difficulty" : 4,
        "location" : "on_roof",
        "flags" : ["FOLDABLE", "TURRET", "CARGO", "SOLAR_PANEL"],
        "breaks_into" : [
            {"item": "scrap", "min": 8, "max": 34},
            {"item": "steel_chunk", "min": 2, "max": 8},
            {"item": "pipe", "min": 0, "max": 8},
            {"item": "cable", "min": 6, "max": 20},
            {"item": "e_scrap", "min": 4, "max": 12},
            {"item": "spring", "min": 0, "max": 2},
            {"item": "plastic_chunk", "min": 0, "max": 4},
            {"item": "solar_cell", "min": 0, "max": 6},
            {"item": "chain", "min": 0, "max": 2},
            {"item": "metal_tank_small", "min": 0, "max": 2}
        ]
    },
    {
        "type" : "vehicle_part",
        "id" : "2x22",
        "name" : "mounted .22 dual turret",
        "symbol" : "t",
        "color" : "dark_gray",
        "broken_symbol" : "#",
        "broken_color" : "dark_gray",
        "damage_modifier" : 80,
        "durability" : 200,
        "folded_volume": 10,
        "epower" : 25,
        "fuel_type" : "22",
        "item" : "2xSMG",
        "size" : 5,
        "difficulty" : 4,
        "location" : "on_roof",
        "flags" : ["FOLDABLE", "TURRET", "CARGO", "SOLAR_PANEL"],
        "breaks_into" : [
            {"item": "scrap", "min": 8, "max": 30},
            {"item": "steel_chunk", "min": 2, "max": 8},
            {"item": "pipe", "min": 0, "max": 6},
            {"item": "cable", "min": 6, "max": 20},
            {"item": "e_scrap", "min": 4, "max": 12},
            {"item": "spring", "min": 0, "max": 2},
            {"item": "plastic_chunk", "min": 0, "max": 4},
            {"item": "solar_cell", "min": 0, "max": 6},
            {"item": "chain", "min": 0, "max": 2},
            {"item": "metal_tank_small", "min": 0, "max": 1}
        ]
    },
    {
        "type" : "vehicle_part",
        "id" : "4x22",
        "name" : "mounted .22 quad cannon",
        "symbol" : "t",
        "color" : "dark_gray",
        "broken_symbol" : "#",
        "broken_color" : "dark_gray",
        "damage_modifier" : 80,
        "durability" : 200,
        "folded_volume": 15,
        "epower" : 25,
        "fuel_type" : "22",
        "item" : "4xSMG",
        "size" : 10,
        "difficulty" : 4,
        "location" : "on_roof",
        "flags" : ["FOLDABLE", "TURRET", "CARGO", "SOLAR_PANEL"],
        "breaks_into" : [
            {"item": "scrap", "min": 8, "max": 34},
            {"item": "steel_chunk", "min": 2, "max": 8},
            {"item": "pipe", "min": 0, "max": 8},
            {"item": "cable", "min": 6, "max": 20},
            {"item": "e_scrap", "min": 4, "max": 12},
            {"item": "spring", "min": 0, "max": 2},
            {"item": "plastic_chunk", "min": 0, "max": 4},
            {"item": "solar_cell", "min": 0, "max": 6},
            {"item": "chain", "min": 0, "max": 2},
            {"item": "metal_tank_small", "min": 0, "max": 2}
        ]
    },
    {
        "type" : "vehicle_part",
        "id" : "scorpion",
        "name" : "mounted scorpion",
        "symbol" : "t",
        "color" : "brown",
        "broken_symbol" : "#",
        "broken_color" : "brown",
        "damage_modifier" : 80,
        "durability" : 200,
        "folded_volume": 20,
        "fuel_type" : "hbolt",
        "item" : "scorpion",
        "size" : 1,
        "difficulty" : 2,
        "location" : "on_roof",
        "flags" : ["TURRET", "CARGO", "FOLDABLE"],
        "breaks_into" : [
            {"item": "pipe", "min": 0, "max": 6},
            {"item": "spring", "min": 0, "max": 6},
            {"item": "scrap", "min": 6, "max": 24},
            {"item": "steel_chunk", "min": 0, "max": 6},
            {"item": "splinter", "min": 0, "max": 12},
            {"item": "foot_crank", "min": 0, "max": 1},
            {"item": "rope_6", "min": 0, "max": 6},
            {"item": "chain", "min": 0, "max": 1}
        ]
    },
    {
        "type" : "vehicle_part",
        "id" : "slauncher",
        "name" : "mounted spear launcher",
        "symbol" : "t",
        "color" : "brown",
        "broken_symbol" : "#",
        "broken_color" : "ltgray",
        "damage_modifier" : 80,
        "durability" : 200,
        "folded_volume": 15,
        "epower" : 25,
        "fuel_type" : "fishspear",
        "item" : "slauncher",
        "size" : 0,
        "difficulty" : 2,
        "location" : "on_roof",
        "flags" : ["FOLDABLE", "TURRET", "CARGO"],
        "breaks_into" : [
            {"item": "pipe", "min": 0, "max": 10},
            {"item": "spring", "min": 0, "max": 5},
            {"item": "scrap", "min": 6, "max": 20},
            {"item": "steel_chunk", "min": 0, "max": 4},
            {"item": "splinter", "min": 0, "max": 12},
            {"item": "foot_crank", "min": 0, "max": 1},
            {"item": "rope_6", "min": 0, "max": 3}
        ]
    },
    {
        "type" : "vehicle_part",
        "id" : "cangun",
        "name" : "slingshot cannon",
        "symbol" : "t",
        "color" : "brown",
        "broken_symbol" : "#",
        "broken_color" : "brown",
        "damage_modifier" : 80,
        "durability" : 200,
        "folded_volume": 32,
        "fuel_type" : "mininuke_mod",
        "item" : "cangun",
        "size" : 1,
        "difficulty" : 2,
        "location" : "on_roof",
        "flags" : ["TURRET", "CARGO", "FOLDABLE"],
        "breaks_into" : [
            {"item": "pipe", "min": 0, "max": 8},
            {"item": "spring", "min": 0, "max": 4},
            {"item": "scrap", "min": 6, "max": 26},
            {"item": "steel_chunk", "min": 0, "max": 6},
            {"item": "hose", "min": 0, "max": 4},
            {"item": "splinter", "min": 0, "max": 12},
            {"item": "foot_crank", "min": 0, "max": 1},
            {"item": "chain", "min": 0, "max": 1}
        ]
    },
    {
        "type" : "vehicle_part",
        "id" : "tiharturret",
        "name" : "mounted avalanche turret",
        "symbol" : "t",
        "color" : "ltgray",
        "broken_symbol" : "#",
        "broken_color" : "ltgray",
        "damage_modifier" : 80,
        "durability" : 200,
        "folded_volume": 16,
        "fuel_type" : "pebble",
        "item" : "tiharturret",
        "size": 50,
        "difficulty" : 3,
        "location" : "on_roof",
        "flags" : ["TURRET", "CARGO", "FOLDABLE"],
        "breaks_into" : [
            {"item": "scrap", "min": 8, "max": 24},
            {"item": "steel_chunk", "min": 2, "max": 6},
            {"item": "pipe", "min": 0, "max": 12},
            {"item": "cable", "min": 6, "max": 20},
            {"item": "e_scrap", "min": 4, "max": 12},
            {"item": "spring", "min": 0, "max": 2},
            {"item": "plastic_chunk", "min": 0, "max": 4},
            {"item": "solar_cell", "min": 0, "max": 6},
            {"item": "chain", "min": 0, "max": 1},
            {"item": "metal_tank_small", "min": 0, "max": 1},
            {"item": "tihar", "min": 0, "max": 1}
        ]
    },
    {
        "type" : "vehicle_part",
        "id" : "40mmturret",
        "name" : "mounted grenade launcher",
        "symbol" : "t",
        "color" : "red",
        "broken_symbol" : "#",
        "broken_color" : "red",
        "damage_modifier" : 80,
        "durability" : 200,
        "folded_volume": 6,
        "fuel_type" : "40mm",
        "item" : "40mmturret",
        "size" : 2,
        "difficulty" : 2,
        "location" : "on_roof",
        "flags" : ["FOLDABLE", "TURRET", "CARGO"],
        "breaks_into" : [
            {"item": "pipe", "min": 0, "max": 6},
            {"item": "spring", "min": 0, "max": 2},
            {"item": "scrap", "min": 6, "max": 26},
            {"item": "steel_chunk", "min": 0, "max": 6},
            {"item": "chain", "min": 0, "max": 1}
        ]
    },
    {
        "type" : "vehicle_part",
        "id" : "HMG",
        "name" : "mounted MG",
        "symbol" : "t",
        "color" : "dark_gray",
        "broken_symbol" : "#",
        "broken_color" : "dark_gray",
        "damage_modifier" : 80,
        "durability" : 200,
        "folded_volume": 10,
        "fuel_type" : "223",
        "item" : "HMG",
        "size" : 1,
        "difficulty" : 2,
        "location" : "on_roof",
        "flags" : ["FOLDABLE", "TURRET", "CARGO"],
        "breaks_into" : [
            {"item": "pipe", "min": 0, "max": 6},
            {"item": "spring", "min": 0, "max": 2},
            {"item": "scrap", "min": 6, "max": 26},
            {"item": "steel_chunk", "min": 0, "max": 8},
            {"item": "chain", "min": 0, "max": 1}
        ]
    },
    {
        "type" : "vehicle_part",
        "id" : "AUTOHMG",
        "name" : "mounted MG turret",
        "symbol" : "t",
        "color" : "dark_gray",
        "broken_symbol" : "#",
        "broken_color" : "dark_gray",
        "damage_modifier" : 80,
        "durability" : 200,
        "folded_volume": 12,
        "epower" : 25,
        "fuel_type" : "223",
        "item" : "AUTOHMG",
        "size" : 15,
        "difficulty" : 3,
        "location" : "on_roof",
        "flags" : ["FOLDABLE", "TURRET", "CARGO", "SOLAR_PANEL"],
        "breaks_into" : [
            {"item": "scrap", "min": 8, "max": 30},
            {"item": "steel_chunk", "min": 2, "max": 10},
            {"item": "pipe", "min": 0, "max": 4},
            {"item": "cable", "min": 6, "max": 20},
            {"item": "e_scrap", "min": 4, "max": 12},
            {"item": "spring", "min": 0, "max": 2},
            {"item": "plastic_chunk", "min": 0, "max": 4},
            {"item": "solar_cell", "min": 0, "max": 6},
            {"item": "chain", "min": 0, "max": 2}
        ]
    },
    {
        "type" : "vehicle_part",
        "id" : "rslauncher",
        "name" : "mounted rotary speargun",
        "symbol" : "t",
        "color" : "ltgray",
        "broken_symbol" : "#",
        "broken_color" : "ltgray",
        "damage_modifier" : 80,
        "durability" : 200,
        "folded_volume": 15,
        "epower" : 25,
        "fuel_type" : "fishspear",
        "item" : "rslauncher",
        "size" : 5,
        "difficulty" : 4,
        "location" : "on_roof",
        "flags" : ["FOLDABLE", "TURRET", "CARGO", "SOLAR_PANEL"],
        "breaks_into" : [
            {"item": "scrap", "min": 8, "max": 30},
            {"item": "steel_chunk", "min": 2, "max": 9},
            {"item": "pipe", "min": 0, "max": 4},
            {"item": "cable", "min": 6, "max": 20},
            {"item": "e_scrap", "min": 4, "max": 12},
            {"item": "spring", "min": 0, "max": 5},
            {"item": "plastic_chunk", "min": 0, "max": 4},
            {"item": "solar_cell", "min": 0, "max": 6},
            {"item": "chain", "min": 0, "max": 2},
            {"item": "metal_tank", "min": 0, "max": 1}
        ]
    },
    {
        "type" : "vehicle_part",
        "id" : "bolter",
        "name" : "mounted storm bolter",
        "symbol" : "t",
        "color" : "ltgray",
        "broken_symbol" : "#",
        "broken_color" : "ltgray",
        "damage_modifier" : 80,
        "durability" : 200,
        "folded_volume": 18,
        "epower" : 25,
        "fuel_type" : "bolt",
        "item" : "bolter",
        "size" : 40,
        "difficulty" : 4,
        "location" : "on_roof",
        "flags" : ["FOLDABLE", "TURRET", "CARGO", "SOLAR_PANEL"],
        "breaks_into" : [
            {"item": "scrap", "min": 8, "max": 24},
            {"item": "steel_chunk", "min": 2, "max": 6},
            {"item": "pipe", "min": 0, "max": 4},
            {"item": "cable", "min": 6, "max": 20},
            {"item": "e_scrap", "min": 4, "max": 12},
            {"item": "spring", "min": 0, "max": 2},
            {"item": "plastic_chunk", "min": 0, "max": 4},
            {"item": "solar_cell", "min": 0, "max": 6},
            {"item": "chain", "min": 0, "max": 1},
            {"item": "helsing", "min": 0, "max": 1}
        ]
    },    {
        "type" : "vehicle_part",
        "id" : "lasgun",
        "name" : "mounted laser cannon",
        "symbol" : "t",
        "color" : "blue",
        "broken_symbol" : "#",
        "broken_color" : "blue",
        "damage_modifier" : 80,
        "durability" : 100,
        "folded_volume": 18,
        "epower" : 200,
        "fuel_type" : "battery",
        "item" : "lasgun",
        "difficulty" : 4,
        "location" : "on_roof",
        "flags" : ["TURRET", "SOLAR_PANEL", "FOLDABLE", "BATTERY_MOUNT"],
        "breaks_into" : [
            {"item": "scrap", "min": 8, "max": 24},
            {"item": "steel_chunk", "min": 2, "max": 6},
            {"item": "pipe", "min": 0, "max": 4},
            {"item": "cable", "min": 6, "max": 60},
            {"item": "e_scrap", "min": 8, "max": 22},
            {"item": "spring", "min": 0, "max": 2},
            {"item": "plastic_chunk", "min": 0, "max": 6},
            {"item": "solar_cell", "min": 4, "max": 18},
            {"item": "chain", "min": 0, "max": 2}
        ]
    },    {
        "type" : "vehicle_part",
        "id" : "lasguns",
        "name" : "mounted laser",
        "symbol" : "t",
        "color" : "blue",
        "broken_symbol" : "#",
        "broken_color" : "blue",
        "damage_modifier" : 80,
        "durability" : 100,
        "folded_volume": 8,
        "epower" : 200,
        "fuel_type" : "battery",
        "item" : "lasguns",
        "difficulty" : 4,
        "location" : "on_roof",
        "flags" : ["TURRET", "SOLAR_PANEL", "FOLDABLE", "BATTERY_MOUNT"],
        "breaks_into" : [
            {"item": "scrap", "min": 8, "max": 24},
            {"item": "steel_chunk", "min": 2, "max": 6},
            {"item": "pipe", "min": 0, "max": 4},
            {"item": "cable", "min": 6, "max": 60},
            {"item": "e_scrap", "min": 8, "max": 22},
            {"item": "spring", "min": 0, "max": 2},
            {"item": "plastic_chunk", "min": 0, "max": 6},
            {"item": "solar_cell", "min": 4, "max": 18},
            {"item": "chain", "min": 0, "max": 2}
        ]
    },    {
        "type" : "vehicle_part",
        "id" : "lasgunp",
        "name" : "mounted pulse laser",
        "symbol" : "t",
        "color" : "blue",
        "broken_symbol" : "#",
        "broken_color" : "blue",
        "damage_modifier" : 80,
        "durability" : 100,
        "folded_volume": 15,
        "epower" : 200,
        "fuel_type" : "battery",
        "item" : "lasgunp",
        "difficulty" : 4,
        "location" : "on_roof",
        "flags" : ["TURRET", "SOLAR_PANEL", "FOLDABLE", "BATTERY_MOUNT"],
        "breaks_into" : [
            {"item": "scrap", "min": 8, "max": 24},
            {"item": "steel_chunk", "min": 2, "max": 6},
            {"item": "pipe", "min": 0, "max": 4},
            {"item": "cable", "min": 6, "max": 60},
            {"item": "e_scrap", "min": 8, "max": 22},
            {"item": "spring", "min": 0, "max": 2},
            {"item": "plastic_chunk", "min": 0, "max": 6},
            {"item": "solar_cell", "min": 4, "max": 18},
            {"item": "chain", "min": 0, "max": 2}
        ]
    },
    {
        "type" : "vehicle_part",
        "id" : "lasgunx",
        "name" : "mounted turbolaser cannon",
        "symbol" : "t",
        "color" : "magenta",
        "broken_symbol" : "#",
        "broken_color" : "magenta",
        "damage_modifier" : 80,
        "durability" : 100,
        "folded_volume": 24,
        "epower" : 200,
        "fuel_type" : "battery",
        "item" : "lasgunx",
        "difficulty" : 4,
        "location" : "on_roof",
        "flags" : ["TURRET", "SOLAR_PANEL", "FOLDABLE", "BATTERY_MOUNT"],
        "breaks_into" : [
            {"item": "scrap", "min": 8, "max": 24},
            {"item": "steel_chunk", "min": 2, "max": 6},
            {"item": "pipe", "min": 0, "max": 4},
            {"item": "cable", "min": 6, "max": 60},
            {"item": "e_scrap", "min": 8, "max": 22},
            {"item": "spring", "min": 0, "max": 2},
            {"item": "plastic_chunk", "min": 0, "max": 6},
            {"item": "solar_cell", "min": 4, "max": 18},
            {"item": "chain", "min": 0, "max": 2}
        ]
    },
    {
        "type" : "vehicle_part",
        "id" : "wiring",
        "name" : "wiring",
        "symbol" : ".",
        "color" : "white",
        "broken_symbol" : "#",
        "broken_color" : "white",
        "durability" : 10,
        "item" : "wire",
        "difficulty" : 1,
        "location" : "structure",
        "flags" : ["FOLDABLE", "AISLE", "TOOL_NONE"],
        "breaks_into" : [
            {"item": "wire", "min": 0, "max": 1}
        ]
    },
    {
        "type" : "vehicle_part",
        "id" : "gattler",
        "name" : "Gatling cannon",
        "symbol" : "t",
        "color" : "dark_gray",
        "broken_symbol" : "#",
        "broken_color" : "dark_gray",
        "damage_modifier" : 80,
        "durability" : 200,
        "folded_volume": 25,
        "fuel_type" : "ammo_flintlock",
        "item" : "gattler",
        "size" : 40,
        "difficulty" : 3,
        "location" : "on_roof",
        "flags" : ["FOLDABLE", "TURRET", "CARGO", "SOLAR_PANEL"],
        "breaks_into" : [
            {"item": "scrap", "min": 8, "max": 30},
            {"item": "steel_chunk", "min": 2, "max": 12},
            {"item": "pipe", "min": 0, "max": 12},
            {"item": "cable", "min": 6, "max": 20},
            {"item": "e_scrap", "min": 4, "max": 12},
            {"item": "spring", "min": 0, "max": 6},
            {"item": "plastic_chunk", "min": 0, "max": 4},
            {"item": "solar_cell", "min": 0, "max": 6},
            {"item": "chain", "min": 0, "max": 3},
            {"item": "metal_tank", "min": 0, "max": 1}
        ]
    },
    {
        "type" : "vehicle_part",
        "id" : "shardgun",
        "name" : "mounted splintergun",
        "symbol" : "t",
        "color" : "blue",
        "broken_symbol" : "#",
        "broken_color" : "blue",
        "damage_modifier" : 80,
        "durability" : 200,
        "folded_volume": 20,
        "fuel_type" : "BB",
        "item" : "shardgun",
        "size" : 40,
        "difficulty" : 5,
        "location" : "on_roof",
        "flags" : ["TURRET", "CARGO", "FOLDABLE"],
        "breaks_into" : [
            {"item": "scrap", "min": 8, "max": 22},
            {"item": "steel_chunk", "min": 2, "max": 6},
            {"item": "pipe", "min": 0, "max": 4},
            {"item": "cable", "min": 6, "max": 20},
            {"item": "e_scrap", "min": 6, "max": 20},
            {"item": "spring", "min": 0, "max": 2},
            {"item": "plastic_chunk", "min": 0, "max": 4},
            {"item": "solar_cell", "min": 0, "max": 6},
            {"item": "chain", "min": 0, "max": 1},
            {"item": "coilgun", "min": 0, "max": 1}
        ]
    },
    {
        "type" : "vehicle_part",
        "id" : "water_tank_small",
        "name" : "water tank (small)",
        "symbol" : "O",
        "color" : "light_blue",
        "broken_symbol" : "#",
        "broken_color" : "light_blue",
        "damage_modifier" : 80,
        "durability" : 100,
        "size" : 225,
        "fuel_type" : "water",
        "item" : "metal_tank",
        "difficulty" : 1,
        "location" : "fuel_source",
        "flags" : ["FUEL_TANK"],
        "breaks_into" : [
            {"item": "steel_lump", "min": 1, "max": 2},
            {"item": "scrap", "min": 1, "max": 2}
        ]
    },
    {
        "type" : "vehicle_part",
        "id" : "water_tank_little",
        "name" : "water tank (little)",
        "symbol" : "O",
        "color" : "light_blue",
        "broken_symbol" : "#",
        "broken_color" : "light_blue",
        "damage_modifier" : 80,
        "durability" : 75,
        "size" : 45,
        "fuel_type" : "water",
        "item" : "metal_tank_small",
        "difficulty" : 1,
        "location" : "fuel_source",
        "flags" : ["FUEL_TANK"],
        "breaks_into" : [
            {"item": "scrap", "min": 1, "max": 2}
        ]
    },
    {
        "type" : "vehicle_part",
        "id" : "flamethrower1",
        "name" : "mounted flamethrower",
        "symbol" : "t",
        "color" : "red",
        "broken_symbol" : "#",
        "broken_color" : "red",
        "damage_modifier" : 80,
        "durability" : 400,
        "folded_volume": 18,
        "fuel_type" : "gasoline",
        "item" : "flamethrower1",
        "difficulty" : 3,
        "location" : "on_roof",
        "flags" : ["TURRET", "FOLDABLE"],
        "breaks_into" : [
            {"item": "scrap", "min": 8, "max": 26},
            {"item": "steel_chunk", "min": 2, "max": 8},
            {"item": "pipe", "min": 0, "max": 4},
            {"item": "cable", "min": 6, "max": 20},
            {"item": "e_scrap", "min": 4, "max": 12},
            {"item": "spring", "min": 0, "max": 2},
            {"item": "plastic_chunk", "min": 0, "max": 4},
            {"item": "solar_cell", "min": 0, "max": 6},
            {"item": "chain", "min": 0, "max": 2},
            {"item": "metal_tank_little", "min": 0, "max": 1},
            {"item": "hose", "min": 0, "max": 2},
            {"item": "flamethrower_simple", "min": 0, "max": 1}
        ]
    },
    {
        "type" : "vehicle_part",
        "id" : "flamethrower2",
        "name" : "mounted flamecaster",
        "symbol" : "t",
        "color" : "red",
        "broken_symbol" : "#",
        "broken_color" : "red",
        "damage_modifier" : 80,
        "durability" : 400,
        "folded_volume": 19,
        "fuel_type" : "gasoline",
        "item" : "flamethrower2",
        "difficulty" : 3,
        "location" : "on_roof",
        "flags" : ["TURRET", "FOLDABLE"],
        "breaks_into" : [
            {"item": "scrap", "min": 8, "max": 22},
            {"item": "steel_chunk", "min": 2, "max": 6},
            {"item": "pipe", "min": 0, "max": 4},
            {"item": "cable", "min": 6, "max": 20},
            {"item": "e_scrap", "min": 4, "max": 12},
            {"item": "spring", "min": 0, "max": 2},
            {"item": "plastic_chunk", "min": 0, "max": 4},
            {"item": "solar_cell", "min": 0, "max": 6},
            {"item": "chain", "min": 0, "max": 2},
            {"item": "metal_tank_little", "min": 0, "max": 1},
            {"item": "hose", "min": 0, "max": 2},
            {"item": "flamethrower", "min": 0, "max": 1}
        ]
    },
    {
        "type" : "vehicle_part",
        "id" : "flamethrower3",
        "name" : "mounted dragon turret",
        "symbol" : "t",
        "color" : "red",
        "broken_symbol" : "#",
        "broken_color" : "red",
        "damage_modifier" : 80,
        "durability" : 400,
        "folded_volume": 20,
        "fuel_type" : "gasoline",
        "item" : "flamethrower3",
        "difficulty" : 3,
        "location" : "on_roof",
        "flags" : ["TURRET", "FOLDABLE"],
        "breaks_into" : [
            {"item": "scrap", "min": 8, "max": 22},
            {"item": "steel_chunk", "min": 2, "max": 6},
            {"item": "pipe", "min": 0, "max": 4},
            {"item": "cable", "min": 6, "max": 20},
            {"item": "e_scrap", "min": 4, "max": 12},
            {"item": "spring", "min": 0, "max": 2},
            {"item": "plastic_chunk", "min": 0, "max": 4},
            {"item": "solar_cell", "min": 0, "max": 6},
            {"item": "chain", "min": 0, "max": 2},
            {"item": "metal_tank_little", "min": 0, "max": 1},
            {"item": "hose", "min": 0, "max": 2},
            {"item": "rm451_flamethrower", "min": 0, "max": 1}
        ]
    },
    {
        "type" : "vehicle_part",
        "id" : "cargo_space_external",
        "name" : "external cargo carrier",
        "symbol" : "=",
        "color" : "light_gray",
        "broken_symbol" : "#",
        "broken_color" : "dark_gray",
        "durability" : 250,
        "size" : 1000,
        "item" : "cargo_rack",
        "difficulty" : 3,
        "location" : "structure",
        "flags" : ["UNMOUNT_ON_DAMAGE", "CARGO", "PROTRUSION", "COVERED"],
        "breaks_into" : []
    },
    {
        "type" : "vehicle_part",
        "id" : "ram_military_horizontal",
        "name" : "military composite ram",
        "symbol" : "X",
        "color" : "green",
        "broken_symbol" : "*",
        "broken_color" : "green",
        "durability" : 3250,
        "item" : "mil_plate",
        "difficulty" : 2,
        "location" : "structure",
        "flags" : ["PROTRUSION"],
        "breaks_into" : [
            {"item": "steel_lump", "min": 4, "max": 6},
            {"item": "steel_chunk", "min": 4, "max": 6},
            {"item": "scrap", "min": 4, "max": 6},
            {"item": "ceramic_armor", "min": 0, "max": 4}
        ]
    },
    {
        "type" : "vehicle_part",
        "id" : "ram_steel",
        "name" : "steel ram",
        "symbol" : "X",
        "color" : "light_cyan",
        "broken_symbol" : "*",
        "broken_color" : "light_cyan",
        "durability" : 1000,
        "item" : "steel_plate",
        "difficulty" : 2,
        "location" : "structure",
        "flags" : ["PROTRUSION"],
        "breaks_into" : [
            {"item": "steel_lump", "min": 2, "max": 4},
            {"item": "steel_chunk", "min": 3, "max": 5},
            {"item": "scrap", "min": 4, "max": 6}
        ]
    },
    {
        "type" : "vehicle_part",
        "id" : "ram_wood",
        "name" : "wooden ram",
        "symbol" : "X",
        "color" : "brown",
        "broken_symbol" : "*",
        "broken_color" : "brown",
        "durability" : 300,
        "item" : "wood_plate",
        "difficulty" : 2,
        "location" : "structure",
        "flags" : ["PROTRUSION"],
        "breaks_into" : [
            {"item": "splinter", "min": 7, "max": 9}
        ]
    },
    {
        "type" : "vehicle_part",
        "id" : "ram_hardsteel",
        "name" : "heavy steel ram",
        "symbol" : "X",
        "color" : "cyan",
        "broken_symbol" : "*",
        "broken_color" : "cyan",
        "durability" : 2300,
        "item" : "hard_plate",
        "difficulty" : 2,
        "location" : "structure",
        "flags" : ["PROTRUSION"],
        "breaks_into" : [
            {"item": "steel_lump", "min": 4, "max": 6},
            {"item": "steel_chunk", "min": 4, "max": 6},
            {"item": "scrap", "min": 4, "max": 6}
        ]
    },
    {
        "type" : "vehicle_part",
        "id" : "ram_alloy",
        "name" : "superalloy ram",
        "symbol" : "X",
        "color" : "dark_gray",
        "broken_symbol" : "*",
        "broken_color" : "dark_gray",
        "durability" : 900,
        "item" : "alloy_plate",
        "difficulty" : 2,
        "location" : "structure",
        "flags" : ["PROTRUSION"],
        "breaks_into" : [
            {"item": "steel_lump", "min": 4, "max": 6},
            {"item": "steel_chunk", "min": 4, "max": 6},
            {"item": "scrap", "min": 4, "max": 6}
        ]
    },
    {
        "type" : "vehicle_part",
        "id" : "basketsm_external",
        "name" : "wire bike basket",
        "symbol" : "o",
        "color" : "brown",
        "broken_symbol" : "#",
        "broken_color" : "brown",
        "damage_modifier" : 60,
        "durability" : 75,
        "size" : 60,
        "item" : "wire",
        "difficulty" : 1,
        "location" : "structure",
        "flags" : ["UNMOUNT_ON_DAMAGE", "CARGO", "PROTRUSION"]
    },
    {
        "type" : "vehicle_part",
        "id" : "basketlg_external",
        "name" : "shopping cart basket",
        "symbol" : "o",
        "color" : "brown",
        "broken_symbol" : "#",
        "broken_color" : "brown",
        "damage_modifier" : 60,
        "durability" : 75,
        "size" : 200,
        "item" : "basket",
        "difficulty" : 1,
        "location" : "structure",
        "flags" : ["UNMOUNT_ON_DAMAGE", "CARGO", "PROTRUSION"]
    },
    {
        "type" : "vehicle_part",
        "id" : "ram_spiked",
        "name" : "spiked ram",
        "symbol" : "X",
        "color" : "red",
        "broken_symbol" : "*",
        "broken_color" : "red",
        "damage_modifier" : 150,
        "durability" : 900,
        "item" : "spiked_plate",
        "difficulty" : 3,
        "location" : "structure",
        "flags" : ["PROTRUSION"],
        "breaks_into" : [
            {"item": "steel_lump", "min": 4, "max": 6},
            {"item": "steel_chunk", "min": 4, "max": 6},
            {"item": "scrap", "min": 4, "max": 6},
            {"item": "spike", "min": 0, "max": 2}
        ]
    },
    {
        "type" : "vehicle_part",
        "id" : "ram_body",
        "name" : "body ram",
        "symbol" : "X",
        "color" : "light_red",
        "broken_symbol" : "*",
        "broken_color" : "light_red",
        "durability" : 50,
        "item" : "corpse",
        "difficulty" : 1,
        "location" : "structure",
        "flags" : ["PROTRUSION"],
        "breaks_into" : [
            {"item": "meat_tainted", "min": 4, "max": 6}
        ]
    },
    {
        "type" : "vehicle_part",
        "id" : "ripper",
        "name" : "mounted ripper",
        "symbol" : "*",
        "color" : "dark_gray",
        "broken_symbol" : "x",
        "broken_color" : "dark_gray",
        "damage_modifier" : 500,
        "durability" : 500,
        "fuel_type" : "ripdisk",
        "power" : -50,
        "item" : "ripper",
        "size" : 12,
        "difficulty" : 5,
        "location" : "structure",
        "flags" : ["UNMOUNT_ON_DAMAGE", "SHARP", "PROTRUSION", "TURRET", "CARGO"],
        "breaks_into" : []
    },
    {
        "type" : "vehicle_part",
        "id" : "tearer",
        "name" : "mounted shredder",
        "symbol" : "*",
        "color" : "dark_gray",
        "broken_symbol" : "x",
        "broken_color" : "dark_gray",
        "durability" : 500,
        "folded_volume": 35,
        "fuel_type" : "ripdisk",
        "power" : -50,
        "item" : "ripper",
        "size" : 36,
        "difficulty" : 5,
        "location" : "on_roof",
        "flags" : ["UNMOUNT_ON_DAMAGE","TURRET", "CARGO"],
        "breaks_into" : []
    },
    {
        "type" : "vehicle_part",
        "id" : "rebar_plate",
        "name" : "rebar reinforcement",
        "symbol" : "X",
        "color" : "dark_gray",
        "broken_symbol" : "*",
        "broken_color" : "ltgray",
        "durability" : 150,
        "item" : "rebar_plate",
        "difficulty" : 2,
        "location" : "armor",
        "flags" : ["ARMOR"],
        "breaks_into" : [
            {"item": "rebar", "min": 0, "max": 2},
            {"item": "scrap", "min": 0, "max": 2}
        ]
    },
    {
        "type" : "vehicle_part",
        "id" : "spring_plate",
        "name" : "shock absorber",
        "symbol" : "X",
        "color" : "dark_gray",
        "broken_symbol" : "*",
        "broken_color" : "dark_gray",
        "durability" : 1500,
        "item" : "spring_plate",
        "difficulty" : 4,
        "location" : "armor",
        "flags" : ["ARMOR"],
        "breaks_into" : [
            {"item": "scrap", "min": 1, "max": 5},
            {"item": "spring", "min": 0, "max": 4}
        ]
    }
]
