[
   {
    "comment": "Turrets use volume as a measure of dispersion and recoil doesn't affect vehicles; so for the moment, I left those as zero. This will change as soon as these issues are addressed.",
    "id": "nx17p",
    "type": "GUN",
    "symbol": "(",
    "color": "blue",
    "name": "NX-17 Pulse Turret",
    "description": "A rotating frame fully outfitted with targeting and movement systems. A powerful energy rifle is mounted on it; the addition of a capacitor allows the weapon to fire in controlled bursts.",
    "price": 1500000,
    "material": ["steel", "plastic"],
    "ammo_effects": ["INCENDIARY"],
    "flags": ["NO_AMMO", "NEVER_JAMS", "MODE_BURST", "NO_UNLOAD", "USE_UPS_40", "MOUNTED_GUN"],
    "skill": "rifle",
    "ammo": "UPS",
    "weight": 30862,
    "volume": 18,
    "bashing": 8,
    "cutting": 0, 
    "to_hit": -1,
    "ranged_damage": 30,
    "pierce": 5,
    "range": 9,
    "dispersion": 0,
    "sight_dispersion": 150,
    "aim_speed" : 0,
    "recoil": 0,
    "durability": 8,
    "burst": 3,
    "clip_size": 0,
    "reload": 0,
    "valid_mod_locations": []
  },
  {
    "id": "teslagun",
    "type": "GUN",
    "symbol": "(",
    "color": "blue",
    "name": "Tesla Coil",
    "description": "This alteration of the Chain Lightning bionic fires articial lightning bolts that arc to nearby enemies. It must be attached to a large power source, but it allows for much more powerful bolts.",
    "price": 280000,
    "material": ["steel", "plastic"],
    "ammo_effects": ["BOUNCE", "LIGHTNING", "MOUNTED_GUN"],
    "flags": ["NO_AMMO", "NEVER_JAMS",  "NO_UNLOAD", "USE_UPS_200"],
    "skill": "rifle",
    "ammo": "UPS",
    "weight": 58862,
    "volume": 24,
    "bashing": 8,
    "cutting": 0, 
    "to_hit": -1,
    "ranged_damage": 30,
    "range": 8,
    "dispersion": 0,
    "sight_dispersion": 0,
    "aim_speed" : 0,
    "recoil": 0,
    "durability": 8,
    "burst": 1,
    "clip_size": 0,
    "reload": 0,
    "valid_mod_locations": []
  },
  {
    "id": "nx17s",
    "type": "GUN",
    "symbol": "(",
    "color": "blue",
    "name": "NX-17 Energy Turret",
    "description": "A rotating frame fully outfitted with targeting and movement systems. A powerful energy rifle is mounted on it.",
    "price": 1250000,
    "material": ["steel", "plastic"],
    "ammo_effects": ["INCENDIARY"],
    "flags": ["NO_AMMO","NEVER_JAMS", "NO_UNLOAD", "USE_UPS_10", "MOUNTED_GUN"],
    "skill": "rifle",
    "ammo": "NULL",
    "weight": 23862,
    "volume": 15,
    "bashing": 8,
    "cutting": 0, 
    "to_hit": -1,
    "ranged_damage": 30,
    "pierce": 5,
    "range": 9,
    "dispersion": 0,
    "sight_dispersion": 150,
    "aim_speed" : 0,
    "recoil": 0,
    "durability": 8,
    "burst": 1,
    "clip_size": 0,
    "reload": 0,
    "valid_mod_locations": []
  },
  {
    "id": "lasgun",
    "type": "GUN",
    "symbol": "(",
    "color": "blue",
    "name": "Laser Cannon",
    "description": "This turret-mounted laser may lack the damage capabilities of conventional heavy weapons, but it's a scientifically proven fact that traveling at the speed of light does wonders for one's overall deadliness.",
    "price": 270000,
    "material": ["steel", "plastic"],
    "ammo_effects": ["LASER"],
    "flags": ["NO_AMMO", "NEVER_JAMS", "NO_UNLOAD", "USE_UPS_40", "MOUNTED_GUN"],
    "skill": "rifle",
    "ammo": "UPS",
    "weight": 21398,
    "volume": 18,
    "bashing": 8,
    "cutting": 0,
    "to_hit": -1,
    "ranged_damage": 50,
    "pierce": 20,
    "range": 9,
    "dispersion": 0,
    "sight_dispersion": 150,
    "aim_speed" : 0,
    "recoil": 0,
    "durability": 8,
    "clip_size": 0,
    "reload": 0,
    "valid_mod_locations": []
  },
  {
    "id": "lasgunx",
    "type": "GUN",
    "symbol": "(",
    "color": "magenta",
    "name": "Turbolaser Cannon",
    "description": "With an augmented emitter and capacitor, this turret-mounted laser is capable of superheating most materials to the point of exploding. Though one must be wary of the prodigious power needs of such a weapon.",
    "price": 750000,
    "material": ["steel", "plastic"],
    "ammo_effects": ["EXPLOSIVE", "LASER"],
    "flags": ["NO_AMMO", "LASER", "NEVER_JAMS", "NO_UNLOAD", "USE_UPS_250", "MOUNTED_GUN"],
    "skill": "rifle",
    "ammo": "UPS",
    "weight": 26398,
    "volume": 24,
    "bashing": 8,
    "cutting": 0,
    "to_hit": -1,
    "ranged_damage": 50,
    "pierce": 30,
    "range": 9,
    "dispersion": 0,
    "sight_dispersion": 150,
    "aim_speed" : 0,
    "recoil": 0,
    "durability": 8,
    "clip_size": 0,
    "reload": 0,
    "valid_mod_locations": []
  },
  {
    "id": "lasgunp",
    "type": "GUN",
    "symbol": "(",
    "color": "blue",
    "name": "Pulse Laser",
    "description": "Although the laser weapon mounted on this turret frame has rather low damage capability, it is capable of firing rapid bursts and is quite effective at piercing armor.",
    "price": 750000,
    "material": ["steel", "plastic"],
    "ammo_effects": ["LASER"],
    "flags": ["NO_AMMO", "LASER", "NEVER_JAMS", "NO_UNLOAD", "USE_UPS_40", "MOUNTED_GUN"],
    "skill": "rifle",
    "ammo": "UPS",
    "weight": 22398,
    "volume": 20,
    "bashing": 8,
    "cutting": 0,
    "to_hit": -1,
    "ranged_damage": 20,
    "pierce": 15,
    "range": 9,
    "dispersion": 0,
    "sight_dispersion": 150,
    "aim_speed" : 0,
    "recoil": 0,
    "durability": 8,
    "burst": 6,
    "clip_size": 0,
    "reload": 0,
    "valid_mod_locations": []
  },
  {
    "id": "lasguns",
    "type": "GUN",
    "symbol": "(",
    "color": "blue",
    "name": "Laser Turret",
    "description": "A laser weapon mounted on a rotating frame, it's damage output is rather lacking, but is capable of piercing armor.",
    "price": 750000,
    "material": ["steel", "plastic"],
    "ammo_effects": ["LASER"],
    "flags": ["NO_AMMO", "LASER", "NEVER_JAMS", "NO_UNLOAD", "USE_UPS_10", "MOUNTED_GUN"],
    "skill": "rifle",
    "ammo": "UPS",
    "weight": 17398,
    "volume": 15,
    "bashing": 8,
    "cutting": 0,
    "to_hit": -1,
    "ranged_damage": 25,
    "pierce": 20,
    "range": 9,
    "dispersion": 0,
    "sight_dispersion": 150,
    "aim_speed" : 0,
    "recoil": 0,
    "durability": 8,
    "burst": 1,
    "clip_size": 0,
    "reload": 0,
    "valid_mod_locations": []
  },
  {
    "id": "4xnailer",
    "type": "GUN",
    "symbol": "(",
    "color": "dark_gray",
    "name": "Quad Nail Turret",
    "name_plural": "Quad Nail Turrets",
    "description": "A rotating frame fully outfitted with targeting and movement systems. The four nailguns mounted on it can drive nails into their target's coffins in moments.",
    "price": 170000,
    "material": ["steel", "plastic"],
    "flags": ["MODE_BURST", "MOUNTED_GUN"],
    "skill": "rifle",
    "ammo": "nail",
    "weight": 55668,
    "volume": 24,
    "bashing": 12,
    "cutting": 0,
    "to_hit": -1,
    "ranged_damage": 13,
    "pierce": 12,
    "range": 8,
    "dispersion": 20,
    "sight_dispersion": 150,
    "aim_speed" : 0,
    "recoil": 20,
    "durability": 8,
    "burst": 12,
    "clip_size": 0,
    "reload": 5000,
    "valid_mod_locations": []
  },
  {
    "id": "2xnailer",
    "type": "GUN",
    "symbol": "(",
    "color": "dark_gray",
    "name": "Dual Nail Turret",
    "name_plural": "Dual Nail Turrets",
    "description": "A rotating frame fully outfitted with targeting and movement systems. The two mounted nailguns will drop the hammer on their unfortunate targets.",
    "price": 110000,
    "material": ["steel", "plastic"],
    "flags": ["MODE_BURST", "MOUNTED_GUN"],
    "skill": "rifle",
    "ammo": "nail",
    "weight": 41068,
    "volume": 20,
    "bashing": 12,
    "cutting": 0,
    "to_hit": -1,
    "ranged_damage": 13,
    "pierce": 12,
    "range": 8,
    "dispersion": 10,
    "sight_dispersion": 150,
    "aim_speed" : 0,
    "recoil": 20,
    "durability": 8,
    "burst": 6,
    "clip_size": 0,
    "reload": 2750,
    "valid_mod_locations": []
  },
  {
    "id": "2xSMG",
    "type": "GUN",
    "symbol": "(",
    "color": "dark_gray",
    "name": "Dual SMG Turret",
    "name_plural": "Dual SMG Turrets",
    "description": "A rotating frame fully outfitted with targeting and movement systems. A pair of dangerous looking SMGs are mounted on it. It's accompanied with several sets of tools and equipment to allow multiple types of ammunition to be loaded; though a refit takes quite a bit of time.",
    "price": 240000,
    "material": ["steel", "plastic"],
    "flags": ["MODE_BURST", "MOUNTED_GUN"],
    "skill": "rifle",
    "ammo": "9mm",
    "weight": 31868,
    "volume": 20,
    "bashing": 18,
    "cutting": 0,
    "to_hit": -1,
    "ranged_damage": 18,
    "dispersion": 6,
    "sight_dispersion": 150,
    "aim_speed" : 0,
    "recoil": 20,
    "durability": 8,
    "burst": 4,
    "clip_size": 0,
    "reload": 1500,
    "valid_mod_locations": []
  },
  {
    "id": "4xSMG",
    "type": "GUN",
    "symbol": "(",
    "color": "dark_gray",
    "name": "Quad SMG Turret",
    "name_plural": "Quad SMG Turrets",
    "description": "A rotating frame fully outfitted with targeting and movement systems. A quartet of dangerous looking SMGs are mounted on it. It's accompanied with several sets of tools and equipment to allow multiple types of ammunition to be loaded; though a refit takes quite a bit of time.",
    "price": 380000,
    "material": ["steel", "plastic"],
    "flags": ["MODE_BURST", "MOUNTED_GUN"],
    "skill": "rifle",
    "ammo": "9mm",
    "weight": 40268,
    "volume": 26,
    "bashing": 12,
    "cutting": 0,
    "to_hit": -1,
    "ranged_damage": 18,
    "range": 20,
    "dispersion": 10,
    "sight_dispersion": 150,
    "aim_speed" : 0,
    "recoil": 12,
    "durability": 8,
    "burst": 8,
    "clip_size": 0,
    "reload": 3000,
    "valid_mod_locations": []
  },
  {
    "id": "scorpion",
    "type": "GUN",
    "symbol": "(",
    "color": "dark_gray",
    "name": "Scorpion Turret",
    "name_plural": "Scorpion Turrets",
    "description": "This massive crossbow is mounted on a rotating frame. The hand-crank allows one to draw it without the need for heavy labor.",
    "price": 150000,
    "material": ["wood", "steel"],
    "flags": ["NEVER_JAMS", "MOUNTED_GUN"],
    "skill": "archery",
    "ammo": "hbolt",
    "weight": 38948,
    "volume": 26,
    "bashing": 12,
    "cutting": 0,
    "to_hit": -1,
    "ranged_damage": 80,
    "pierce": 40,
    "range": 15,
    "dispersion": 0,
    "sight_dispersion": 150,
    "aim_speed" : 0,
    "recoil": 0,
    "durability": 8,
    "burst": 1,
    "clip_size": 0,
    "reload": 750,
    "valid_mod_locations": []
  },{
    "id": "rslauncher",
    "type": "GUN",
    "symbol": "(",
    "color": "ltgray",
    "name": "Rotary Spear Turret",
    "name_plural": "Rotary Spear Turrets",
    "description": "A rotating frame fully outfitted with targeting and movement systems. This mounted pneumatic speargun features a revolving barrel behind its launcher; an automated loading system allows for repeated volleys to be fired without an operator.",
    "price": 280000,
    "material": ["steel", "plastic"],
    "flags": ["MODE_BURST", "NEVER_JAMS", "MOUNTED_GUN"],
    "skill": "rifle",
    "ammo": "fishspear",
    "weight": 18500,
    "volume": 22,
    "bashing": 12,
    "cutting": 0,
    "to_hit": -1,
    "ranged_damage": 60,
    "pierce": 20,
    "range": 10,
    "dispersion": 0,
    "sight_dispersion": 150,
    "aim_speed" : 0,
    "recoil": 0,
    "durability": 8,
    "burst": 3,
    "clip_size": 0,
    "reload": 2500,
    "valid_mod_locations": []
  },{
    "id": "slauncher",
    "type": "GUN",
    "symbol": "(",
    "color": "ltgray",
    "name": "Spear Turret",
    "name_plural": "Spear Turrets",
    "description": "A tension-operated speargun mounted on a rotating frame. A hand-crank lets one draw the strings quickly.",
    "price": 110000,
    "material": ["steel", "plastic"],
    "flags": ["NEVER_JAMS", "MOUNTED_GUN"],
    "skill": "rifle",
    "ammo": "fishspear",
    "weight": 10500,
    "volume": 20,
    "bashing": 12,
    "cutting": 0,
    "to_hit": -1,
    "ranged_damage": 75,
    "pierce": 20,
    "range": 12,
    "dispersion": 0,
    "sight_dispersion": 150,
    "aim_speed" : 0,
    "recoil": 0,
    "durability": 8,
    "burst": 1,
    "clip_size": 0,
    "reload": 750,
    "valid_mod_locations": []
  },
  {
    "id": "cangun",
    "type": "GUN",
    "symbol": "(",
    "color": "ltgray",
    "name": "Slingshot Cannon",
    "name_plural": "Slingshot Cannons",
    "description": "Essentially several long drawstrings held by two long, reinforced rails and a mechanism attached to a crank to draw and fire it. It's deceptively powerful and surprisingly accurate, but far too large to be used without some sort of stable platform.",
    "price": 60000,
    "material": ["steel", "plastic"],
    "flags": ["NEVER_JAMS", "MOUNTED_GUN"],
    "skill": "launcher",
    "ammo": "mininuke_mod",
    "weight": 22148,
    "volume": 37,
    "bashing": 12,
    "cutting": 0,
    "to_hit": -1,
    "ranged_damage": 40,
    "range": 12,
    "dispersion": 3,
    "sight_dispersion": 150,
    "aim_speed" : 0,
    "recoil": 0,
    "durability": 8,
    "burst": 1,
    "clip_size": 0,
    "reload": 1000,
    "valid_mod_locations": []
  },
  {
    "id": "tiharturret",
    "type": "GUN",
    "symbol": "(",
    "color": "ltgray",
    "name": "Avalanche Turret",
    "name_plural": "Avalanche Turrets",
    "description": "This pneumatic assault rifle has been greatly enhanced, firing projectiles faster and with higher velocity. It is capable of acquiring targets and maintaining itself with little further input.",
    "price": 155000,
    "material": "steel",
    "skill": "rifle",
    "flags": ["MODE_BURST", "NEVER_JAMS", "MOUNTED_GUN"],
    "ammo": "pebble",
    "weight": 23878,
    "volume": 24,
    "bashing": 6,
    "cutting": 0,
    "to_hit": -3,
    "ranged_damage": 10,
    "range": 8,
    "dispersion": 3,
    "sight_dispersion": 150,
    "aim_speed" : 0,
    "recoil": 0,
    "durability": 9,
    "burst": 5,
    "clip_size": 0,
    "reload": 2000
  },  {
    "id": "gattler",
    "type": "GUN",
    "symbol": "(",
    "color": "ltgray",
    "name": "Gatling Cannon Turret",
    "name_plural": "Gatling Cannon Turrets",
    "description": "Mounted on a rotating frame, this fearsome weapon sports 8 barrels in a cyclic configuration. A specialized magazine loads the otherwise troublesome rounds; allowing it to be fired in quick succession.",
    "price": 80000,
    "material": ["steel", "plastic"],
    "flags": ["MODE_BURST", "NEVER_JAMS", "MOUNTED_GUN"],
    "ammo_effects": ["SHOT"],
    "skill": "rifle",
    "ammo": "ammo_flintlock",
    "weight": 33948,
    "volume": 28,
    "bashing": 12,
    "cutting": 0,
    "to_hit": -1,
    "ranged_damage": 30,
    "range": 8,
    "dispersion": 3,
    "sight_dispersion": 150,
    "aim_speed" : 0,
    "recoil": 0,
    "durability": 8,
    "burst": 3,
    "clip_size": 0,
    "reload": 750,
    "valid_mod_locations": []
  },
  {
    "id": "HMG",
    "type": "GUN",
    "symbol": "(",
    "color": "dark_gray",
    "name": "Machine Gun Turret",
    "name_plural": "Machine Gun Turrets",
    "description": "An M249 mounted on a rotary platform. Having a stable firing platform greatly reduces recoil; thus increasing accuracy. Can hold 40 rounds at the ready.",
    "price": 2000000,
    "material": ["steel", "plastic"],
    "flags": ["MODE_BURST", "NEVER_JAMS", "MOUNTED_GUN"],
    "skill": "rifle",
    "ammo": "223",
    "weight": 18648,
    "volume": 17,
    "bashing": 12,
    "cutting": 0,
    "to_hit": -1,
    "ranged_damage": 30,
    "dispersion": 5,
    "sight_dispersion": 150,
    "aim_speed" : 0,
    "recoil": 0,
    "durability": 7,
    "burst": 5,
    "clip_size": 0,
    "reload": 750
  },  {
    "id": "AUTOHMG",
    "type": "GUN",
    "symbol": "(",
    "color": "dark_gray",
    "name": "Automated Machine Gun Turret",
    "name_plural": "Automated Machine Gun Turrets",
    "description": "An M249 mounted on a powered rotary platform. Sports an automated reload and target acquisition system to be able to function with little input.",
    "price": 2200000,
    "material": ["steel", "plastic"],
    "flags": ["MODE_BURST", "NEVER_JAMS", "MOUNTED_GUN"],
    "skill": "rifle",
    "ammo": "223",
    "weight": 24768,
    "volume": 20,
    "bashing": 12,
    "cutting": 0,
    "to_hit": -1,
    "ranged_damage": 30,
    "range": 20,
    "dispersion": 5,
    "sight_dispersion": 150,
    "aim_speed" : 0,
    "recoil": 0,
    "durability": 7,
    "burst": 5,
    "clip_size": 0,
    "reload": 750
  },
  {
    "id": "40mmturret",
    "type": "GUN",
    "symbol": "(",
    "color": "dark_gray",
    "name": "Grenade Launcher Mount",
    "description": "A single-shot grenade launcher on a rotating frame, having a stable firing platform greatly increases accuracy and reduces recoil.",
    "price": 250000,
    "material": "steel",
    "skill": "launcher",
    "flags": ["RELOAD_ONE", "NEVER_JAMS", "MOUNTED_GUN"],
    "ammo": "40mm",
    "weight": 12868,
    "volume": 12,
    "bashing": 6,
    "cutting": 0,
    "to_hit": -3,
    "ranged_damage": 50,
    "range": 16,
    "dispersion": 8,
    "sight_dispersion": 150,
    "aim_speed" : 0,
    "recoil": 0,
    "durability": 9,
    "clip_size": 0,
    "reload": 150
  },
  {
    "id": "bolter",
    "type": "GUN",
    "symbol": "(",
    "color": "dark_gray",
    "name": "Storm Bolter Turret",
    "description": "This pneumatic bolt thrower has been greatly enhanced, allowing multiple bolts to be launched accurately and in quick succession. It is capable of acquiring targets and maintaining itself with little further input.",
    "price": 350000,
    "material": "steel",
    "skill": "rifle",
    "flags": ["MODE_BURST", "NEVER_JAMS", "MOUNTED_GUN"],
    "ammo": "bolt",
    "weight": 31878,
    "volume": 17,
    "bashing": 6,
    "cutting": 0,
    "to_hit": -3,
    "ranged_damage": 16,
    "range": 8,
    "dispersion": 5,
    "sight_dispersion": 150,
    "aim_speed" : 0,
    "recoil": 0,
    "durability": 9,
    "burst": 3,
    "clip_size": 0,
    "reload": 150
  },
  {
    "id": "shardgun",
    "type": "GUN",
    "symbol": "(",
    "color": "light_blue",
    "name": "Splintergun Turret",
    "name_plural": "Splintergun Turrets",
    "description": "A rotating frame fully outfitted with targeting and movement systems. It mounts a heavily modified coilgun that fires tiny fragments of metal at high speeds extremely quickly. The resulting barrage is highly inaccurate, but can turn unarmored targets into pulp.",
    "price": 50000,
    "material": ["steel", "plastic"],
    "flags": ["MODE_BURST", "USE_UPS_10", "MOUNTED_GUN"],
    "skill": "rifle",
    "ammo": "BB",
    "weight": 30668,
    "volume": 20,
    "bashing": 12,
    "cutting": 0,
    "to_hit": -1,
    "ranged_damage": 3 ,
    "range": 6,
    "dispersion": 200,
    "sight_dispersion": 150,
    "aim_speed" : 0,
    "recoil": 0,
    "durability": 5,
    "burst": 20,
    "clip_size": 0,
    "reload": 750,
    "valid_mod_locations": []
  },
  {
    "id": "flamethrower1",
    "type": "GUN",
    "symbol": "(",
    "color": "light_gray",
    "name": "Flamethrower Turret",
    "description": "This simple, home-made flamethrower has been mounted on a powered, rotating frame. It's been programmed to acquire targets on its own, but requires an external fuel source. Its fuel efficiency leaves a bit to be desired.",
    "price": 160000,
    "material": ["steel", "plastic"],
    "flags": ["FIRE_100", "NEVER_JAMS", "MOUNTED_GUN", "NO_BOOM"],
    "skill": "launcher",
    "ammo": "gasoline",
    "weight": 22907,
    "volume": 18,
    "bashing": 8,
    "cutting": 0,
    "to_hit": -1,
    "ranged_damage": 15,
    "range": 5,
    "dispersion": 3,
    "sight_dispersion": 150,
    "aim_speed" : 0,
    "recoil": 0,
    "durability": 6,
    "burst": 1,
    "clip_size": 0,
    "reload": 800
  },
  {
    "id": "flamethrower2",
    "type": "GUN",
    "symbol": "(",
    "color": "dark_gray",
    "name": "Flamecaster Turret",
    "description": "This large flamethrower has been mounted on a powered, rotating frame. It's been modified to acquire targets on its own, but requires an external fuel source. Flame on!",
    "price": 420000,
    "material": "steel",
    "flags": ["FIRE_50", "NEVER_JAMS", "MOUNTED_GUN", "NO_BOOM"],
    "skill": "launcher",
    "ammo": "gasoline",
    "weight": 24187,
    "volume": 20,
    "bashing": 10,
    "cutting": 0,
    "to_hit": -1,
    "ranged_damage": 15,
    "range": 6,
    "dispersion": 3,
    "sight_dispersion": 150,
    "aim_speed" : 0,
    "recoil": 0,
    "durability": 8,
    "burst": 1,
    "clip_size": 0,
    "reload": 900
  },
  {
    "id": "flamethrower3",
    "type": "GUN",
    "symbol": "(",
    "color": "dark_gray",
    "name": "Dragon Turret",
    "description": "This military-grade combat flamethrower has been mounted on a powered, rotating frame. Its pre-existing enhancements allow it to operate at maximum fuel efficiency, but still requires an external fuel source. Unleash the dragon!",
    "price": 1200000,
    "material": ["superalloy", "ceramic"],
    "flags": ["FIRE_20", "NEVER_JAMS", "MOUNTED_GUN", "NO_BOOM"],
    "skill": "launcher",
    "ammo": "gasoline",
    "weight": 26788,
    "volume": 22,
    "bashing": 10,
    "cutting": 0,
    "to_hit": -1,
    "ranged_damage": 15,
    "range": 6,
    "dispersion": 3,
    "sight_dispersion": 150,
    "aim_speed" : 0,
    "recoil": 4,
    "durability": 9,
    "burst": 1,
    "clip_size": 0,
    "reload": 650
  },
  {
    "id": "ripper",
    "type": "GUN",
    "symbol": "(",
    "color": "dark_gray",
    "name": "Ripper",
    "name_plural": "Rippers",
    "description": "This dangerous looking weapon holds a large, bladed disk. Linking it to an engine will make it spin rapidly. It holds an additional mount which can be loaded with another disc that, when launched, shreds through enemies with devastating effect.",
    "price": 175000,
    "material": "steel",
    "ammo_effects": "BOUNCE",
    "flags": ["NEVER_JAMS", "MOUNTED_GUN"],
    "skill": "launcher",
    "ammo": "ripdisk",
    "weight": 56763,
    "volume": 40,
    "bashing": 12,
    "cutting": 0,
    "to_hit": -1,
    "ranged_damage": 30,
    "range": 12,
    "dispersion": 185,
    "sight_dispersion": 150,
    "aim_speed" : 0,
    "recoil": 0,
    "durability": 8,
    "burst": 1,
    "clip_size": 0,
    "reload": 750,
    "valid_mod_locations": []
  }
]


