[
{
  "type" : "recipe",
  "result": "carver_off",
  "category": "CC_ELECTRONIC",
  "subcategory": "CSC_ELECTRONIC_TOOLS",
  "skill_used": "fabrication",
  "skills_required" : [ "electronics", 3 ],
  "difficulty": 4,
  "time": 20000,
  "reversible": true,
  "decomp_learn": 4,
  "autolearn": false,
  "book_learn": [["advanced_electronics", 3] , ["textbook_electronics", 3]],
  "qualities" : [
    {"id":"SCREW","level":1,"amount":1}
  ],
  "tools" : [
     [ ["mold_plastic", -1] ],
     [
      ["hotplate", 10],
      ["toolset", 10],
      ["fire", -1]
     ],
     [
      [ "soldering_iron", 10 ],
      [ "toolset", 10 ]
     ]
  ],
  "components" : [
     [ ["plastic_chunk", 6] ],
     [ ["blade", 2] ],
     [ ["motor_small", 1] ],
     [ ["power_supply", 1] ],
     [ [ "scrap", 1 ] ],
     [ [ "cable", 5 ] ]
    ]
},{
  "type" : "recipe",
  "result": "trimmer_off",
  "category": "CC_ELECTRONIC",
  "subcategory": "CSC_ELECTRONIC_TOOLS",
  "skill_used": "fabrication",
  "skills_required" : [ "electronics", 3 ],
  "difficulty": 5,
  "time": 20000,
  "reversible": true,
  "decomp_learn": 5,
  "autolearn": false,
  "book_learn": [["advanced_electronics", 4] , ["textbook_electronics", 4]],
  "qualities" : [
    {"id":"SCREW","level":1,"amount":1}
  ],
  "tools" : [
    [ ["mold_plastic", -1] ],
    [
      ["hotplate", 12],
      ["toolset", 12],
      ["fire", -1]
    ],
    [
      [ "soldering_iron", 12 ],
      [ "toolset", 12 ]
    ]
  ],
  "components" : [
    [ ["plastic_chunk", 6] ],
    [ ["chain", 1] ],
    [ ["motor_small", 1] ],
    [ ["metal_tank_little", 1] ],
    [ [ "scrap", 2 ] ],
    [ [ "cable", 4 ] ],
    [ [ "1cyl_combustion_small", 1 ] ]
  ]
},{
  "type" : "recipe",
  "result": "circsaw_off",
  "category": "CC_ELECTRONIC",
  "subcategory": "CSC_ELECTRONIC_TOOLS",
  "skill_used": "fabrication",
  "skills_required" : [ "electronics", 3 ],
  "difficulty": 5,
  "time": 20000,
  "reversible": true,
  "autolearn": false,
  "book_learn": [["advanced_electronics", 4] , ["textbook_electronics", 4] , ["textbook_carpentry", 5]],
  "qualities" : [ {"id":"SCREW","level":1,"amount":1} ],
   "tools" : [
    [ ["mold_plastic", -1] ],
    [
      ["hotplate", 10],
      ["toolset", 10],
      ["fire", -1]
    ],
    [
      [ "soldering_iron", 10 ],
      [ "toolset", 10 ]
    ]
  ],
  "components" : [
    [ ["plastic_chunk", 6] ],
    [ ["circsaw_blade", 1] ],
    [ ["motor_small", 1] ],
    [ ["power_supply", 1] ],
    [ [ "scrap", 1 ] ],
    [ [ "cable", 5 ] ]
  ]
},{
  "type" : "recipe",
  "result": "antenna",
  "category": "CC_ELECTRONIC",
  "subcategory": "CSC_ELECTRONIC_COMPONENTS",
  "skill_used": "electronics",
  "difficulty": 0,
  "time": 3000,
  "reversible": false,
  "autolearn": false,
  "book_learn": [[ "radio_book", 1 ] , [ "textbook_anarch", 1 ]],
  "qualities":[ {"id":"SAW_M","level":1,"amount":1} ],
  "components": [
    [
      [ "steel_chunk", 1 ],
      [ "scrap", 3 ],
      [ "knife_butter", 2 ]
    ]
  ]
},{
  "type" : "recipe",
  "result": "directional_antenna",
  "category": "CC_ELECTRONIC",
  "subcategory": "CSC_ELECTRONIC_COMPONENTS",
  "skill_used": "electronics",
  "difficulty": 4,
  "time": 5000,
  "reversible": true,
  "decomp_learn": 3,
  "autolearn": false,
  "book_learn": [[ "radio_book", 3 ] , [ "textbook_anarch", 5 ]],
  "qualities":[
    {"id":"HAMMER","level":2,"amount":1},
    {"id":"SAW_M","level":1,"amount":1}
  ],
  "components": [
    [ [ "amplifier", 1 ] ],
    [ [ "wire", 6 ] ],
    [ [ "2x4", 2 ] ],
    [ [ "nail", 12 ] ]
  ]
},{
  "type" : "recipe",
  "result": "amplifier",
  "category": "CC_ELECTRONIC",
  "subcategory": "CSC_ELECTRONIC_COMPONENTS",
  "skill_used": "electronics",
  "difficulty": 1,
  "time": 4000,
  "reversible": true,
  "decomp_learn": 1,
  "autolearn": false,
  "book_learn": [[ "radio_book", 3 ] , [ "manual_electronics", 1 ]],
  "qualities" : [ {"id":"SCREW","level":1,"amount":1} ],
  "tools": [
    [
      [ "soldering_iron", 4 ],
      [ "toolset", 4 ]
    ]
  ],
  "components": [
    [ [ "circuit", 1 ] ],
    [ [ "e_scrap", 3 ] ],
    [ [ "cable", 1 ] ]
  ]
},{
  "type" : "recipe",
  "result": "power_supply",
  "category": "CC_ELECTRONIC",
  "subcategory": "CSC_ELECTRONIC_COMPONENTS",
  "skill_used": "electronics",
  "difficulty": 1,
  "time": 6500,
  "reversible": false,
  "autolearn": false,
  "book_learn": [[ "manual_electronics", 1 ] , [ "textbook_electronics", 2 ] , [ "advanced_electronics", 2 ]],
  "qualities" : [ {"id":"SCREW","level":1,"amount":1} ],
  "tools": [
    [
      [ "soldering_iron", 3 ],
      [ "toolset", 3 ]
    ]
  ],
  "components": [
    [ [ "amplifier", 2 ] ],
    [ [ "cable", 20 ] ]
  ]
},{
  "type" : "recipe",
  "result": "element",
  "category": "CC_ELECTRONIC",
  "subcategory": "CSC_ELECTRONIC_COMPONENTS",
  "skill_used": "electronics",
  "difficulty": 1,
  "time": 7000,
  "reversible": false,
  "autolearn": false,
  "book_learn": [[ "manual_electronics", 1 ] , [ "textbook_electronics", 1 ] , [ "advanced_electronics", 1 ]],
  "tools": [
    [
      [ "soldering_iron", 5 ],
      [ "toolset", 5 ]
    ]
  ],
  "components": [ [ [ "cable", 40 ] ] ]
},{
  "type" : "recipe",
  "result": "lead_plate",
  "category": "CC_ELECTRONIC",
  "subcategory": "CSC_ELECTRONIC_COMPONENTS",
  "skill_used": "fabrication",
  "difficulty": 2,
  "time": 6500,
  "reversible": true,
  "decomp_learn": 1,
  "autolearn": false,
  "book_learn": [[ "manual_electronics", 1 ] , [ "mag_electronics", 1 ] , [ "manual_mechanics", 2] ],
  "tools": [
    [ ["crucible", -1] ],
    [
      [ "hotplate", 20 ],
      [ "toolset", 20 ],
      [ "fire", -1 ]
    ]
  ],
  "components": [
    [ [ "lead", 100 ] ]
  ]
},{
  "type" : "recipe",
  "result": "receiver",
  "category": "CC_ELECTRONIC",
  "subcategory": "CSC_ELECTRONIC_COMPONENTS",
  "skill_used": "electronics",
  "difficulty": 2,
  "time": 12000,
  "reversible": true,
  "decomp_learn": 2,
  "autolearn": false,
  "book_learn": [[ "manual_electronics", 1 ] , [ "radio_book", 1 ] , [ "textbook_electronics", 2 ]],
  "qualities" : [ {"id":"SCREW","level":1,"amount":1} ],
  "tools": [
    [
      [ "soldering_iron", 4 ],
      [ "toolset", 4 ]
    ]
  ],
  "components": [
    [ [ "circuit", 2 ] ],
    [ [ "e_scrap", 5 ] ],
    [ [ "cable", 2 ] ]
  ]
},{
  "type" : "recipe",
  "result": "transponder",
  "category": "CC_ELECTRONIC",
  "subcategory": "CSC_ELECTRONIC_COMPONENTS",
  "skill_used": "electronics",
  "difficulty": 3,
  "time": 14000,
  "reversible": true,
  "decomp_learn": 3,
  "autolearn": false,
  "book_learn": [[ "manual_electronics", 1 ] , [ "textbook_electronics", 2 ] , [ "textbook_anarch", 3 ]],
  "qualities" : [ {"id":"SCREW","level":1,"amount":1} ],
  "tools": [
    [
      [ "soldering_iron", 7 ],
      [ "toolset", 7 ]
    ]
  ],
  "components": [
    [ [ "circuit", 3 ] ],
    [ [ "e_scrap", 7 ] ],
    [ [ "cable", 3 ] ]
  ]
},{
  "type" : "recipe",
  "result": "electric_lantern",
  "category": "CC_ELECTRONIC",
  "subcategory": "CSC_ELECTRONIC_LIGHTING",
  "skill_used": "electronics",
  "difficulty": 3,
  "time": 10000,
  "reversible": true,
  "autolearn": false,
  "book_learn": [[ "manual_electronics", 3 ] , [ "mag_electronics", 4 ] , [ "textbook_electronics", 2 ]],
  "qualities" : [ {"id":"SCREW","level":1,"amount":1} ],
  "tools": [
    [
      [ "soldering_iron", 7 ],
      [ "toolset", 7 ]
    ]
  ],
  "components": [
    [ [ "cable", 8 ] ],
    [ [ "plastic_chunk", 2 ] ],
    [ [ "circuit", 2 ] ],
    [ [ "e_scrap", 2 ] ],
    [ [ "amplifier", 1 ] ]
  ]
},{
  "type" : "recipe",
  "result": "lightstrip_inactive",
  "category": "CC_ELECTRONIC",
  "subcategory": "CSC_ELECTRONIC_LIGHTING",
  "skill_used": "electronics",
  "difficulty": 0,
  "time": 10000,
  "reversible": false,
  "autolearn": false,
  "book_learn": [[ "manual_electronics", 1 ] , [ "mag_electronics", 1 ]],
  "components": [
    [ [ "amplifier", 1 ] ],
    [ [ "cable", 5 ] ],
    [ [ "battery", 15 ] ],
    [ [ "e_scrap", 1 ] ]
  ]
},{
  "type" : "recipe",
  "result": "sheet_metal_lit",
  "category": "CC_ELECTRONIC",
  "subcategory": "CSC_ELECTRONIC_LIGHTING",
  "skill_used": "electronics",
  "difficulty": 1,
  "time": 15000,
  "reversible": false,
  "autolearn": false,
  "book_learn": [[ "manual_electronics", 1 ] , [ "mag_electronics", 1 ]],
  "tools": [
    [
      [ "soldering_iron", 5 ],
      [ "toolset", 5 ]
    ]
  ],
  "components": [
    [
      [ "sheet_metal", 1 ]
    ],
    [
      [ "lightstrip_inactive", 1 ],
      [ "flashlight", 1 ]
    ],
    [
      [ "cable", 10 ]
    ],
    [
      [ "plastic_chunk", 2 ]
    ]
  ]
},{
  "type" : "recipe",
  "result": "flashlight",
  "category": "CC_ELECTRONIC",
  "subcategory": "CSC_ELECTRONIC_LIGHTING",
  "skill_used": "electronics",
  "difficulty": 1,
  "time": 10000,
  "reversible": true,
  "decomp_learn": 0,
  "autolearn": false,
  "book_learn": [[ "manual_electronics", 0 ] , [ "mag_electronics", 1 ]],
  "components": [
    [ [ "amplifier", 1 ] ],
    [
      [ "scrap", 4 ],
      [ "can_drink", 1 ],
      [ "can_food", 1 ],
      [ "bottle_glass", 1 ],
      [ "bottle_plastic", 1 ],
      [ "bottle_plastic_small", 1 ]
    ],
    [ [ "cable", 10 ] ]
  ]
},{
  "type" : "recipe",
  "result": "floodlight",
  "category": "CC_ELECTRONIC",
  "subcategory": "CSC_ELECTRONIC_LIGHTING",
  "skill_used": "mechanics",
  "skills_required": [ "electronics", 1 ],
  "difficulty": 2,
  "time": 15000,
  "reversible": true,
  "decomp_learn": 1,
  "autolearn": false,
  "book_learn": [[ "manual_electronics", 1 ] , [ "mag_electronics", 2 ]],
  "components": [
    [ [ "amplifier", 4 ] ],
    [
      [ "steel_chunk", 2 ],
      [ "scrap", 6 ]
    ],
    [ [ "cable", 10 ] ]
  ]
},{
  "type" : "recipe",
  "result": "soldering_iron",
  "category": "CC_ELECTRONIC",
  "subcategory": "CSC_ELECTRONIC_TOOLS",
  "skill_used": "electronics",
  "difficulty": 1,
  "time": 20000,
  "reversible": true,
  "decomp_learn": 0,
  "autolearn": false,
  "book_learn": [[ "manual_electronics", 1 ] , [ "advanced_electronics", 2 ] , [ "textbook_anarch", 2 ]],
  "components": [
    [
      [ "antenna", 1 ],
      [ "screwdriver", 1 ],
      [ "xacto", 1 ],
      [ "knife_butter", 1 ]
    ],
    [ [ "power_supply", 1 ] ],
    [ [ "element", 1 ] ],
    [ [ "scrap", 2 ] ]
  ]
},{
  "type" : "recipe",
  "result": "battery",
  "category": "CC_ELECTRONIC",
  "subcategory": "CSC_ELECTRONIC_COMPONENTS",
  "skill_used": "fabrication",
  "skills_required": [ "electronics", 1 ],
  "difficulty": 2,
  "time": 5000,
  "reversible": false,
  "autolearn": false,
  "book_learn": [[ "manual_electronics", 1 ] , [ "mag_electronics", 1 ] , [ "textbook_anarch", 2 ]],
  "qualities" : [ {"id":"SCREW","level":1,"amount":1} ],
  "components": [
    [
      [ "lemon", 1 ],
      [ "orange", 1 ],
      [ "grapefruit", 1 ],
      [ "acid", 1 ],
      [ "vinegar", 2 ]
    ],
    [
      [ "steel_chunk", 1 ],
      [ "knife_butter", 1 ],
      [ "knife_steak", 1 ],
      [ "bolt_steel", 1 ],
      [ "scrap", 1 ]
    ],
    [
      [ "can_drink", 1 ],
      [ "can_food", 1 ],
      [ "canister_empty", 1 ]
    ]
  ]
},{
  "type" : "recipe",
  "result": "battery_compartment",
  "category": "CC_ELECTRONIC",
  "subcategory": "CSC_ELECTRONIC_COMPONENTS",
  "skill_used": "fabrication",
  "skills_required": [ "electronics", 3 ],
  "difficulty": 3,
  "time": 15000,
  "reversible": true,
  "decomp_learn": 2,
  "autolearn": true,
  "book_learn": [[ "manual_electronics", 2 ], [ "advanced_electronics", 2 ]],
  "qualities" : [ {"id":"SCREW","level":1,"amount":1} ],
  "tools": [
    [
      [ "soldering_iron", 5 ],
      [ "toolset", 5 ]
    ]
  ],
  "components": [
    [ [ "scrap", 4 ] ],
    [ [ "cable", 5 ] ]
  ]
},{
  "type" : "recipe",
  "result": "rechargeable_battery",
  "category": "CC_ELECTRONIC",
  "subcategory": "CSC_ELECTRONIC_PARTS",
  "skill_used": "fabrication",
  "skills_required": [ "electronics", 3 ],
  "difficulty": 5,
  "time": 15000,
  "reversible": true,
  "decomp_learn": 4,
  "autolearn": false,
  "book_learn": [[ "manual_electronics", 3 ], [ "textbook_electronics", 3 ]],
  "qualities" : [ {"id":"SCREW","level":1,"amount":1} ],
  "tools": [
    [
      [ "soldering_iron", 5 ],
      [ "toolset", 5 ]
    ]
  ],
  "components": [
    [ [ "scrap", 4 ] ],
    [ [ "cable", 5 ] ],
    [
      [ "small_storage_battery", 1 ],
      [ "UPS_off", 1 ]
    ]
  ]
},{
  "type" : "recipe",
  "result": "battery_atomic",
  "category": "CC_ELECTRONIC",
  "subcategory": "CSC_ELECTRONIC_PARTS",
  "skill_used": "electronics",
  "skills_required": [ "fabrication", 6 ],
  "difficulty": 6,
  "time": 60000,
  "reversible": false,
  "decomp_learn": 4,
  "autolearn": false,
  "book_learn": [[ "recipe_atomic_battery", 6 ]],
  "qualities" : [ {"id":"SCREW","level":1,"amount":1} ],
  "tools": [
    [
      [ "soldering_iron", 10 ],
      [ "toolset", 10 ]
    ]
  ],
  "components": [
    [ [ "scrap", 6 ] ],
    [ [ "cable", 4 ] ],
    [ [ "plut_cell", 1 ] ]
  ]
},{
  "type" : "recipe",
  "result": "noise_emitter",
  "id_suffix": "radio-mod",
  "category": "CC_ELECTRONIC",
  "subcategory": "CSC_ELECTRONIC_TOOLS",
  "skill_used": "electronics",
  "difficulty": 1,
  "time": 15000,
  "reversible": false,
  "autolearn": false,
  "book_learn": [[ "radio_book", 1 ] , [ "textbook_anarch", 2 ]],
  "qualities" : [ {"id":"SCREW","level":1,"amount":1} ],
  "tools": [
    [
      [ "soldering_iron", 5 ],
      [ "toolset", 5 ]
    ]
  ],
  "components": [
    [ [ "radio", 1 ] ],
    [ [ "amplifier", 2 ] ]
  ]
},{
  "type" : "recipe",
  "result": "noise_emitter",
  "id_suffix": "from-scratch",
  "category": "CC_ELECTRONIC",
  "subcategory": "CSC_ELECTRONIC_TOOLS",
  "skill_used": "electronics",
  "difficulty": 2,
  "time": 30000,
  "reversible": true,
  "autolearn": false,
  "book_learn": [[ "textbook_anarch", 2 ]],
  "qualities" : [ {"id":"SCREW","level":1,"amount":1} ],
  "tools": [
    [
      [ "soldering_iron", 10 ],
      [ "toolset", 10 ]
    ]
  ],
  "components": [
    [ [ "amplifier", 2 ] ],
    [ [ "antenna", 1 ] ],
    [ [ "scrap", 5 ] ],
    [ [ "cable", 7 ] ]
  ]
},{
  "type" : "recipe",
  "result": "radio",
  "category": "CC_ELECTRONIC",
  "subcategory": "CSC_ELECTRONIC_TOOLS",
  "skill_used": "electronics",
  "difficulty": 2,
  "time": 25000,
  "reversible": true,
  "autolearn": false,
  "book_learn": [[ "radio_book", 2] , [ "textbook_anarch", 3 ]],
  "qualities" : [ {"id":"SCREW","level":1,"amount":1} ],
  "tools": [
    [
      [ "soldering_iron", 10 ],
      [ "toolset", 10 ]
    ]
  ],
  "components": [
    [ [ "receiver", 1 ] ],
    [ [ "antenna", 1 ] ],
    [ [ "scrap", 5 ] ],
    [ [ "cable", 7 ] ]
  ]
},{
  "type" : "recipe",
  "result": "water_purifier",
  "category": "CC_ELECTRONIC",
  "subcategory": "CSC_ELECTRONIC_TOOLS",
  "skill_used": "mechanics",
  "skills_required": [ "electronics", 1 ],
  "difficulty": 3,
  "time": 25000,
  "reversible": true,
  "decomp_learn": 2,
  "autolearn": false,
  "book_learn": [[ "advanced_electronics", 3 ] , [ "manual_electronics", 2 ]],
  "qualities" : [ {"id":"SCREW","level":1,"amount":1} ],
  "components": [
    [ [ "element", 8 ] ],
    [
      [ "bottle_glass", 2 ],
      [ "bottle_plastic", 5 ],
      [ "bottle_plastic_small", 10 ]
    ],
    [ [ "hose", 1 ] ],
    [ [ "scrap", 3 ] ],
    [ [ "cable", 5 ] ]
  ]
},{
  "type" : "recipe",
  "result": "hotplate",
  "category": "CC_ELECTRONIC",
  "subcategory": "CSC_ELECTRONIC_TOOLS",
  "skill_used": "electronics",
  "difficulty": 3,
  "time": 30000,
  "reversible": true,
  "decomp_learn": 2,
  "autolearn": false,
  "book_learn": [[ "advanced_electronics", 1 ] , [ "mag_electronics", 3 ] , [ "manual_electronics", 2 ]],
  "qualities" : [ {"id":"SCREW","level":1,"amount":1} ],
  "components": [
    [ [ "element", 4 ] ],
    [ [ "amplifier", 1 ] ],
    [
      [ "scrap", 2 ],
      [ "pan", 1 ],
      [ "pot", 1 ],
      [ "knife_butcher", 2 ],
      [ "knife_steak", 6 ],
      [ "knife_butter", 6 ],
      [ "muffler", 1 ]
    ],
    [ [ "cable", 10 ] ]
  ]
},{
  "type" : "recipe",
  "result": "mess_kit",
  "category": "CC_ELECTRONIC",
  "subcategory": "CSC_ELECTRONIC_TOOLS",
  "skill_used": "fabrication",
  "skills_required" : [[ "electronics", 3 ], [ "survival", 3 ]],
  "difficulty": 4,
  "time": 60000,
  "reversible": false,
  "decomp_learn": 4,
  "autolearn": false,
  "book_learn": [[ "textbook_survival", 3 ] , [ "advanced_electronics", 3 ] , [ "manual_electronics", 3 ]],
  "qualities" : [
    {"id":"SCREW","level":1,"amount":1},
    {"id":"HAMMER","level":3,"amount":1}
  ],
  "tools": [
    [ ["tongs", -1] ],
    [ ["anvil", -1] ],
    [ ["forge", 50], ["char_forge", 10] ],
    [ [ "soldering_iron", 10 ], [ "toolset", 10 ] ]
  ],
  "components": [
    [ [ "element", 3 ] ],
    [ [ "amplifier", 1 ] ],
    [
      [ "steel_chunk", 3 ],
      [ "scrap", 9 ]
    ],
    [ ["plastic_chunk", 2] ],
    [ [ "cable", 10 ] ]
  ]
},{
  "type" : "recipe",
  "result": "coffeemaker",
  "category": "CC_ELECTRONIC",
  "subcategory": "CSC_ELECTRONIC_TOOLS",
  "skill_used": "electronics",
  "difficulty": 3,
  "time": 30000,
  "reversible": true,
  "decomp_learn": 2,
  "autolearn": false,
  "book_learn": [[ "advanced_electronics", 1 ] , [ "mag_electronics", 3 ] , [ "manual_electronics", 2 ]],
  "qualities" : [ {"id":"SCREW","level":1,"amount":1} ],
  "tools": [
    [
      [ "soldering_iron", 10 ],
      [ "toolset", 10 ]
    ]
  ],
  "components": [
    [ [ "element", 4 ] ],
    [ [ "amplifier", 1 ] ],
    [
      [ "scrap", 6 ],
      [ "pan", 2 ],
      [ "pot", 2 ],
      [ "knife_butcher", 6 ],
      [ "knife_steak", 18 ],
      [ "knife_butter", 18 ],
      [ "muffler", 1 ]
    ],
    [ [ "cable", 15 ] ]
  ]
},{
  "type" : "recipe",
  "result": "tazer",
  "category": "CC_ELECTRONIC",
  "subcategory": "CSC_ELECTRONIC_TOOLS",
  "skill_used": "electronics",
  "difficulty": 3,
  "time": 25000,
  "reversible": true,
  "decomp_learn": 3,
  "autolearn": false,
  "book_learn": [[ "advanced_electronics", 2 ] , [ "textbook_electronics", 3 ] , [ "textbook_anarch", 3 ]],
  "qualities" : [ {"id":"SCREW","level":1,"amount":1} ],
  "tools": [
    [
      [ "soldering_iron", 10 ],
      [ "toolset", 10 ]
    ]
  ],
  "components": [
    [ [ "amplifier", 1 ] ],
    [ [ "power_supply", 1 ] ],
    [ [ "scrap", 2 ] ]
  ]
},{
  "type" : "recipe",
  "result": "veh_tracker",
  "category": "CC_ELECTRONIC",
  "subcategory": "CSC_ELECTRONIC_PARTS",
  "skill_used": "electronics",
  "difficulty": 4,
  "time": 30000,
  "reversible": true,
  "decomp_learn": 4,
  "autolearn": false,
  "book_learn": [[ "mag_electronics", 2 ] , [ "textbook_anarch", 4 ]],
  "qualities" : [ {"id":"SCREW","level":1,"amount":1} ],
  "tools": [
    [
      [ "soldering_iron", 14 ],
      [ "toolset", 14 ]
    ]
  ],
  "components": [
    [ [ "amplifier", 1 ] ],
    [ [ "transponder", 1 ] ],
    [ [ "scrap", 5 ] ],
    [ [ "cable", 10 ] ]
  ]
},{
  "type" : "recipe",
  "result": "two_way_radio",
  "category": "CC_ELECTRONIC",
  "subcategory": "CSC_ELECTRONIC_TOOLS",
  "skill_used": "electronics",
  "difficulty": 4,
  "time": 30000,
  "reversible": true,
  "autolearn": false,
  "qualities" : [ {"id":"SCREW","level":1,"amount":1} ],
  "tools": [
    [
      [ "soldering_iron", 14 ],
      [ "toolset", 14 ]
    ]
  ],
  "components": [
    [ [ "amplifier", 1 ] ],
    [ [ "transponder", 1 ] ],
    [ [ "receiver", 1 ] ],
    [ [ "antenna", 1 ] ],
    [ [ "scrap", 5 ] ],
    [ [ "cable", 10 ] ]
  ]
},{
  "type" : "recipe",
  "result": "electrohack",
  "category": "CC_ELECTRONIC",
  "subcategory": "CSC_ELECTRONIC_TOOLS",
  "skill_used": "electronics",
  "skills_required": [ "computer", 1 ],
  "difficulty": 4,
  "time": 35000,
  "reversible": true,
  "decomp_learn": 4,
  "autolearn": false,
  "book_learn": [[ "textbook_anarch", 3 ] , [ "advanced_electronics", 5 ]],
  "qualities" : [ {"id":"SCREW","level":1,"amount":1} ],
  "tools": [
    [
      [ "soldering_iron", 10 ],
      [ "toolset", 10 ]
    ]
  ],
  "components": [
    [ [ "processor", 1 ] ],
    [ [ "RAM", 1 ] ],
    [ [ "scrap", 4 ] ],
    [ [ "cable", 10 ] ]
  ]
},{
  "type" : "recipe",
  "result": "mp3",
  "category": "CC_ELECTRONIC",
  "subcategory": "CSC_ELECTRONIC_TOOLS",
  "skill_used": "electronics",
  "skills_required": [ "computer", 1 ],
  "difficulty": 5,
  "time": 40000,
  "reversible": true,
  "note": "you might be able to reverse-engineer assembly, but not the music",
  "autolearn": false,
  "book_learn": [[ "textbook_electronics", 6 ] , [ "textbook_robots", 5 ]],
  "qualities" : [ {"id":"SCREW","level":1,"amount":1} ],
  "tools": [
    [
      [ "soldering_iron", 5 ],
      [ "toolset", 5 ]
    ]
  ],
  "components": [
    [ [ "superglue", 1 ] ],
    [ ["processor", 1] ],
    [ ["RAM", 1] ],
    [ [ "amplifier", 1 ] ],
    [ [ "cable", 2 ] ]
  ]
},{
  "type" : "recipe",
  "result": "portable_game",
  "category": "CC_ELECTRONIC",
  "subcategory": "CSC_ELECTRONIC_TOOLS",
  "skill_used": "electronics",
  "skills_required": ["computer",  5],
  "difficulty": 8,
  "time": 60000,
  "reversible": true,
  "note": "as with mp3, no learning how to encode the software from taking it apart",
  "autolearn": false,
  "book_learn": [[ "textbook_electronics", 7 ] , [ "textbook_robots", 6 ]],
  "qualities" : [ {"id":"SCREW","level":1,"amount":1} ],
  "tools": [
    [
      ["soldering_iron", 10],
      ["toolset", 10]
    ]
  ],
  "components": [
    [ ["superglue", 1] ],
    [ ["processor", 1] ],
    [ ["RAM", 2] ],
    [ ["amplifier", 1] ],
    [ ["cable", 2] ],
    [ ["plastic_chunk", 2] ],
    [ ["small_lcd_screen", 1] ]
  ]
},{
  "type" : "recipe",
  "result": "geiger_off",
  "category": "CC_ELECTRONIC",
  "subcategory": "CSC_ELECTRONIC_TOOLS",
  "skill_used": "electronics",
  "difficulty": 5,
  "time": 35000,
  "reversible": true,
  "decomp_learn": 5,
  "autolearn": false,
  "book_learn": [["advanced_electronics", 4] , ["textbook_electronics", 4] , ["atomic_survival", 3]],
  "qualities" : [ {"id":"SCREW","level":1,"amount":1} ],
  "tools": [
    [
      [ "soldering_iron", 14 ],
      [ "toolset", 14 ]
    ]
  ],
  "components": [
    [ [ "power_supply", 1 ] ],
    [ [ "amplifier", 2 ] ],
    [ [ "scrap", 6 ] ],
    [ [ "cable", 10 ] ]
  ]
},{
  "type" : "recipe",
  "result": "rad_monitor",
  "category": "CC_ELECTRONIC",
  "subcategory": "CSC_ELECTRONIC_TOOLS",
  "skill_used": "electronics",
  "difficulty": 7,
  "time": 35000,
  "reversible": true,
  "decomp_learn": 7,
  "autolearn": false,
  "book_learn": [["advanced_electronics", 6] , ["textbook_electronics", 6] , ["atomic_survival", 5]],
  "qualities" : [ {"id":"SCREW","level":1,"amount":1} ],
  "tools": [
    [
      [ "soldering_iron", 14 ],
      [ "toolset", 14 ]
    ]
  ],
  "components": [
    [ [ "processor", 1 ] ],
    [ [ "e_scrap", 1 ] ],
    [ [ "amplifier", 1 ] ],
    [ [ "plastic_chunk", 1 ] ]
  ]
},{
  "type" : "recipe",
  "result": "UPS_off",
  "category": "CC_ELECTRONIC",
  "subcategory": "CSC_ELECTRONIC_COMPONENTS",
  "skill_used": "electronics",
  "difficulty": 5,
  "time": 45000,
  "reversible": true,
  "decomp_learn": 4,
  "autolearn": true,
  "book_learn": [[ "advanced_electronics", 4] , [ "recipe_lab_elec", 4 ] , [ "textbook_anarch", 4]],
  "qualities" : [ {"id":"SCREW","level":1,"amount":1} ],
  "tools": [
    [
      [ "soldering_iron", 24 ],
      [ "toolset", 24 ]
    ]
  ],
  "components": [
    [ [ "power_supply", 4 ] ],
    [ [ "amplifier", 3 ] ],
    [ [ "scrap", 4 ] ],
    [ [ "cable", 10 ] ]
  ]
},{
  "type" : "recipe",
  "result": "battery_ups",
  "category": "CC_ELECTRONIC",
  "subcategory": "CSC_ELECTRONIC_COMPONENTS",
  "skill_used": "electronics",
  "difficulty": 5,
  "time": 45000,
  "reversible": true,
  "decomp_learn": 4,
  "autolearn": true,
  "book_learn": [[ "advanced_electronics", 4] , [ "recipe_lab_elec", 4 ] , [ "textbook_anarch", 4]],
  "qualities" : [ {"id":"SCREW","level":1,"amount":1} ],
  "tools": [
    [
      [ "soldering_iron", 24 ],
      [ "toolset", 24 ]
    ]
  ],
  "components": [
    [ [ "power_supply", 4 ] ],
    [ [ "amplifier", 3 ] ],
    [ [ "scrap", 4 ] ],
    [ [ "cable", 10 ] ]
  ]
},{
  "type" : "recipe",
  "result" : "adv_UPS_off",
  "category" : "CC_ELECTRONIC",
  "subcategory": "CSC_ELECTRONIC_COMPONENTS",
  "skill_used" : "electronics",
  "skills_required": [ "mechanics", 1 ],
  "difficulty" : 9,
  "time" : 85000,
  "reversible" : true,
  "decomp_learn" : 4,
  "autolearn" : false,
  "book_learn": [[ "recipe_lab_elec", 7 ]],
  "qualities" : [ {"id":"SCREW","level":1,"amount":1} ],
  "tools" : [
    [
      [ "soldering_iron", 24 ],
      [ "toolset", 24 ]
    ]
  ],
  "components" : [
    [ [ "power_supply", 6 ] ],
    [ [ "amplifier", 5 ] ],
    [ [ "scrap", 4 ] ],
    [ [ "cable", 14 ] ],
    [ [ "plut_cell", 2 ] ]
  ]
},{
  "type" : "recipe",
  "result": "bio_power_storage",
  "category": "CC_ELECTRONIC",
  "subcategory": "CSC_ELECTRONIC_CBMS",
  "skill_used": "electronics",
  "skills_required": [ "firstaid", 5 ],
  "difficulty": 6,
  "time": 50000,
  "reversible": true,
  "decomp_learn": 5,
  "autolearn": false,
  "book_learn": [[ "recipe_augs", 6 ] , [ "recipe_lab_elec", 6 ]],
  "qualities" : [ {"id":"SCREW","level":1,"amount":1} ],
  "tools": [
    [
      [ "soldering_iron", 20 ],
      [ "toolset", 20 ]
    ]
  ],
  "components": [
    [
      [ "power_supply", 6 ],
      [ "UPS_off", 1 ]
    ],
    [ [ "amplifier", 4 ] ],
    [ [ "plut_cell", 1 ] ],
    [
      [ "burnt_out_bionic", 1 ],
      [ "processor", 2 ]
    ]
  ]
},{
  "type" : "recipe",
  "result": "bio_power_storage_mkII",
  "category": "CC_ELECTRONIC",
  "subcategory": "CSC_ELECTRONIC_CBMS",
  "skill_used": "electronics",
  "skills_required": [ "firstaid", 5 ],
  "difficulty": 12,
  "time": 70000,
  "reversible": true,
  "decomp_learn": 8,
  "autolearn": false,
  "book_learn": [[ "recipe_lab_elec", 8 ] , [ "recipe_augs", 7 ]],
  "qualities" : [ {"id":"SCREW","level":1,"amount":1} ],
  "tools": [
    [
      [ "soldering_iron", 32 ],
      [ "toolset", 32 ]
    ]
  ],
  "components": [
    [
      [ "power_supply", 10 ],
      [ "UPS_off", 2 ],
      [ "adv_UPS_off", 1 ]
    ],
    [ [ "amplifier", 6 ] ],
    [ [ "plut_cell", 2 ] ],
    [
      [ "burnt_out_bionic", 1 ],
      [ "processor", 2 ]
    ]
  ]
},{
  "type" : "recipe",
  "result": "bio_solar",
  "category": "CC_ELECTRONIC",
  "subcategory": "CSC_ELECTRONIC_CBMS",
  "skill_used": "electronics",
  "skills_required": [ "firstaid", 5 ],
  "difficulty": 7,
  "time": 50000,
  "reversible": true,
  "decomp_learn": 7,
  "autolearn": false,
  "book_learn": [[ "recipe_lab_elec", 7 ] , [ "recipe_augs", 7 ]],
  "qualities" : [ {"id":"SCREW","level":1,"amount":1} ],
  "tools": [
    [
      [ "soldering_iron", 20 ],
      [ "toolset", 20 ]
    ]
  ],
  "components": [
    [ [ "power_supply", 4 ] ],
    [ [ "amplifier", 2 ] ],
    [ [ "solar_cell", 4 ] ],
    [
      [ "burnt_out_bionic", 1 ],
      [ "processor", 2 ]
    ]
  ]
},{
  "type" : "recipe",
  "result": "bio_batteries",
  "category": "CC_ELECTRONIC",
  "subcategory": "CSC_ELECTRONIC_CBMS",
  "skill_used": "electronics",
  "skills_required": [ "firstaid", 5 ],
  "difficulty": 7,
  "time": 50000,
  "reversible": true,
  "decomp_learn": 7,
  "autolearn": false,
  "book_learn": [[ "recipe_lab_elec", 7 ] , [ "recipe_augs", 7 ]],
  "qualities" : [ {"id":"SCREW","level":1,"amount":1} ],
  "tools": [
    [
      [ "soldering_iron", 20 ],
      [ "toolset", 20 ]
    ]
  ],
  "components": [
    [ [ "power_supply", 2 ] ],
    [ [ "amplifier", 2 ] ],
    [
      [ "burnt_out_bionic", 1 ],
      [ "processor", 2 ]
    ]
  ]
},{
  "type" : "recipe",
  "result": "bio_power_armor_interface",
  "category": "CC_ELECTRONIC",
  "subcategory": "CSC_ELECTRONIC_CBMS",
  "skill_used": "electronics",
  "skills_required": [ "firstaid", 5 ],
  "difficulty": 6,
  "time": 50000,
  "reversible": true,
  "autolearn": false,
  "book_learn": [[ "recipe_lab_elec", 7 ] , [ "recipe_mil_augs", 6 ]],
  "qualities" : [ {"id":"SCREW","level":1,"amount":1} ],
  "tools": [
    [
      [ "soldering_iron", 20 ],
      [ "toolset", 20 ]
    ]
  ],
  "components": [
    [ [ "power_supply", 2 ] ],
    [ [ "amplifier", 2 ] ],
    [
      [ "burnt_out_bionic", 1 ],
      [ "processor", 2 ]
    ]
  ]
},{
  "type" : "recipe",
  "result": "bio_power_armor_interface_mkII",
  "category": "CC_ELECTRONIC",
  "subcategory": "CSC_ELECTRONIC_CBMS",
  "skill_used": "electronics",
  "skills_required": [ "firstaid", 5 ],
  "difficulty": 9,
  "time": 50000,
  "reversible": true,
  "autolearn": false,
  "book_learn": [[ "recipe_lab_elec", 8 ] , [ "recipe_mil_augs", 7 ]],
  "qualities" : [ {"id":"SCREW","level":1,"amount":1} ],
  "tools": [
    [
      [ "soldering_iron", 20 ],
      [ "toolset", 20 ]
    ]
  ],
  "components": [
    [ [ "power_supply", 5 ] ],
    [ [ "amplifier", 3 ] ],
    [ [ "plut_cell", 5 ] ],
    [
      [ "burnt_out_bionic", 1 ],
      [ "processor", 2 ]
    ]
  ]
},{
  "type" : "recipe",
  "result": "bio_evap",
  "category": "CC_ELECTRONIC",
  "subcategory": "CSC_ELECTRONIC_CBMS",
  "skill_used": "electronics",
  "skills_required": [ "firstaid", 5 ],
  "difficulty": 7,
  "time": 50000,
  "reversible": true,
  "autolearn": false,
  "decomp_learn": 7,
  "book_learn": [[ "recipe_lab_elec", 7 ] , [ "recipe_augs", 6 ]],
  "qualities" : [ {"id":"SCREW","level":1,"amount":1} ],
  "tools": [
    [
      [ "soldering_iron", 20 ],
      [ "toolset", 20 ]
    ]
  ],
  "components": [
    [ [ "power_supply", 2 ] ],
    [ [ "hose", 1 ] ],
    [
      [ "burnt_out_bionic", 1 ],
      [ "processor", 2 ]
    ]
  ]
},{
  "type" : "recipe",
  "result": "bio_laser",
  "category": "CC_ELECTRONIC",
  "subcategory": "CSC_ELECTRONIC_CBMS",
  "skill_used": "electronics",
  "skills_required": [ "firstaid", 5 ],
  "difficulty": 9,
  "time": 50000,
  "reversible": true,
  "autolearn": false,
  "decomp_learn": 7,
  "book_learn": [[ "recipe_lab_elec", 7 ] , [ "recipe_mil_augs", 8 ]],
  "qualities" : [ {"id":"SCREW","level":1,"amount":1} ],
  "tools": [
    [
      [ "soldering_iron", 20 ],
      [ "toolset", 20 ]
    ]
  ],
  "components": [
    [ [ "power_supply", 2 ] ],
    [ [ "amplifier", 2 ] ],
    [ [ "lens", 2 ] ],
    [
      [ "burnt_out_bionic", 1 ],
      [ "processor", 2 ]
    ]
  ]
},{
  "type" : "recipe",
  "result": "bio_flashlight",
  "category": "CC_ELECTRONIC",
  "subcategory": "CSC_ELECTRONIC_CBMS",
  "skill_used": "electronics",
  "skills_required": [ "firstaid", 5 ],
  "difficulty": 6,
  "time": 50000,
  "reversible": true,
  "autolearn": false,
  "decomp_learn": 5,
  "book_learn": [[ "recipe_lab_elec", 5 ] , [ "recipe_augs", 5 ]],
  "qualities" : [ {"id":"SCREW","level":1,"amount":1} ],
  "tools": [
    [
      [ "soldering_iron", 20 ],
      [ "toolset", 20 ]
    ]
  ],
  "components": [
    [ [ "power_supply", 1 ] ],
    [ [ "amplifier", 1 ] ],
    [ [ "lens", 2 ] ],
    [
      [ "burnt_out_bionic", 1 ],
      [ "processor", 2 ]
    ]
  ]
},{
  "type" : "recipe",
  "result": "bio_water_extractor",
  "category": "CC_ELECTRONIC",
  "subcategory": "CSC_ELECTRONIC_CBMS",
  "skill_used": "electronics",
  "skills_required": [ "firstaid", 5 ],
  "difficulty": 7,
  "time": 50000,
  "reversible": true,
  "autolearn": false,
  "decomp_learn": 7,
  "book_learn": [[ "recipe_lab_elec", 6 ] , [ "recipe_mil_augs", 5 ]],
  "qualities" : [ {"id":"SCREW","level":1,"amount":1} ],
  "tools": [
    [
      [ "soldering_iron", 20 ],
      [ "toolset", 20 ]
    ]
  ],
  "components": [
    [ [ "power_supply", 2 ] ],
    [ [ "element", 1 ] ],
    [ [ "hose", 1 ] ],
    [
      [ "burnt_out_bionic", 1 ],
      [ "processor", 2 ]
    ]
  ]
},{
  "type" : "recipe",
  "result": "bio_armor_head",
  "category": "CC_ELECTRONIC",
  "subcategory": "CSC_ELECTRONIC_CBMS",
  "skill_used": "electronics",
  "skills_required": [ "firstaid", 5 ],
  "difficulty": 6,
  "time": 50000,
  "reversible": true,
  "autolearn": false,
  "decomp_learn": 5,
  "book_learn": [[ "recipe_lab_elec", 6 ] , [ "recipe_mil_augs", 5 ]],
  "qualities":[
    {"id":"HAMMER","level":3,"amount":1},
    {"id":"SCREW","level":1,"amount":1},
    {"id":"WRENCH","level":1,"amount":1}
  ],
  "tools": [
    [
      [ "soldering_iron", 20 ],
      [ "toolset", 20 ]
    ]
  ],
  "components": [
    [
      [ "alloy_sheet", 4 ],
      [ "alloy_plate", 1 ]
    ],
    [ [ "burnt_out_bionic", 1 ] ]
  ]
},{
  "type" : "recipe",
  "result": "bio_armor_arms",
  "category": "CC_ELECTRONIC",
  "subcategory": "CSC_ELECTRONIC_CBMS",
  "skill_used": "electronics",
  "skills_required": [ "firstaid", 5 ],
  "difficulty": 6,
  "time": 50000,
  "reversible": true,
  "autolearn": false,
  "decomp_learn": 5,
  "book_learn": [[ "recipe_lab_elec", 6 ] , [ "recipe_mil_augs", 5 ]],
  "qualities":[
    {"id":"HAMMER","level":3,"amount":1},
    {"id":"SCREW","level":1,"amount":1},
    {"id":"WRENCH","level":1,"amount":1}
  ],
  "tools": [
    [
      [ "soldering_iron", 20 ],
      [ "toolset", 20 ]
    ]
  ],
  "components": [
    [
      [ "alloy_sheet", 4 ],
      [ "alloy_plate", 1 ]
    ],
    [ [ "burnt_out_bionic", 1 ] ]
  ]
},{
  "type" : "recipe",
  "result": "bio_armor_torso",
  "category": "CC_ELECTRONIC",
  "subcategory": "CSC_ELECTRONIC_CBMS",
  "skill_used": "electronics",
  "skills_required": [ "firstaid", 5 ],
  "difficulty": 6,
  "time": 50000,
  "reversible": true,
  "autolearn": false,
  "decomp_learn": 5,
  "book_learn": [[ "recipe_lab_elec", 6 ] , [ "recipe_mil_augs", 5 ]],
  "qualities":[
    {"id":"HAMMER","level":3,"amount":1},
    {"id":"SCREW","level":1,"amount":1},
    {"id":"WRENCH","level":1,"amount":1}
  ],
  "tools": [
    [
      [ "soldering_iron", 20 ],
      [ "toolset", 20 ]
    ]
  ],
  "components": [
    [
      [ "alloy_sheet", 4 ],
      [ "alloy_plate", 1 ]
    ],
    [ [ "burnt_out_bionic", 1 ] ]
  ]
},{
  "type" : "recipe",
  "result": "bio_armor_legs",
  "category": "CC_ELECTRONIC",
  "subcategory": "CSC_ELECTRONIC_CBMS",
  "skill_used": "electronics",
  "skills_required": [ "firstaid", 5 ],
  "difficulty": 6,
  "time": 50000,
  "reversible": true,
  "autolearn": false,
  "decomp_learn": 5,
  "book_learn": [[ "recipe_lab_elec", 6 ] , [ "recipe_mil_augs", 6 ]],
  "qualities":[
    {"id":"HAMMER","level":3,"amount":1},
    {"id":"SCREW","level":1,"amount":1},
    {"id":"WRENCH","level":1,"amount":1}
  ],
  "tools": [
    [
      [ "soldering_iron", 20 ],
      [ "toolset", 20 ]
    ]
  ],
  "components": [
    [
      [ "alloy_sheet", 4 ],
      [ "alloy_plate", 1 ]
    ],
    [ [ "burnt_out_bionic", 1 ] ]
  ]
},{
  "type" : "recipe",
  "result": "recharge_station",
  "category": "CC_ELECTRONIC",
  "subcategory": "CSC_ELECTRONIC_PARTS",
  "skill_used": "electronics",
  "difficulty": 8,
  "time": 50000,
  "reversible": true,
  "decomp_learn": 6,
  "autolearn": false,
  "book_learn": [["textbook_mechanics", 8] , ["textbook_electronics", 7] , ["advanced_electronics", 7] , ["textbook_robots", 6]],
  "qualities" : [ {"id":"SCREW","level":1,"amount":1} ],
  "tools": [
    [
      [ "soldering_iron", 35 ],
      [ "toolset", 35 ]
    ]
  ],
  "components": [
    [
      [ "power_supply", 2 ]
    ],
    [
      [ "processor", 2 ]
    ],
    [
      [ "scrap", 5 ]
    ],
    [
      [ "cable", 8 ]
    ]
  ]
},{
  "type" : "recipe",
  "result": "solar_panel",
  "category": "CC_ELECTRONIC",
  "subcategory": "CSC_ELECTRONIC_PARTS",
  "skill_used": "electronics",
  "difficulty": 8,
  "time": 50000,
  "reversible": true,
  "decomp_learn": 5,
  "autolearn": true,
  "book_learn": [["manual_electronics", 7] , ["textbook_electronics", 6] , ["advanced_electronics", 6]],
  "qualities" : [ {"id":"SCREW","level":1,"amount":1} ],
 "tools": [
    [
      [ "soldering_iron", 35 ],
      [ "toolset", 35 ]
    ]
  ],
  "components": [
    [ [ "power_supply", 2 ] ],
    [ [ "amplifier", 2 ] ],
    [ [ "solar_cell", 12 ] ],
    [ [ "cable", 20 ] ]
  ]
},{
  "type" : "recipe",
  "result": "solar_panel_v2",
  "category": "CC_ELECTRONIC",
  "subcategory": "CSC_ELECTRONIC_PARTS",
  "skill_used": "electronics",
  "difficulty": 10,
  "time": 50000,
  "reversible": true,
  "decomp_learn": 5,
  "autolearn": false,
  "book_learn": [["textbook_robots", 8]],
  "qualities" : [ {"id":"SCREW","level":1,"amount":1} ],
  "tools": [
    [
      [ "soldering_iron", 35 ],
      [ "toolset", 35 ]
    ]
  ],
  "components": [
    [ [ "power_supply", 2 ] ],
    [ [ "amplifier", 2 ] ],
    [ [ "solar_cell", 8 ] ],
    [ [ "cable", 10 ] ],
    [ [ "solar_panel", 1 ] ]
  ]
},{
  "type" : "recipe",
  "result": "forgerig",
  "category": "CC_ELECTRONIC",
  "subcategory": "CSC_ELECTRONIC_PARTS",
  "skill_used": "fabrication",
  "skills_required": ["electronics",4],
  "difficulty": 4,
  "time": 20000,
  "reversible": true,
  "decomp_learn": 4,
  "autolearn": false,
  "book_learn": [["textbook_mechanics", 6] , ["textbook_electronics", 8] , ["textbook_fabrication", 8] , ["welding_book", 5]],
  "qualities" : [ {"id":"SCREW","level":1,"amount":1} ],
  "tools": [
    [
      [ "soldering_iron", 10 ],
      [ "toolset", 10 ]
    ]
  ],
  "components": [
    [ [ "power_supply", 2 ] ],
    [ [ "forge", 1 ] ],
    [ ["cable", 5] ]
  ]
},{
  "type" : "recipe",
  "result": "weldrig",
  "category": "CC_ELECTRONIC",
  "subcategory": "CSC_ELECTRONIC_PARTS",
  "skill_used": "mechanics",
  "skills_required": ["electronics",4],
  "difficulty": 4,
  "time": 60000,
  "reversible": true,
  "decomp_learn": 4,
  "autolearn": false,
  "book_learn": [["textbook_mechanics", 6] , ["textbook_electronics", 8] , ["textbook_fabrication", 8] , ["welding_book", 5]],
  "qualities":[
    {"id":"HAMMER","level":2,"amount":1},
    {"id":"SAW_M","level":1,"amount":1},
    {"id":"WRENCH","level":1,"amount":1}
  ],
  "tools": [
    [ [ "goggles_welding", -1 ] ],
    [
      [ "welder", 100 ],
      [ "welder_crude", 150 ],
      [ "toolset", 150 ]
    ]
  ],
  "components": [
    [ [ "frame", 1 ] ],
    [ ["soldering_iron", 1] ],
    [
      [ "welder", 1 ],
      [ "welder_crude", 2 ]
    ],
    [ ["cable", 5] ]
  ]
},{
  "type" : "recipe",
  "result": "craftrig",
  "category": "CC_ELECTRONIC",
  "subcategory": "CSC_ELECTRONIC_PARTS",
  "skill_used": "fabrication",
  "skills_required": ["electronics",3],
  "difficulty": 4,
  "time": 60000,
  "reversible": true,
  "decomp_learn": 3,
  "autolearn": false,
  "book_learn": [["textbook_fabrication", 3] , ["manual_fabrication", 3] , ["manual_electronics", 3] , ["manual_mechanics", 3]],
  "qualities":[
    {"id":"HAMMER","level":2,"amount":1},
    {"id":"SAW_M","level":1,"amount":1},
    {"id":"WRENCH","level":1,"amount":1}
  ],
  "tools": [
    [ [ "goggles_welding", -1 ] ],
    [
      [ "welder", 100 ],
      [ "welder_crude", 150 ],
      [ "toolset", 150 ]
    ]
  ],
  "components": [
    [ [ "frame", 1 ] ],
    [ ["vac_sealer", 1], ["makeshift_sealer", 1] ],
    [ [ "dehydrator", 1 ] ],
    [ [ "water_purifier", 1 ] ],
    [ [ "press", 1 ] ],
    [ ["cable", 5] ]
  ]
},{
  "type" : "recipe",
  "result": "chemlab",
  "category": "CC_ELECTRONIC",
  "subcategory": "CSC_ELECTRONIC_PARTS",
  "skill_used": "fabrication",
  "skills_required": ["electronics",3],
  "difficulty": 4,
  "time": 60000,
  "reversible": true,
  "decomp_learn": 3,
  "autolearn": false,
  "book_learn": [["textbook_fabrication", 3] , ["manual_fabrication", 3] , ["manual_electronics", 3] , ["manual_mechanics", 3]],
  "qualities":[
    {"id":"HAMMER","level":3,"amount":1},
    {"id":"SAW_M","level":1,"amount":1},
    {"id":"WRENCH","level":1,"amount":1}
  ],
  "tools": [
    [ [ "goggles_welding", -1 ] ],
    [
      [ "welder", 100 ],
      [ "welder_crude", 150 ],
      [ "toolset", 150 ]
    ]
  ],
  "components": [
    [ [ "frame", 1 ] ],
    [ [ "chemistry_set", 1 ] ],
    [ [ "power_supply", 1 ] ],
    [ [ "cable", 5 ] ]
  ]
},{
  "type" : "recipe",
  "result": "small_storage_battery",
  "category": "CC_ELECTRONIC",
  "subcategory": "CSC_ELECTRONIC_PARTS",
  "skill_used": "electronics",
  "skills_required": [ "fabrication", 1 ],
  "difficulty": 3,
  "time": 30000,
  "reversible": true,
  "decomp_learn": 2,
  "autolearn": false,
  "book_learn": [[ "manual_electronics", 2 ] , [ "mag_electronics", 2 ] , [ "manual_mechanics", 3]],
  "qualities" : [ {"id":"SCREW","level":1,"amount":1} ],
  "tools": [
    [ ["mold_plastic", -1] ],
    [
      ["hotplate", 2],
      ["toolset", 2],
      ["fire", -1]
    ],
    [
      [ "soldering_iron", 5 ],
      [ "toolset", 5 ]
    ]
  ],
  "components": [
    [ [ "plastic_chunk", 3 ] ],
    [ [ "scrap", 1 ] ],
    [ [ "lead_plate", 2 ] ],
    [ [ "water_clean", 3 ] ],
    [ [ "acid", 1 ] ],
    [ [ "rag", 1 ] ],
    [ [ "cable", 1 ] ]
  ]
},{
  "type" : "recipe",
  "result": "battery_motorbike",
  "category": "CC_ELECTRONIC",
  "subcategory": "CSC_ELECTRONIC_PARTS",
  "skill_used": "electronics",
  "skills_required": [ "fabrication", 1 ],
  "difficulty": 3,
  "time": 30000,
  "reversible": true,
  "decomp_learn": 2,
  "autolearn": false,
  "book_learn": [[ "manual_electronics", 2 ] , [ "mag_electronics", 2 ] , [ "manual_mechanics", 3]],
  "qualities" : [ {"id":"SCREW","level":1,"amount":1} ],
  "tools": [
    [
      [ "soldering_iron", 10 ],
      [ "toolset", 10 ]
    ],
    [ ["mold_plastic", -1] ],
    [
      ["hotplate", 5],
      ["toolset", 15],
      ["fire", -1]
    ]
  ],
  "components": [
    [ [ "plastic_chunk", 10 ] ],
    [ [ "scrap", 2 ] ],
    [ [ "lead_plate", 4 ] ],
    [ [ "water_clean", 6 ] ],
    [ [ "acid", 2 ] ],
    [ [ "rag", 2 ] ],
    [ [ "cable", 2 ] ]
  ]
},{
  "type" : "recipe",
  "result": "battery_car",
  "category": "CC_ELECTRONIC",
  "subcategory": "CSC_ELECTRONIC_PARTS",
  "skill_used": "electronics",
  "skills_required": [ "fabrication", 1 ],
  "difficulty": 3,
  "time": 30000,
  "reversible": true,
  "decomp_learn": 2,
  "autolearn": false,
  "book_learn": [[ "manual_electronics", 2 ] , [ "mag_electronics", 2 ] , [ "manual_mechanics", 3]],
  "qualities" : [ {"id":"SCREW","level":1,"amount":1} ],
  "tools": [
    [
      [ "soldering_iron", 15 ],
      [ "toolset", 15 ]
    ],
    [ ["mold_plastic", -1] ],
    [
      ["hotplate", 8],
      ["toolset", 8],
      ["fire", -1]
    ]
  ],
  "components": [
    [ [ "plastic_chunk", 15 ] ],
    [ [ "scrap", 4 ] ],
    [ [ "lead_plate", 6 ] ],
    [ [ "water_clean", 12 ] ],
    [ [ "acid", 4 ] ],
    [ [ "rag", 3 ] ],
    [ [ "cable", 4 ] ]
  ]
},{
  "type" : "recipe",
  "result": "battery_truck",
  "category": "CC_ELECTRONIC",
  "subcategory": "CSC_ELECTRONIC_PARTS",
  "skill_used": "electronics",
  "skills_required": [ "fabrication", 1 ],
  "difficulty": 3,
  "time": 30000,
  "reversible": true,
  "decomp_learn": 2,
  "autolearn": false,
  "book_learn": [[ "manual_electronics", 2 ] , [ "mag_electronics", 2 ] , [ "manual_mechanics", 3]],
  "qualities" : [ {"id":"SCREW","level":1,"amount":1} ],
  "tools": [
    [
      [ "soldering_iron", 20 ],
      [ "toolset", 20 ]
    ],
    [ ["mold_plastic", -1] ],
    [
      ["hotplate", 12],
      ["toolset", 12],
      ["fire", -1]
    ]
  ],
  "components": [
    [ [ "plastic_chunk", 20 ] ],
    [ [ "scrap", 6 ] ],
    [ [ "lead_plate", 8 ] ],
    [ [ "water_clean", 16 ] ],
    [ [ "acid", 6 ] ],
    [ [ "rag", 5 ] ],
    [ [ "cable", 6 ] ]
  ]
},{
  "type" : "recipe",
  "result": "bot_turret",
  "category": "CC_ELECTRONIC",
  "subcategory": "CSC_ELECTRONIC_PARTS",
  "skill_used": "mechanics",
  "skills_required": [[ "electronics", 5 ], [ "computer", 5 ], [ "gun", 3 ]],
  "difficulty": 7,
  "time": 9000,
  "reversible": true,
  "decomp_learn": 8,
  "autolearn": false,
  "book_learn": [[ "recipe_lab_elec", 7 ] , [ "textbook_robots", 9 ]],
  "qualities" : [ {"id":"SCREW","level":1,"amount":1} ],
  "tools": [
    [
      [ "soldering_iron", 14 ],
      [ "toolset", 14 ]
    ]
  ],
  "components": [
    [
      [ "uzi", 1 ],
      [ "tec9", 1 ],
      [ "calico", 1 ],
      [ "hk_mp5", 1 ]
    ],
    [ [ "processor", 2 ] ],
    [ [ "RAM", 2 ] ],
    [
      [ "power_supply", 1 ],
      [ "plut_cell", 1 ]
    ],
    [ [ "scrap", 10 ] ]
  ]
},{
  "type" : "recipe",
  "result": "bot_laserturret",
  "category": "CC_ELECTRONIC",
  "subcategory": "CSC_ELECTRONIC_PARTS",
  "skill_used": "mechanics",
  "skills_required": [[ "electronics", 8 ], [ "computer", 5 ], [ "gun", 3 ]],
  "difficulty": 8,
  "time": 12000,
  "reversible": true,
  "decomp_learn": 9,
  "autolearn": false,
  "book_learn": [[ "recipe_lab_elec", 8 ]],
  "qualities" : [ {"id":"SCREW","level":1,"amount":1} ],
  "tools": [
    [
      [ "soldering_iron", 14 ],
      [ "toolset", 14 ]
    ]
  ],
  "components": [
    [
      [ "cerberus_laser", 3 ],
      [ "laser_rifle", 3 ],
      [ "v29_cheap", 3 ],
      [ "v29", 3 ]
    ],
    [
      [ "processor", 2 ]
    ],
    [ [ "RAM", 2 ] ],
    [ [ "motor", 1 ] ],
    [ [ "solar_cell", 4 ] ],
    [ [ "cable", 10 ] ],
    [
      [ "power_supply", 1 ],
      [ "plut_cell", 1 ]
    ],
    [ [ "scrap", 10 ] ]
  ]
},{
  "type" : "recipe",
  "result": "bot_rifleturret",
  "category": "CC_ELECTRONIC",
  "subcategory": "CSC_ELECTRONIC_PARTS",
  "skill_used": "mechanics",
  "skills_required": [[ "electronics", 5 ], [ "computer", 5 ], [ "gun", 3 ]],
  "difficulty": 8,
  "time": 9000,
  "reversible": true,
  "decomp_learn": 8,
  "autolearn": false,
  "book_learn": [[ "recipe_lab_elec", 7 ] , [ "textbook_robots", 9 ]],
  "qualities" : [ {"id":"SCREW","level":1,"amount":1} ],
  "tools": [
    [
      [ "soldering_iron", 14 ],
      [ "toolset", 14 ]
    ]
  ],
  "components": [
    [ [ "m4a1", 1 ] ],
    [ [ "processor", 2 ] ],
    [ [ "RAM", 2 ] ],
    [
      [ "power_supply", 1 ],
      [ "plut_cell", 1 ]
    ],
    [ [ "scrap", 15 ] ]
  ]
},{
  "type" : "recipe",
  "result": "control_laptop",
  "category": "CC_ELECTRONIC",
  "subcategory": "CSC_ELECTRONIC_TOOLS",
  "skill_used": "electronics",
  "skills_required": [ "computer", 4 ],
  "difficulty": 7,
  "time": 25000,
  "reversible": false,
  "autolearn": false,
  "book_learn": [[ "recipe_lab_elec", 7 ] , [ "textbook_robots", 7 ]],
  "qualities" : [ {"id":"SCREW","level":1,"amount":1} ],
  "tools": [
    [ [ "software_hacking", 1 ] ],
    [
      [ "soldering_iron", 14 ],
      [ "toolset", 14 ]
    ]
  ],
  "components": [
    [ [ "laptop", 1 ] ],
    [ [ "receiver", 2 ] ],
    [ [ "e_scrap", 2 ] ],
    [ [ "rechargeable_battery", 1 ] ],
    [ [ "antenna", 1] ]
  ]
},{
  "type" : "recipe",
  "result": "dehydrator",
  "category": "CC_ELECTRONIC",
  "subcategory": "CSC_ELECTRONIC_TOOLS",
  "skill_used": "electronics",
  "difficulty": 4,
  "time": 36000,
  "reversible": true,
  "decomp_learn": 4,
  "autolearn": true,
  "book_learn": [["textbook_electronics", 3] , ["advanced_electronics", 3] , ["textbook_chemistry", 5]],
  "qualities" : [ {"id":"SCREW","level":1,"amount":1} ],
  "tools": [
    [
      [ "soldering_iron", 20 ],
      [ "toolset", 20 ]
    ]
  ],
  "components": [
    [ [ "element", 2 ] ],
    [ [ "amplifier", 2 ] ],
    [ [ "power_supply", 1 ] ],
    [ [ "cable", 10 ] ],
    [ [ "pot", 1 ] ],
    [ [ "plastic_chunk", 18 ] ]
  ]
},{
  "type" : "recipe",
  "result": "atomic_light",
  "category": "CC_ELECTRONIC",
  "subcategory": "CSC_ELECTRONIC_LIGHTING",
  "skill_used": "electronics",
  "difficulty": 3,
  "time": 20000,
  "reversible": true,
  "autolearn": false,
  "book_learn": [[ "recipe_caseless", 6 ]],
  "qualities" : [ {"id":"SCREW","level":1,"amount":1} ],
  "components": [
    [ [ "plastic_chunk", 1 ] ],
    [ [ "superglue", 1 ] ],
    [ [ "power_supply", 1 ] ],
    [ [ "cable", 1 ] ],
    [ [ "plut_cell", 1 ] ]
  ]
},{
  "type" : "recipe",
  "result": "atomic_lamp",
  "category": "CC_ELECTRONIC",
  "subcategory": "CSC_ELECTRONIC_LIGHTING",
  "skill_used": "electronics",
  "difficulty": 3,
  "time": 30000,
  "reversible": true,
  "autolearn": false,
  "book_learn": [[ "recipe_caseless", 6 ]],
  "qualities" : [ {"id":"SCREW","level":1,"amount":1} ],
  "components": [
    [ [ "plastic_chunk", 2 ] ],
    [ [ "superglue", 1 ] ],
    [ [ "power_supply", 1 ] ],
    [ [ "cable", 2 ] ],
    [ [ "plut_cell", 2 ] ]
  ]
},{
  "type" : "recipe",
  "result": "atomic_coffeepot",
  "category": "CC_ELECTRONIC",
  "subcategory": "CSC_ELECTRONIC_TOOLS",
  "skill_used": "electronics",
  "difficulty": 4,
  "time": 3000,
  "reversible": true,
  "autolearn": false,
  "book_learn": [[ "recipe_caseless", 8 ]],
  "qualities" : [ {"id":"SCREW","level":1,"amount":1} ],
  "components": [
    [ [ "plastic_chunk", 5 ] ],
    [ [ "superglue", 1 ] ],
    [ [ "power_supply", 1 ] ],
    [ [ "element", 1 ] ],
    [ [ "scrap", 2 ] ],
    [ [ "plut_cell", 1 ] ]
  ]
},{
  "type" : "recipe",
  "result": "pipebomb_radio",
  "category": "CC_ELECTRONIC",
  "subcategory": "CSC_ELECTRONIC_TOOLS",
  "skill_used": "fabrication",
  "skills_required" : [ "electronics", 3 ],
  "book_learn": [["advanced_electronics", 3] , ["textbook_electronics", 3]],
  "difficulty": 4,
  "time": 750,
  "reversible": false,
  "autolearn": true,
  "qualities" : [ {"id":"SCREW","level":1,"amount":1} ],
  "components": [
    [ [ "pipebomb", 1 ] ],
    [ [ "battery", 5 ] ],
    [ [ "antenna", 1 ] ],
    [ [ "cable", 5 ] ]
  ]
},{
  "type" : "recipe",
  "result": "dynamite_radio",
  "category": "CC_ELECTRONIC",
  "subcategory": "CSC_ELECTRONIC_TOOLS",
  "skill_used": "fabrication",
  "skills_required" : [ "electronics", 3 ],
  "book_learn": [["advanced_electronics", 3] , ["textbook_electronics", 3]],
  "difficulty": 4,
  "time": 750,
  "reversible": false,
  "autolearn": true,
  "qualities" : [ {"id":"SCREW","level":1,"amount":1} ],
  "components": [
    [ [ "dynamite", 1 ] ],
    [ [ "battery", 5 ] ],
    [ [ "antenna", 1 ] ],
    [ [ "cable", 5 ] ]
  ]
},{
  "type" : "recipe",
  "result": "motor_small",
  "category": "CC_ELECTRONIC",
  "subcategory": "CSC_ELECTRONIC_PARTS",
  "skill_used": "electronics",
  "skills_required": [ "fabrication", 1 ],
  "difficulty": 3,
  "time": 20000,
  "reversible": true,
  "decomp_learn": 2,
  "autolearn": false,
  "book_learn": [[ "manual_electronics", 2 ] , [ "mag_electronics", 2 ] , [ "manual_mechanics", 2]],
  "qualities" : [
    {"id":"HAMMER","level":1,"amount":1},
    {"id":"SCREW","level":1,"amount":1}
  ],
  "tools": [ [ [ "soldering_iron", 5 ], [ "toolset", 5 ] ] ],
  "components": [
    [ [ "steel_chunk", 2 ] ],
    [ [ "scrap", 2 ] ],
    [ [ "cable", 6 ] ]
  ]
},{
  "type" : "recipe",
  "result": "cable",
  "category": "CC_ELECTRONIC",
  "subcategory": "CSC_ELECTRONIC_COMPONENTS",
  "skill_used": "fabrication",
  "skills_required" : [ "electronics", 2 ],
  "difficulty": 5,
  "time": 40000,
  "reversible": false,
  "autolearn": true,
  "qualities" : [
    {"id":"SAW_M","level":1,"amount":1},
    {"id":"CUT","level":1,"amount":1},
    {"id":"HAMMER","level":2,"amount":1}
  ],
  "tools": [ [ [ "boltcutters", -1 ], [ "toolset", -1 ] ] ],
  "components": [
    [ [ "wire", 20 ], [ "wire_barbed", 20 ] ],
    [ [ "duct_tape", 300 ] ]
  ]
},{
  "type" : "recipe",
  "result": "elec_jackhammer",
  "category": "CC_ELECTRONIC",
  "subcategory": "CSC_ELECTRONIC_TOOLS",
  "skill_used": "electronics",
  "difficulty": 5,
  "time": 25000,
  "reversible": true,
  "decop_learn": 5,
  "autolearn": false,
  "book_learn": [["textbook_mechanics", 6] , ["textbook_carpentry", 6] , ["advanced_electronics", 5] , ["textbook_electronics", 5]],
  "qualities":[
    {"id":"HAMMER","level":3,"amount":1},
    {"id":"SCREW","level":1,"amount":1},
    {"id":"WRENCH","level":1,"amount":1}
  ],
  "tools": [
    [ [ "goggles_welding", -1 ] ],
    [
      [ "welder", 100],
      [ "welder_crude", 150],
      [ "toolset", 150],
      [ "oxy_torch", 10]
    ]
  ],
  "components": [
    [ [ "motor_small", 1 ] ],
    [ [ "cable", 12 ] ],
    [
      [ "rebar", 2 ],
      [ "steel_chunk", 4 ]
    ],
    [ [ "scrap", 3 ] ]
  ]
},{
  "type" : "recipe",
  "result": "elec_chainsaw_off",
  "category": "CC_ELECTRONIC",
  "subcategory": "CSC_ELECTRONIC_TOOLS",
  "skill_used": "electronics",
  "difficulty": 4,
  "time": 20000,
  "reversible": true,
  "decomp_learn": 4,
  "autolearn": false,
  "book_learn": [["textbook_mechanics", 4] , ["textbook_carpentry", 4] , ["advanced_electronics", 3] , ["textbook_electronics", 3]],
  "qualities":[
    {"id":"HAMMER","level":2,"amount":1},
    {"id":"SCREW","level":1,"amount":1},
    {"id":"WRENCH","level":1,"amount":1}
  ],
  "tools": [
    [ [ "goggles_welding", -1 ] ],
    [
      ["welder", 100],
      ["welder_crude", 150],
      ["toolset", 150],
      ["oxy_torch", 10]
    ]
  ],
  "components": [
    [ [ "motor_small", 1 ] ],
    [ [ "cable", 12 ] ],
    [ [ "chain", 1 ] ],
    [ [ "scrap", 3 ] ]
  ]
},{
  "type" : "recipe",
  "result": "remotevehcontrol",
  "category": "CC_ELECTRONIC",
  "subcategory": "CSC_ELECTRONIC_TOOLS",
  "skill_used": "electronics",
  "skills_required": [ "computer", 2 ],
  "difficulty": 7,
  "time": 60000,
  "reversible": true,
  "autolearn": true,
  "book_learn": [[ "recipe_lab_elec", 5 ] , [ "textbook_robots", 5 ]],
  "qualities" : [ {"id":"SCREW","level":1,"amount":1} ],
  "tools": [
    [
      [ "soldering_iron", 14 ],
      [ "toolset", 14 ]
    ]
  ],
  "components": [
    [ [ "e_scrap", 5 ] ],
    [ ["amplifier", 1 ] ],
    [ [ "receiver", 1 ] ],
    [ [ "antenna", 1 ] ],
    [ ["processor", 1 ] ],
    [ ["RAM", 1 ] ],
    [ ["small_lcd_screen", 1 ] ]
  ]
},{
  "type" : "recipe",
  "result": "drive_by_wire_controls",
  "category": "CC_ELECTRONIC",
  "subcategory": "CSC_ELECTRONIC_TOOLS",
  "skill_used": "mechanics",
  "skills_required": [ "electronics", 4 ],
  "difficulty": 8,
  "time": 120000,
  "reversible": true,
  "autolearn": false,
  "book_learn": [ ["textbook_mechanics", 8], [ "textbook_robots", 7 ] ],
  "qualities":[
      {"id":"HAMMER","level":2,"amount":1},
      {"id":"SAW_M","level":1,"amount":1},
      {"id":"WRENCH","level":1,"amount":1},
      {"id":"SCREW","level":1,"amount":1}
  ],
  "tools": [
    [ [ "goggles_welding", -1 ] ],
    [
      [ "welder", 50 ],
      [ "welder_crude", 75 ],
      [ "toolset", 75 ]
    ],
    [
      [ "soldering_iron", 30 ],
      [ "toolset", 30 ]
    ]
  ],
  "components": [
    [ [ "vehicle_controls", 1 ] ],
    [ [ "motor_small", 3 ] ],
    [ [ "receiver", 3 ] ],
    [ [ "processor", 3 ] ],
    [ [ "RAM", 3 ] ],
    [ [ "circuit", 3 ] ]
  ]
},{
  "type" : "recipe",
  "result": "camera_control",
  "category": "CC_ELECTRONIC",
  "subcategory": "CSC_ELECTRONIC_PARTS",
  "skill_used": "electronics",
  "skills_required": [ "computer", 2 ],
  "difficulty": 6,
  "time": 120000,
  "reversible": true,
  "autolearn": true,
  "qualities":[ {"id":"SCREW","level":1,"amount":1} ],
  "tools": [
    [
      [ "soldering_iron", 150 ],
      [ "toolset", 150 ]
    ]
  ],
  "components": [
    [ [ "small_lcd_screen", 10 ] ],
    [ [ "processor", 3 ] ],
    [ [ "RAM", 2 ] ],
    [ [ "cable", 20 ] ]
  ]
},{
  "type" : "recipe",
  "result": "omnicamera",
  "id_suffix": "from-scratch",
  "category": "CC_ELECTRONIC",
  "subcategory": "CSC_ELECTRONIC_PARTS",
  "skill_used": "electronics",
  "skills_required": [ "computer", 3 ],
  "difficulty": 7,
  "time": 180000,
  "reversible": false,
  "autolearn": false,
  "book_learn": [ [ "textbook_electronics", 6 ], ["advanced_electronics", 6 ] ],
  "qualities":[ {"id":"SCREW","level":1,"amount":1} ],
  "tools": [
    [
	[ "soldering_iron", 50 ],
	[ "toolset", 50 ]
    ],
    [ [ "mold_plastic", -1 ] ]
  ],
  "components": [
    [ [ "lens", 4 ] ],
    [ [ "e_scrap", 10 ] ],
    [ [ "amplifier", 4 ] ],
    [ [ "cable", 20 ] ],
    [ [ "plastic_chunk", 5 ] ]
  ]
},{
  "type" : "recipe",
  "result": "omnicamera",
  "id_suffix": "from-eyebots",
  "category": "CC_ELECTRONIC",
  "subcategory": "CSC_ELECTRONIC_PARTS",
  "skill_used": "electronics",
  "skills_required": [ "computer", 1 ],
  "difficulty": 5,
  "time": 90000,
  "reversible": false,
  "autolearn": true,
  "qualities":[
    {"id":"SCREW","level":1,"amount":1},
    {"id":"SAW_M","level":1,"amount":1}
  ],
  "tools": [
    [
      [ "soldering_iron", 10 ],
      [ "toolset", 10 ]
    ]
  ],
  "components": [
    [ [ "broken_eyebot", 2 ] ],
    [ [ "power_supply", 1 ] ],
    [ [ "cable", 5 ] ]
  ]
},{
  "type" : "recipe",
  "result": "makeshift_sealer",
  "category": "CC_ELECTRONIC",
  "subcategory": "CSC_ELECTRONIC_TOOLS",
  "skill_used": "electronics",
  "skills_required": [ "mechanics", 2 ],
  "difficulty": 4,
  "time": 40000,
  "reversible": true,
  "autolearn": false,
  "book_learn": [[ "advanced_electronics", 4 ] , [ "mag_electronics", 6 ] , [ "manual_electronics", 5 ]],
  "qualities" : [
    {"id":"SCREW","level":1,"amount":1}
  ],
  "tools": [
    [
      [ "soldering_iron", 10 ],
      [ "toolset", 10 ]
    ]
  ], "components": [
    [
      [ "scrap", 4 ]
    ],
    [ 
      [ "plastic_chunk", 2 ]
    ],
    [
      [ "motor_small", 1 ]
    ],
    [
      [ "superglue", 2 ]
    ],
    [
      [ "element", 2 ]
    ],
    [
      [ "hose", 1 ]
    ],
    [
      [ "power_supply", 1 ]
    ]
  ]
}
]
