[
    {
        "type": "BULLET_PULLING",
        "bullet": "shot_bird",
        "items": [
            ["lead", 16],
            ["shot_hull", 1],
            ["shotgun_primer", 1],
            ["gunpowder", 12]
        ]
    },
    {
        "type": "BULLET_PULLING",
        "bullet": "shot_slug",
        "items": [
            ["lead", 16],
            ["shot_hull", 1],
            ["shotgun_primer", 1],
            ["gunpowder", 20]
        ]
    },
    {
        "type": "BULLET_PULLING",
        "bullet": "shot_00",
        "items": [
            ["lead", 16],
            ["shot_hull", 1],
            ["shotgun_primer", 1],
            ["gunpowder", 20]
        ]
    },
    {
        "type": "BULLET_PULLING",
        "bullet": "shot_beanbag",
        "items": [
            ["rubber_slug", 1],
            ["shot_hull", 1],
            ["shotgun_primer", 1],
            ["gunpowder", 16]
        ]
    },
    {
        "type": "BULLET_PULLING",
        "bullet": "shot_flechette",
        "items": [
            ["combatnail", 8],
            ["shot_hull", 1],
            ["shotgun_primer", 1],
            ["gunpowder", 20]
        ]
    },
    {
        "type": "BULLET_PULLING",
        "bullet": "22_lr",
        "items": [
            ["lead", 2],
            ["22_casing", 1],
            ["gunpowder", 2]
        ]
    },
    {
        "type": "BULLET_PULLING",
        "bullet": "22_ratshot",
        "items": [
            ["lead", 2],
            ["22_casing", 1],
            ["gunpowder", 2]
        ]
    },
    {
        "type": "BULLET_PULLING",
        "bullet": "22_cb",
        "items": [
            ["lead", 2],
            ["22_casing", 1],
            ["gunpowder", 1]
        ]
    },
    {
        "type": "BULLET_PULLING",
        "bullet": "22_fmj",
        "items": [
            ["lead", 2],
            ["22_casing", 1],
            ["gunpowder", 1],
            ["copper", 2]
        ]
    },
    {
        "type": "BULLET_PULLING",
        "bullet": "9mm",
        "items": [
            ["lead", 4],
            ["9mm_casing", 1],
            ["smpistol_primer", 1],
            ["gunpowder", 4]
        ]
    },
    {
        "type": "BULLET_PULLING",
        "bullet": "9mmP",
        "items": [
            ["lead", 4],
            ["9mm_casing", 1],
            ["smpistol_primer", 1],
            ["gunpowder", 5]
        ]
    },
    {
        "type": "BULLET_PULLING",
        "bullet": "9mmP2",
        "items": [
            ["lead", 4],
            ["9mm_casing", 1],
            ["smpistol_primer", 1],
            ["gunpowder", 6]
        ]
    },
    {
        "type": "BULLET_PULLING",
        "bullet": "9mmfmj",
        "items": [
            ["lead", 4],
            ["9mm_casing", 1],
            ["smpistol_primer", 1],
            ["gunpowder", 6],
            ["copper", 4]
        ]
    },
    {
        "type": "BULLET_PULLING",
        "bullet": "32_acp",
        "items": [
            ["lead", 5],
            ["38_casing", 1],
            ["smpistol_primer", 1],
            ["gunpowder", 4]
        ]
    },
    {
        "type": "BULLET_PULLING",
        "bullet": "38_special",
        "items": [
            ["lead", 5],
            ["38_casing", 1],
            ["smpistol_primer", 1],
            ["gunpowder", 5]
        ]
    },
    {
        "type": "BULLET_PULLING",
        "bullet": "38_super",
        "items": [
            ["lead", 5],
            ["38_casing", 1],
            ["smpistol_primer", 1],
            ["gunpowder", 7]
        ]
    },
    {
        "type": "BULLET_PULLING",
        "bullet": "38_fmj",
        "items": [
            ["lead", 5],
            ["38_casing", 1],
            ["smpistol_primer", 1],
            ["gunpowder", 5],
            ["copper", 5]
        ]
    },
    {
        "type": "BULLET_PULLING",
        "bullet": "10mm",
        "items": [
            ["lead", 8],
            ["40_casing", 1],
            ["lgpistol_primer", 1],
            ["gunpowder", 8]
        ]
    },
    {
        "type": "BULLET_PULLING",
        "bullet": "40sw",
        "items": [
            ["lead", 6],
            ["40_casing", 1],
            ["smpistol_primer", 1],
            ["gunpowder", 6]
        ]
    },
    {
        "type": "BULLET_PULLING",
        "bullet": "40fmj",
        "items": [
            ["lead", 6],
            ["40_casing", 1],
            ["smpistol_primer", 1],
            ["gunpowder", 6],
            ["copper", 6]
        ]
    },
    {
        "type": "BULLET_PULLING",
        "bullet": "44magnum",
        "items": [
            ["lead", 10],
            ["44_casing", 1],
            ["lgpistol_primer", 1],
            ["gunpowder", 10]
        ]
    },
    {
        "type": "BULLET_PULLING",
        "bullet": "44fmj",
        "items": [
            ["lead", 7],
            ["44_casing", 1],
            ["lgpistol_primer", 1],
            ["gunpowder", 10],
            ["copper", 7]
                ]
    },
    {
        "type": "BULLET_PULLING",
        "bullet": "45_acp",
        "items": [
            ["lead", 8],
            ["45_casing", 1],
            ["lgpistol_primer", 1],
            ["gunpowder", 10]
        ]
    },
    {
        "type": "BULLET_PULLING",
        "bullet": "45_jhp",
        "items": [
            ["lead", 7],
            ["45_casing", 1],
            ["lgpistol_primer", 1],
            ["gunpowder", 10],
            ["copper", 7]
        ]
    },
    {
        "type": "BULLET_PULLING",
        "bullet": "45_super",
        "items": [
            ["lead", 10],
            ["45_casing", 1],
            ["lgpistol_primer", 1],
            ["gunpowder", 12]
        ]
    },
    {
        "type": "BULLET_PULLING",
        "bullet": "454_Casull",
        "items": [
            ["lead", 20],
            ["454_casing", 1],
            ["smrifle_primer", 1],
            ["gunpowder", 20],
            ["copper", 20]
        ]
    },
    {
        "type": "BULLET_PULLING",
        "bullet": "500_Magnum",
        "items": [
            ["lead", 24],
            ["500_casing", 1],
            ["lgpistol_primer", 1],
            ["gunpowder", 24],
            ["copper", 24]
        ]
    },
    {
        "type": "BULLET_PULLING",
        "bullet": "57mm",
        "items": [
            ["lead", 2],
            ["57mm_casing", 1],
            ["smrifle_primer", 1],
            ["gunpowder", 4]
        ]
    },
    {
        "type": "BULLET_PULLING",
        "bullet": "46mm",
        "items": [
            ["lead", 2],
            ["46mm_casing", 1],
            ["smpistol_primer", 1],
            ["gunpowder", 4]
        ]
    },
    {
        "type": "BULLET_PULLING",
        "bullet": "762_m43",
        "items": [
            ["lead", 5],
            ["762_casing", 1],
            ["lgrifle_primer", 1],
            ["gunpowder", 7],
            ["copper", 5]
        ]
    },
    {
        "type": "BULLET_PULLING",
        "bullet": "762_m87",
        "items": [
            ["lead", 5],
            ["762_casing", 1],
            ["lgrifle_primer", 1],
            ["gunpowder", 8],
            ["copper", 5]
        ]
    },
    {
        "type": "BULLET_PULLING",
        "bullet": "223",
        "items": [
            ["lead", 2],
            ["223_casing", 1],
            ["smrifle_primer", 1],
            ["gunpowder", 4],
            ["copper", 2]
        ]
    },
    {
        "type": "BULLET_PULLING",
        "bullet": "556",
        "items": [
            ["lead", 2],
            ["223_casing", 1],
            ["smrifle_primer", 1],
            ["gunpowder", 6],
            ["copper", 2]
        ]
    },
    {
        "type": "BULLET_PULLING",
        "bullet": "556_incendiary",
        "items": [
            ["incendiary", 2],
            ["223_casing", 1],
            ["smrifle_primer", 1],
            ["gunpowder", 6],
            ["copper", 2]
        ]
    },
    {
        "type": "BULLET_PULLING",
        "bullet": "270",
        "items": [
            ["lead", 5],
            ["3006_casing", 1],
            ["lgrifle_primer", 1],
            ["gunpowder", 10],
            ["copper", 5]
        ]
    },
    {
        "type": "BULLET_PULLING",
        "bullet": "3006",
        "items": [
            ["lead", 6],
            ["3006_casing", 1],
            ["lgrifle_primer", 1],
            ["gunpowder", 8],
            ["copper", 6]
        ]
    },
    {
        "type": "BULLET_PULLING",
        "bullet": "3006_incendiary",
        "items": [
            ["incendiary", 6],
            ["3006_casing", 1],
            ["lgrifle_primer", 1],
            ["gunpowder", 8],
            ["copper", 6]
        ]
    },
    {
        "type": "BULLET_PULLING",
        "bullet": "308",
        "items": [
            ["lead", 6],
            ["308_casing", 1],
            ["lgrifle_primer", 1],
            ["gunpowder", 10],
            ["copper", 6]
        ]
    },
    {
        "type": "BULLET_PULLING",
        "bullet": "762_51",
        "items": [
            ["lead", 6],
            ["308_casing", 1],
            ["lgrifle_primer", 1],
            ["gunpowder", 10],
            ["copper", 6]
        ]
    },
    {
        "type": "BULLET_PULLING",
        "bullet": "762_51_incendiary",
        "items": [
            ["incendiary", 6],
            ["308_casing", 1],
            ["lgrifle_primer", 1],
            ["gunpowder", 10],
             ["copper", 6]
        ]
    },
    {
        "type": "BULLET_PULLING",
        "bullet": "5x50",
        "items": [
            ["lead", 2],
            ["5x50_hull", 1],
            ["smrifle_primer", 1],
            ["gunpowder", 3]
        ]
    },
    {
        "type": "BULLET_PULLING",
        "bullet": "5x50dart",
        "items": [
            ["lead", 2],
            ["5x50_hull", 1],
            ["smrifle_primer", 1],
            ["gunpowder", 3]
        ]
    },
    {
        "type": "BULLET_PULLING",
        "bullet": "50",
        "items": [
            ["lead", 21],
            ["50_casing", 1],
            ["lgrifle_primer", 1],
            ["gunpowder", 45],
            ["copper", 21]
        ]
    }
]
