[
    {
        "type" : "speech",
        "speaker" : "doll",
        "sound" : "Wanna play with me?",
        "volume" : 10
    },{
        "type" : "speech",
        "speaker" : "doll",
        "sound" : "Sing with me!",
        "volume" : 10
    },{
        "type" : "speech",
        "speaker" : "doll",
        "sound" : "I love you!",
        "volume" : 10
    },{
        "type" : "speech",
        "speaker" : "doll",
        "sound" : "Please take me with you!",
        "volume" : 10
    },{
        "type" : "speech",
        "speaker" : "doll",
        "sound" : "May I have a cookie?",
        "volume" : 10
    },{
        "type" : "speech",
        "speaker" : "doll",
        "sound" : "Let's play together!",
        "volume" : 10
    },{
        "type" : "speech",
        "speaker" : "doll",
        "sound" : "Time to play!",
        "volume" : 10
    },{
        "type" : "speech",
        "speaker" : "doll",
        "sound" : "Om nom nom!  Delicious!",
        "volume" : 10
    },{
        "type" : "speech",
        "speaker" : "doll",
        "sound" : "Are you my mommy?",
        "volume" : 10
    },{
        "type" : "speech",
        "speaker" : "doll",
        "sound" : "Oh, how fun!",
        "volume" : 10
    },{
        "type" : "speech",
        "speaker" : "doll",
        "sound" : "You're my best friend!",
        "volume" : 10
    },{
        "type" : "speech",
        "speaker" : "doll",
        "sound" : "Heehee!",
        "volume" : 10
    },{
        "type" : "speech",
        "speaker" : "doll",
        "sound" : "Let's have fun!",
        "volume" : 10
    },{
        "type" : "speech",
        "speaker" : "doll",
        "sound" : "Let's have a tea party!",
        "volume" : 10
    },{
        "type" : "speech",
        "speaker" : "doll",
        "sound" : "You're the best!",
        "volume" : 10
    },{
        "type" : "speech",
        "speaker" : "creepy_doll",
        "sound" : "You shouldn't have done that.",
        "volume" : 10
    },{
        "type" : "speech",
        "speaker" : "creepy_doll",
        "sound" : "Let's play... Russian roulette.",
        "volume" : 10
    },{
        "type" : "speech",
        "speaker" : "creepy_doll",
        "sound" : "I hate you.",
        "volume" : 10
    },{
        "type" : "speech",
        "speaker" : "creepy_doll",
        "sound" : "Go kill yourself!",
        "volume" : 10
    },{
        "type" : "speech",
        "speaker" : "creepy_doll",
        "sound" : "Big Brother is watching you...",
        "volume" : 10
    },{
        "type" : "speech",
        "speaker" : "creepy_doll",
        "sound" : "Die for me!",
        "volume" : 10
    },{
        "type" : "speech",
        "speaker" : "creepy_doll",
        "sound" : "Why won't you die?",
        "volume" : 10
    },{
        "type" : "speech",
        "speaker" : "creepy_doll",
        "sound" : "Blood... Delicious.",
        "volume" : 10
    },{
        "type" : "speech",
        "speaker" : "creepy_doll",
        "sound" : "See you... IN HELL!",
        "volume" : 10
    },{
        "type" : "speech",
        "speaker" : "creepy_doll",
        "sound" : "AAAIEEEEEEE!!!",
        "volume" : 10
    },{
        "type" : "speech",
        "speaker" : "creepy_doll",
        "sound" : "FUCK YOU!",
        "volume" : 10
    },{
        "type" : "speech",
        "speaker" : "creepy_doll",
        "sound" : "What did you do with my Mommy?",
        "volume" : 10
    },{
        "type" : "speech",
        "speaker" : "creepy_doll",
        "sound" : "Stay with me... forever!",
        "volume" : 10
    },{
        "type" : "speech",
        "speaker" : "creepy_doll",
        "sound" : "Hey kids.  Want some candy?",
        "volume" : 10
   },{
        "type" : "speech",
        "speaker" : "creepy_doll",
        "sound" : "Down here, they ALL float!",
        "volume" : 10
   },{
        "type" : "speech",
        "speaker" : "creepy_doll",
        "sound" : "Do you really need that much honey?",
        "volume" : 10
    },{
        "type" : "speech",
        "speaker" : "creepy_doll",
        "sound" : "My previous owner squealed like a pig when I gutted her!",
        "volume" : 10
    }
]