[
    {
        "type": "effect_type",
        "id": "null"
    },
    {
        "//": "AI EFFECTS BELOW THIS",
        "type": "effect_type",
        "id": "hit_by_player",
        "name": ["Hit By Player"],
        "desc": ["AI tag for when monsters are hit by player. This is a bug if you have it."]
    },
    {
        "type": "effect_type",
        "id": "docile",
        "name": ["Docile Monster"],
        "desc": ["AI tag for when monsters are tamed. This is a bug if you have it."]
    },
    {
        "type": "effect_type",
        "id": "controlled",
        "name": ["Controlled Monster"],
        "desc": ["AI tag for when monsters are being controlled by another. This is a bug if you have it."]
    },
    {
        "type": "effect_type",
        "id": "run",
        "name": ["Hit-and-run Running"],
        "desc": ["AI tag for when hit-and-run monsters run away. This is a bug if you have it."]
    },
    {
        "type": "effect_type",
        "id": "asked_to_lead",
        "name": ["Asked to Lead"],
        "desc": ["AI tag for asking to lead NPCs. This is a bug if you have it."]
    },
    {
        "type": "effect_type",
        "id": "asked_to_follow",
        "name": ["Asked to Follow"],
        "desc": ["AI tag for asking to NPCs to follow you. This is a bug if you have it."]
    },
    {
        "type": "effect_type",
        "id": "asked_to_train",
        "name": ["Asked to Train"],
        "desc": ["AI tag for asking to NPCs to train you. This is a bug if you have it."]
    },
    {
        "type": "effect_type",
        "id": "asked_personal_info",
        "name": ["Asked Info"],
        "desc": ["AI tag for asking to NPCs for personal information. This is a bug if you have it."]
    },
    {
        "type": "effect_type",
        "id": "asked_for_item",
        "name": ["Asked for Item"],
        "desc": ["AI tag for asking NPCs for items. This is a bug if you have it."]
    },
    {
        "type": "effect_type",
        "id": "catch_up",
        "name": ["Catch Up"],
        "desc": ["AI tag for telling NPCs to catch up. This is a bug if you have it."],
        "max_intensity": 15
    },
    {
        "type": "effect_type",
        "id": "infection",
        "name": ["Infection"],
        "desc": ["AI tag used for the infected NPC quest. This is a bug if you have it."],
        "base_mods": {
            "speed_mod": [-80]
        }
    },
    {
        "type": "effect_type",
        "id": "pet",
        "name": ["Pet"],
        "desc": ["AI tag used for pet critters. This is a bug if you have it."]
    },
    {
        "type": "effect_type",
        "id": "pacified",
        "name": ["Pacified"],
        "desc": ["AI tag used for pacified critters. This is a bug if you have it."]
    },
    {
        "type": "effect_type",
        "id": "has_bag",
        "name": ["Has Bag"],
        "desc": ["AI tag used for critters holding your bags. This is a bug if you have it."]
    },
    {
        "type": "effect_type",
        "id": "tied",
        "name": ["Tied Up"],
        "desc": ["AI tag used for tied up critters. This is a bug if you have it."]
    },
    {
        "type": "effect_type",
        "id": "targeted",
        "name": ["Turret is Targeted"],
        "desc": ["AI tag used for turret targeting sounds. This is a bug if you have it."]
    },
    {
        "type": "effect_type",
        "id": "bounced",
        "name": ["Bounced"],
        "desc": ["AI tag used for bouncing ammo targeting. This is a bug if you have it."]
    },
    {
        "//": "ACTUAL PLAYER EFFECTS START HERE",
        "type": "effect_type",
        "id": "downed",
        "name": ["Downed"],
        "desc": ["You're knocked to the ground.  You have to get up before you can move."],
        "apply_message": "You're knocked to the floor!",
        "rating": "bad"
    },
    {
        "type": "effect_type",
        "id": "darkness",
        "apply_message": "Your vision flickers and goes gray!",
        "remove_message": "The world flickers back to normality.",
        "rating": "bad"
    },
    {
        "type": "effect_type",
        "id": "stunned",
        "name": ["Stunned"],
        "desc": ["Your movement is randomized."],
        "apply_message": "You're stunned!",
        "rating": "bad"
    },
    {
        "type": "effect_type",
        "id": "onfire",
        "name": ["On Fire"],
        "desc": ["Loss of health - Entire Body\nYour clothing and other equipment may be consumed by the flames."],
        "remove_memorial_log": "Put out the fire.",
        "apply_message": "You're on fire!",
        "apply_memorial_log": "Caught on fire.",
        "rating": "bad"
    },
    {
        "type": "effect_type",
        "id": "bouldering",
        "name": ["Unstable footing"],
        "desc": ["Your footing is unstable.  It's more difficult to fight while standing here."],
        "apply_message": "You try to keep your balance.",
        "rating": "bad"
    },
    {
        "type": "effect_type",
        "id": "blind",
        "name": ["Blind"],
        "desc": ["Range of Sight: 0"],
        "apply_message": "You're blinded!",
        "remove_message": "Your sight returns!",
        "rating": "bad"
    },
    {
        "type": "effect_type",
        "id": "deaf",
        "name": ["Deaf"],
        "desc": ["Sounds will not be reported.  You cannot talk with NPCs."],
        "apply_message": "You're deafened!",
        "remove_message": "You can hear again!",
        "rating": "bad"
    },
    {
        "type": "effect_type",
        "id": "stung",
        "name": ["Stung"],
        "desc": ["You have been stung!"],
        "rating": "bad",
        "base_mods": {
            "pain_min": [1]
        }
    },
    {
        "type": "effect_type",
        "id": "poison",
        "name": ["Poisoned"],
        "desc": ["You have been poisoned!"],
        "miss_messages": [["You feel bad inside.", 1]],
        "rating": "bad",
        "resist_trait": "POISRESIST",
        "pain_sizing": true,
        "hurt_sizing": true,
        "main_parts_only": true,
        "base_mods": {
            "per_mod": [-2, -1],
            "dex_mod": [-1, -1],
            "str_mod": [-2, 0],
            "pain_min": [1],
            "pain_chance": [150, 900],
            "hurt_min": [1],
            "hurt_chance": [450, 2700]
        }
    },
    {
        "type": "effect_type",
        "id": "badpoison",
        "name": ["Badly Poisoned"],
        "desc": ["You have been badly poisoned!"],
        "miss_messages": [["You feel bad inside.", 2]],
        "rating": "bad",
        "resist_trait": "POISRESIST",
        "pain_sizing": true,
        "hurt_sizing": true,
        "main_parts_only": true,
        "base_mods": {
            "per_mod": [-2],
            "dex_mod": [-2],
            "str_mod": [-3, -1],
            "speed_mod": [-10],
            "pain_min": [2],
            "pain_chance": [100, 500],
            "hurt_min": [1],
            "hurt_max": [2],
            "hurt_chance": [300, 1800]
        }
    },
    {
        "type": "effect_type",
        "id": "foodpoison",
        "name": ["Food Poisoning"],
        "desc": ["Your stomach is extremely upset, and you are quite nauseous."],
        "miss_messages": [["Your stomach bothers you.", 1]],
        "rating": "bad",
        "resist_trait": "POISRESIST",
        "base_mods": {
            "per_mod": [-1],
            "dex_mod": [-1],
            "str_mod": [-3, -1],
            "speed_mod": [-20],
            "pain_min": [1],
            "pain_chance": [300, 900],
            "vomit_chance": [600, 1200]
        }
    },
    {
        "type": "effect_type",
        "id": "paralyzepoison",
        "name": [ "Slowed", "Slowed", "Slowed", "Slowed", "Slowed",
            "Sluggish", "Sluggish", "Sluggish", "Sluggish", "Sluggish",
            "Partially Paralyzed", "Partially Paralyzed", "Partially Paralyzed",
            "Partially Paralyzed", "Partially Paralyzed",
            "Totally Paralyzed", "Totally Paralyzed", "Totally Paralyzed",
            "Totally Paralyzed", "Totally Paralyzed"
        ],
        "desc": ["You are being slowed by a paralyzing poison!"],
        "miss_messages": [["You feel stiff.", 3]],
        "rating": "bad",
        "max_intensity": 20,
        "resist_trait": "POISRESIST",
        "int_add_val": 1,
        "int_decay_tick": 100,
        "base_mods": {
            "dex_mod": [-0.34, -0.17],
            "speed_mod": [-5, -3]
        },
        "scaling_mods": {
            "dex_mod": [-0.34, -0.17],
            "speed_mod": [-5, -3]
        }
    },
    {
        "type": "effect_type",
        "id": "lightsnare",
        "name": ["Stuck in a light snare"],
        "desc": ["You can't move until you get free!"],
        "apply_message": "You are snared!",
        "rating": "bad"
    },
    {
        "type": "effect_type",
        "id": "heavysnare",
        "name": ["Stuck in a heavy snare"],
        "desc": ["You can't move until you get free!"],
        "apply_message": "You are snared!",
        "rating": "bad"
    },
    {
        "type": "effect_type",
        "id": "beartrap",
        "name": ["Stuck in beartrap"],
        "desc": ["You can't move until you get free!"],
        "apply_message": "You are caught!",
        "rating": "bad"
    },
    {
        "type": "effect_type",
        "id": "glare",
        "name": ["Glare"],
        "desc": ["The sun is in your eyes."],
        "apply_message": "The sunlight's glare makes it hard to see.",
        "rating": "bad",
        "base_mods": {
            "per_mod": [-1]
        }
    },
    {
        "type": "effect_type",
        "id": "laserlocked",
        "name": ["Laser-targeted"],
        "desc": ["A laser sight is targeting you!"],
        "apply_message": "",
        "rating": "bad"
    },
    {
        "type": "effect_type",
        "id": "smoke",
        "name": ["Smoke"],
        "desc": ["You've inhaled a lungful of thick smoke."],
        "apply_message": "You inhale a lungful of thick smoke.",
        "rating": "bad",
        "miss_messages": [["Your lungs burn from the smoke.", 1]],
        "harmful_cough": true,
        "max_duration": 600,
        "base_mods" : {
            "str_mod": [-1],
            "dex_mod": [-1],
            "cough_chance": [10]
        }
    },
    {
        "type": "effect_type",
        "id": "teargas",
        "name": ["Tear gas"],
        "desc": ["You've been exposed to tear gas!"],
        "apply_message": "You inhale a lungful of tear gas.",
        "rating": "bad",
        "miss_messages": [["Your eyes burn from the tear gas.", 2]],
        "harmful_cough": true,
        "base_mods": {
            "str_mod": [-2],
            "dex_mod": [-2],
            "per_mod": [-5],
            "cough_chance": [3]
        }
    },
    {
        "type": "effect_type",
        "id": "boomered",
        "name": ["Boomered"],
        "desc": ["Range of Sight: 1;  You are covered in magenta bile!"],
        "apply_message": "You're covered in bile!",
        "rating": "bad",
        "base_mods": {
            "per_mod": [-5],
            "vomit_chance": [500]
        }
    },
    {
        "type": "effect_type",
        "id": "took_flumed"
    },
    {
        "type": "effect_type",
        "id": "took_xanax",
        "dur_add_perc": 22,
        "base_mods": {
            "stim_tick": [25],
            "stim_min":[-1],
            "stim_min_val":[-1]
        }
    },
    {
        "type": "effect_type",
        "id": "took_prozac"
    },
    {
        "type": "effect_type",
        "id": "in_pit",
        "name": ["Stuck in Pit"],
        "desc": ["You're stuck in a pit.  Sight distance is limited and you have to climb out."]
    },
    {
        "type": "effect_type",
        "id": "pkill1",
        "max_duration": 240,
        "base_mods": {
            "pkill_tick": [7],
            "pkill_min": [1],
            "pkill_max_val": [15]
        }
    },
    {
        "type": "effect_type",
        "id": "pkill2",
        "pkill_addict_reduces": true,
        "base_mods": {
            "pkill_tick": [7],
            "pkill_min": [2]
        }
    },
    {
        "type": "effect_type",
        "id": "pkill3",
        "pkill_addict_reduces": true,
        "base_mods": {
            "pkill_tick": [2],
            "pkill_min": [1]
        }
    },
    {
        "type": "effect_type",
        "id": "pkill_l",
        "pkill_addict_reduces": true,
        "base_mods": {
            "pkill_max_val": [40],
            "pkill_tick": [20],
            "pkill_min": [1]
        }
    },
    {
        "type": "effect_type",
        "id": "webbed",
        "name": ["Webbed"],
        "desc": ["You are covered in webs!"],
        "apply_message": "You're covered in webs!",
        "rating": "bad",
        "miss_messages": [["The webs constrict your movement.", 4]],
        "max_intensity": 3,
        "base_mods": {
            "speed_mod": [-20]
        },
        "scaling_mods": {
            "speed_mod": [-5]
        }
    },
    {
        "type": "effect_type",
        "id": "bite",
        "name": [
            "Bite",
            "Painful Bite"
        ],
        "desc": ["You have a nasty bite wound."],
        "apply_memorial_log": "Received a deep bite wound.",
        "remove_memorial_log": "Recovered from a bite wound.",
        "apply_message": "The bite wound feels really deep...",
        "main_parts_only": true,
        "rating": "bad",
        "int_dur_factor": 1200,
        "scaling_mods": {
            "dex_mod": [-1],
            "pain_chance": [100],
            "pain_min": [1],
            "pain_max_val": [10]
        }
    },
    {
        "type": "effect_type",
        "id": "infected",
        "name": [
            "Infected",
            "Badly Infected",
            "Pus Filled"
        ],
        "desc": ["You have an infected wound."],
        "apply_memorial_log": "Contracted an infection.",
        "remove_memorial_log": "Recovered from an infection... this time.",
        "apply_message": "Your bite wound feels infected",
        "main_parts_only": true,
        "rating": "bad",
        "int_dur_factor": 4800,
        "base_mods": {
            "pain_chance": [100],
            "pain_min": [1],
            "pain_max_val": [30],
            "str_mod": [-1],
            "dex_mod": [-1],
            "vomit_chance": [1000],
            "sleep_min": [60],
            "sleep_chance": [-102]
        },
        "scaling_mods": {
            "pain_max_val": [30],
            "str_mod": [-1],
            "dex_mod": [-1],
            "vomit_chance": [-400],
            "sleep_chance": [101]
        }
    },
    {
        "type": "effect_type",
        "id": "recover",
        "name": ["Recovering From Infection"],
        "desc": ["You are recovering from an infection."],
        "rating": "bad",
        "max_intensity": 3,
        "int_dur_factor": 19200,
        "base_mods": {
            "pain_chance": [100],
            "pain_min": [1],
            "pain_max_val": [30],
            "str_mod": [-1],
            "dex_mod": [-1],
            "vomit_chance": [1000],
            "sleep_min": [60],
            "sleep_chance": [-102]
        },
        "scaling_mods": {
            "pain_max_val": [30],
            "str_mod": [-1],
            "dex_mod": [-1],
            "vomit_chance": [-400],
            "sleep_chance": [101]
        }
    },
    {
        "type": "effect_type",
        "id": "spores",
        "name": [
            "Spore dusted",
            "Spore covered",
            "Spore coated"
        ],
        "speed_name": "Spore covered",
        "desc": ["You can feel the tiny spores sinking directly into your flesh."],
        "max_intensity": 3,
        "int_decay_tick": 120,
        "int_add_val": 1,
        "main_parts_only": true,
        "base_mods": {
            "speed_mod": [-7]
        },
        "scaling_mods": {
            "speed_mod": [-3]
        }
    },
    {
        "type": "effect_type",
        "id": "fungus",
        "apply_memorial_log": "Contracted a fungal infection.",
        "remove_memorial_log": "Cured the fungal infection.",
        "miss_messages": [["You feel sick inside.", 1]],
        "rating": "bad",
        "max_intensity": 3,
        "resist_trait": "POISRESIST",
        "base_mods": {
            "speed_mod": [-10],
            "str_mod": [-1],
            "dex_mod": [-1]
        }
    },
    {
        "type": "effect_type",
        "id": "visuals",
        "name": ["Hallucinating"],
        "desc": ["You can't trust everything that you see."]
    },
    {
        "type": "effect_type",
        "id": "rat",
        "name": ["Ratting"],
        "desc": ["You feel nauseated and rat-like."],
        "max_intensity": 100,
        "base_mods": {
            "int_mod": [-0.5],
            "str_mod": [-0.2],
            "per_mod": [-0.4]
        },
        "scaling_mods": {
            "int_mod": [-0.5],
            "str_mod": [-0.2],
            "per_mod": [-0.4]
        }
    },
    {
        "type": "effect_type",
        "id": "iodine",
        "base_mods": {
            "rad_chance": [16],
            "rad_min": [-1]
        }
    },
    {
        "type": "effect_type",
        "id": "shakes",
        "name": ["Shakes"],
        "desc": ["Your hands just won't stop shaking."],
        "miss_messages": [["You tremble", 4]],
        "base_mods": {
            "str_mod": [-1],
            "dex_mod": [-4]
        }
    },
    {
        "type": "effect_type",
        "id": "bleed",
        "name": [
            "Bleeding",
            "Bad Bleeding",
            "Heavy Bleeding"
        ],
        "desc": [
            "You are slowly losing blood.",
            "You are losing blood.",
            "You are rapidly losing blood."
        ],
        "main_parts_only": true,
        "apply_message": "You're bleeding!",
        "rating": "bad",
        "max_intensity": 3,
        "int_decay_tick": 120,
        "int_add_val": 1,
        "base_mods": {
            "str_mod": [-1],
            "per_mod": [-1]
        }
    },
    {
        "type": "effect_type",
        "id": "slimed",
        "name": ["Slimed"],
        "desc": ["You're covered in thick goo!"],
        "apply_message": "You're covered in thick goo!",
        "rating": "bad",
        "miss_messages": [["This goo makes you slip", 2]],
        "base_mods": {
            "dex_mod": [-2],
            "speed_mod": [-25],
            "vomit_chance": [2100]
        }
    },
    {
        "type": "effect_type",
        "id": "hallu"
    },
    {
        "type": "effect_type",
        "id": "cold",
        "name": [
            "Chilly",
            "Cold",
            "Freezing"
        ],
        "desc": [
            "Your %s is exposed to the cold.",
            "Your %s is very exposed to the cold.",
            "Your %s is dangerously cold!"
        ],
        "speed_name": "Cold",
        "max_intensity": 3,
        "part_descs": true,
        "base_mods": {
            "speed_mod": [-2]
        },
        "scaling_mods": {
            "speed_mod": [-7]
        }
    },
    {
        "type": "effect_type",
        "id": "hot",
        "name": [
            "Warm",
            "Hot",
            "Scorching"
        ],
        "desc": [
            "Your %s feels warm.",
            "Your %s is sweating from the heat.",
            "Your %s is sweating profusely!"
        ],
        "speed_name": "Hot",
        "max_intensity": 3,
        "part_descs": true,
        "base_mods": {
            "speed_mod": [-2],
            "thirst_tick": [400],
            "thirst_chance": [2],
            "pain_min": [1],
            "pain_chance": [2],
            "pain_max_val": [-1]
        },
        "scaling_mods": {
            "speed_mod": [-7],
            "thirst_min": [1],
            "thirst_tick": [-100],
            "pain_max_val": [10]
        }
    },
    {
        "type": "effect_type",
        "id": "frostbite",
        "name": [
            "Frostnip",
            "Frostbite"
        ],
        "desc": [
            "Your %s is frostnipped and has gone numb.",
            "Your %s is frostbitten! Its tissues are frozen from the cold!"
        ],
        "part_descs": true,
        "speed_name": "Frostbite",
        "dur_add_perc": 0,
        "scaling_mods": {
            "speed_mod": [-5]
        }
    },
    {
        "type": "effect_type",
        "id": "frostbite_recovery",
        "name": ["Defrosting"],
        "desc": ["Your %s is starting to feel the damage cold has wrought."],
        "part_descs": true,
        "base_mods": {
            "pain_max_val": [40],
            "pain_chance": [2],
            "pain_min": [1]
        }
    },
    {
        "type": "effect_type",
        "id": "blisters",
        "name": ["Blisters"],
        "desc": ["Your %s is blistering from the intense heat."],
        "main_parts_only": true,
        "part_descs": true,
        "miss_messages": [["Your blisters distract you", 1]],
        "base_mods": {
            "dex_mod": [-1],
            "str_mod": [-1],
            "per_mod": [-1],
            "pain_max_val": [35],
            "pain_chance": [2],
            "pain_min": [1],
            "hurt_chance": [4],
            "hurt_min": [1]
        }
    },
    {
        "type": "effect_type",
        "id": "dermatik"
    },
    {
        "type": "effect_type",
        "id": "formication",
        "name": [
            "Itchy skin",
            "Writhing skin",
            "Bugs in skin"
        ],
        "desc": ["You stop to scratch yourself frequently; high INT helps you resist the urge."],
        "apply_message": "Your skin feels extremely itchy!",
        "rating": "bad",
        "main_parts_only": true,
        "max_intensity": 3,
        "base_mods": {
            "str_mod": [-0.34],
            "int_mod": [-1]
        },
        "scaling_mods": {
            "str_mod": [-0.34],
            "int_mod": [-1]
        }
    },
    {
        "type": "effect_type",
        "id": "sap",
        "name": ["Sap-coated"],
        "desc": ["You're coated in sap!"],
        "apply_message": "You're coated in sap!",
        "rating": "bad",
        "miss_messages": [["The sap's too sticky for you to fight effectively.", 3]],
        "base_mods": {
            "speed_mod": [-25],
            "dex_mod": [-3]
        }
    },
    {
        "type": "effect_type",
        "id": "common_cold",
        "name": ["Common Cold"],
        "desc": ["Symptoms alleviated by medication (cough syrup)."],
        "apply_memorial_log": "Caught a cold.",
        "remove_memorial_log": "Got over the cold.",
        "apply_message": "You feel a cold coming on...",
        "rating": "bad",
        "resist_effect": "took_flumed",
        "miss_messages": [["You're too stuffed up to fight effectively.", 1]],
        "base_mods": {
            "thirst_tick": [300],
            "thirst_min": [1],
            "fatigue_tick": [50],
            "fatigue_min": [1],
            "str_mod": [-3, -1],
            "dex_mod": [-1, 0],
            "per_mod": [-1, 0],
            "int_mod": [-2, -1],
            "cough_chance": [300, 0]
        }
    },
    {
        "type": "effect_type",
        "id": "flu",
        "name": ["Influenza"],
        "desc": ["Symptoms alleviated by medication (cough syrup)."],
        "apply_memorial_log": "Caught the flu.",
        "remove_memorial_log": "Got over the flu.",
        "apply_message": "You feel a flu coming on...",
        "rating": "bad",
        "resist_effect": "took_flumed",
        "base_mods": {
            "thirst_tick": [300],
            "thirst_min": [1],
            "fatigue_tick": [50],
            "fatigue_min": [1],
            "str_mod": [-4, -2],
            "dex_mod": [-2, 0],
            "per_mod": [-1, 0],
            "int_mod": [-2, -1],
            "pain_max_val": [15],
            "pain_min": [1, 0],
            "cough_chance": [300, 0],
            "vomit_chance": [3600, 7200]
        }
    },
    {
        "type": "effect_type",
        "id": "flushot"
    },
    {
        "type": "effect_type",
        "id": "evil"
    },
    {
        "type": "effect_type",
        "id": "attention"
    },
    {
        "type": "effect_type",
        "id": "jetinjector",
        "name": [
            "Chemical Comedown",
            "Chemical Rush"
        ],
        "desc": [
            "You feel completely drained.",
            "You feel the rush of stimulants in your body!"
        ],
        "apply_message": "You feel a rush as the chemicals flow through your body!",
        "decay_messages": [["The jet injector's chemicals wear off.  You feel AWFUL!", "bad"]],
        "rating": "good",
        "max_intensity": 2,
        "int_dur_factor": 50,
        "base_mods": {
            "str_mod": [-1],
            "dex_mod": [-2],
            "per_mod": [-2],
            "int_mod": [-1]
        },
        "scaling_mods": {
            "str_mod": [2],
            "dex_mod": [3],
            "per_mod": [3],
            "int_mod": [1]
        }
    },
    {
        "type": "effect_type",
        "id": "adrenaline",
        "name": [
            "Adrenaline Comedown",
            "Adrenaline Rush"
        ],
        "desc": [
            "You feel completely drained.",
            "You feel the rush of adrenaline in your body!"
        ],
        "apply_message": "You feel a surge of adrenaline!",
        "rating": "good",
        "decay_messages": [["Your adrenaline rush wears off.  You feel AWFUL!", "bad"]],
        "miss_messages": [["Your comedown throws you off.", 1]],
        "max_intensity": 2,
        "int_dur_factor": 150,
        "dur_add_perc": 15,
        "base_mods": {
            "speed_mod": [-10],
            "str_mod": [-2],
            "dex_mod": [-1],
            "int_mod": [-1],
            "per_mod": [-1]
        },
        "scaling_mods": {
            "speed_mod": [50],
            "str_mod": [7],
            "dex_mod": [4],
            "int_mod": [-7],
            "per_mod": [2]
        }
    },
    {
        "type": "effect_type",
        "id": "adrenaline_mycus",
        "name": [
            "Mycus Respite",
            "Mycus Wrath"
        ],
        "desc": [
            "Our fibers are stretched near breaking.  Local power diverted to regenerate.",
            "Our enemies are near, and violent action is imminent.  We are turgid."
        ],
        "apply_message": "Mycal wrath fills our fibers, and we grow turgid.",
        "rating": "good",
        "decay_messages": [["We require repose; our fibers are nearly spent...", "bad"]],
        "max_intensity": 2,
        "int_dur_factor": 150,
        "base_mods": {
            "speed_mod": [-10],
            "str_mod": [-2],
            "dex_mod": [-1],
            "int_mod": [-1],
            "per_mod": [-1]
        },
        "scaling_mods": {
            "speed_mod": [50],
            "str_mod": [7],
            "dex_mod": [4],
            "int_mod": [-7],
            "per_mod": [2]
        }
    },
    {
        "type": "effect_type",
        "id": "meth",
        "name": [
            "Meth comedown",
            "High on Meth"
        ],
        "max_intensity": 2,
        "int_dur_factor": 200,
        "base_mods": {
            "speed_mod": [-40],
            "str_mod": [-3],
            "dex_mod": [-2],
            "int_mod": [-1],
            "per_mod": [-2],
            "vomit_chance": [2000]
        },
        "scaling_mods": {
            "speed_mod": [90],
            "str_mod": [4],
            "dex_mod": [4],
            "int_mod": [3],
            "per_mod": [5],
            "fatigue_min": [1]
        }
    },
    {
        "type": "effect_type",
        "id": "cig",
        "name": ["Nicotine"],
        "desc": [
            "",
            "You smoked too much"
        ],
        "max_intensity": 2,
        "int_dur_factor": 600,
        "base_mods": {
            "int_mod": [1],
            "per_mod": [1]
        },
        "scaling_mods": {
            "str_mod": [-1],
            "dex_mod": [-1],
            "int_mod": [-1],
            "per_mod": [-1],
            "vomit_chance": [500]
        }
    },
    {
        "type": "effect_type",
        "id": "grack",
        "name": ["Grack"],
        "desc": ["Unleashed the Gracken."],
        "apply_message": "RELEASE THE GRACKEN!!!!",
        "base_mods": {
            "speed_mod": [20000],
            "str_mod": [400],
            "dex_mod": [400],
            "int_mod": [400],
            "per_mod": [400]
        }
    },
    {
        "type": "effect_type",
        "id": "teleglow"
    },
    {
        "type": "effect_type",
        "id": "high",
        "name": ["High"],
        "apply_message": "You feel lightheaded.",
        "base_mods": {
            "int_mod": [-1],
            "per_mod": [-1]
        }
    },
    {
        "type": "effect_type",
        "id": "weed_high",
        "apply_message": "You feel lightheaded.",
        "miss_messages": [["That critter's jumping around like a jitterbug! It needs to mellow out.", 1]],
        "base_mods": {
            "str_mod": [-1],
            "dex_mod": [-1],
            "per_mod": [-1]
        }
    },
    {
        "type": "effect_type",
        "id": "contacts",
        "name": ["Contact Lenses"],
        "desc": ["You are wearing contact lenses."],
        "apply_message": "You can see more clearly.",
        "remove_message": "Your vision starts to blur.",
        "rating": "good"
    },
    {
        "type": "effect_type",
        "id": "drunk",
        "name": [
            "Tipsy",
            "Drunk",
            "Trashed",
            "Wasted"
        ],
        "max_intensity": 4,
        "apply_message": "You feel lightheaded.",
        "int_dur_factor": 1000,
        "miss_messages": [["You feel woozy.", 1]],
        "base_mods": {
            "str_mod": [1],
            "vomit_chance": [-43],
            "sleep_chance": [-1003],
            "sleep_min": [2500],
            "sleep_max": [3500]
        },
        "scaling_mods": {
            "str_mod": [-0.67],
            "per_mod": [-1],
            "dex_mod": [-1],
            "int_mod": [-1.42],
            "vomit_chance": [21],
            "sleep_chance": [501]
        }
    },
    {
        "type": "effect_type",
        "id": "amigara",
        "apply_message": "You can't look away from the faultline...",
        "rating": "bad"
    },
    {
        "type": "effect_type",
        "id": "asthma",
        "name": [
            "Asthma",
            "Asthma",
            "Asthma",
            "Asthma",
            "Heavy Asthma",
            "Heavy Asthma"
        ],
        "apply_message": "You can't breathe... asthma attack!",
        "rating": "bad",
        "max_intensity": 6,
        "int_dur_factor": 200,
        "miss_messages": [["You're winded.", 3]],
        "base_mods": {
            "str_mod": [-2],
            "dex_mod": [-3],
            "speed_mod": [-20]
        },
        "scaling_mods": {
            "speed_mod": [-40]
        }
    },
    {
        "type": "effect_type",
        "id": "crushed",
        "apply_message": "The ceiling collapses on you!",
        "rating": "bad"
    },
    {
        "type": "effect_type",
        "id": "stemcell_treatment",
        "name": ["Stem cell treatment"],
        "desc": ["Your insides are shifting in strange ways as the treatment takes effect."],
        "apply_message": "You receive a pureed bone & enamel injection into your eyeball.",
        "rating": "bad"
    },
    {
        "type": "effect_type",
        "id": "valium",
        "removes_effect": "shakes",
        "base_mods": {
            "stim_tick": [25],
            "stim_chance": [2],
            "stim_min": [1],
            "stim_min_val": [-1]
        }
    },
    {
        "type": "effect_type",
        "id": "music"
    },
    {
        "type": "effect_type",
        "id": "relax_gas",
        "name": ["Relaxation gas"],
        "desc": ["Strength - 3;   Dexterity - 3;   Intelligence - 2;   Perception - 4\nYou are thoroughly relaxed and don't feel like moving.  Fighting? Too much effort."],
        "apply_message": "You inhale sweetish gas.",
        "remove_message": "The slackness leaves your muscles.",
        "rating": "bad",
        "base_mods": {
            "str_mod": [-3],
            "dex_mod": [-3],
            "int_mod": [-2],
            "per_mod": [-4]
        }
    },
    {
        "type": "effect_type",
        "id": "tapeworm",
        "rating": "bad",
        "base_mods": {
            "hunger_chance": [50],
            "hunger_min": [1]
        }
    },
    {
        "type": "effect_type",
        "id": "bloodworms",
        "rating": "bad",
        "base_mods": {
            "thirst_tick": [100],
            "thirst_min": [1],
            "h_mod_chance": [512],
            "h_mod_min": [-10],
            "cough_chance": [300, 0]
        }
    },
    {
        "type": "effect_type",
        "id": "brainworm",
        "rating": "bad",
        "base_mods": {
            "pain_chance": [512],
            "pain_min": [2],
            "pain_max": [8],
            "h_mod_chance": [512],
            "h_mod_min": [-10]
        }
    },
    {
        "type": "effect_type",
        "id": "paincysts",
        "rating": "bad",
        "base_mods": {
            "pain_chance": [256],
            "pain_min": [1],
            "pain_max": [4],
            "fatigue_chance": [256],
            "fatigue_min": [1]
        }
    },
    {
        "type": "effect_type",
        "id": "tetanus",
        "rating": "bad",
        "resist_effect": "valium",
        "base_mods": {
            "dex_mod": [-4, 0]
        }
    },
    {
        "type": "effect_type",
        "id": "datura",
        "name": ["Experiencing Datura"],
        "desc": ["Buy the ticket, take the ride.  The datura has you now."],
        "rating": "bad",
        "base_mods": {
            "per_mod": [-6],
            "dex_mod": [-3],
            "thirst_chance": [8],
            "thirst_min": [1],
            "thirst_max_val": [20]
        }
    },
    {
        "type": "effect_type",
        "id": "grabbed",
        "name": ["Grabbed"],
        "desc": ["You have been grabbed by an attack.\nYou cannot dodge and blocking is very difficult."],
        "apply_message": "You have been grabbed.",
        "rating": "bad",
        "base_mods": {
            "speed_mod": [-25]
        }
    },
    {
        "type": "effect_type",
        "id": "lack_sleep",
        "name": ["Lacking Sleep"],
        "desc": ["You haven't slept in a while, and it shows."],
        "apply_message": "You are too tired to function well.",
        "rating": "bad",
        "miss_messages": [["You don't have energy to fight.", 1]],
        "base_mods": {
            "speed_mod": [-5],
            "str_mod": [-1],
            "dex_mod": [-1],
            "int_mod": [-2],
            "per_mod": [-2]
        }
    },
    {
        "type": "effect_type",
        "id": "lying_down",
        "apply_message": "You lie down to go to sleep...",
        "rating": "neutral"
    },
    {
        "type": "effect_type",
        "id": "sleep",
        "remove_message": "You wake up.",
        "rating": "neutral",
        "max_intensity": 24
    },
    {
        "type": "effect_type",
        "id": "alarm_clock"
    }
]
