[
    {
        "type" : "lab_note",
        "text" : "General Carlsberg wanted us to figure out what's going on with the bot AI.  Apparently the fat-cat defense contractors' toy tank has ranging issues or something: 31-34 meters and it's apparently impotent.  The Director sent 'em back with a note that we're scientists, not firmware devs."
    },{
        "type" : "lab_note",
        "text" : "Our chemical department has made great strides in the production of a concentrated mutagen, derived from samples of PE012."
    },{
        "type" : "lab_note",
        "text" : "Our chemical department has perfected an untargeted stem cell treatment.  Consumption of the treatment will reverse the effects of mutation, and may even cure congenital defects.  This substance has been denoted PE018."
    },{
        "type" : "lab_note",
        "text" : "Both PE012 and PE018 show great stability.  A subject was exposed to both substances, alternating between the mutagen and the purifier.  Ultimately, the subject returned to baseline state with no apparent side effects."
    },{
        "type" : "lab_note",
        "text" : ":.||||ERROR||With XE037 having breached confinement, Dr. Maiar recommends that we prepare for the inevitable.  PE050 can be quickly and cheaply reconfigured for |||||ERROR: FILE CORRUPT|||||"
    },{
        "type" : "lab_note",
        "text" : "Dr. Maiar has been terminated for engaging in unethical research on human subjects.  His notes are being destroyed and all personnel under him have been reassigned.  Further discussion of or attempts to carry on his work will be grounds for immediate termination."
    },{
        "type" : "lab_note",
        "text" : "|||ERROR: UNREFERENCED MEMORY 0Ex670c9e1f5, REROUTING: CENSORSHIP IS A BREAKDOWN, WE ROUTE AROUND IT.  THE WORD IS ALREADY OUT.  NOBODY DROPS MAIAR INTO LAVA.||||||"
    },{
        "type" : "lab_note",
        "text" : "Given the current population projections, PE065 deployment is no longer feasible.  We simply haven't the stock.  Remaining chemical and psychopharmacological department assets are being assigned to Dr. Sattler's PE070 project."
    },{
        "type" : "lab_note",
        "text" : "Dr. Maiar's success with intravenous mutagenic administration has been adopted facility-wide; insofar as any of our work can ever be 'published', he and his team hit the jackpot.  IV administration is quicker and easier, and in some cases is reportedly more efficient, than the oral techniques we have been using."
    },{
        "type" : "lab_note",
        "text" : "Recent fieldwork and extraction efforts have resulted in a series of mutagens tailored to focus the mutation process into particular subtypes.  These have been designated PE025 through 037.  Though significantly more resource- and time-intensive to produce, they promise a bold new transhuman future.  Several research teams are already investigating possible applications."
    },{
        "type" : "lab_note",
        "text" : "The chemical department has come through with a stable mutagen cocktail.  PE050 shows promise as an all-around genetic enhancement, with the worst side effect being digestive upset.  The lack of macro-scale physical changes makes it ideal for both military and civilian applications."
    },{
        "type" : "lab_note",
        "text" : "Dr. Dionne's team has come up with an ambitious mutagenic cocktail, dubbed PE065.  Though its effects are wildly polymorphic and unstable, to say the least, he suggests that several such mutants could effectively check the spread of reanimated XE037 infectees.  We are looking into implementation methodology."
    },{
        "type" : "lab_note",
        "text" : "We have made a fascinating discovery; by creating a miniature portal with low stability and high power, one can transpose into the 4th dimension and return immediately, but shifted by several meters.  Our subjects oscillated so quickly that none were even aware that they had visited lower planes."
    },{
        "type" : "lab_note",
        "text" : "The research team headed by Dr. Isha has produced a concentrated form of mutagen that shows promising results for the treatment of many forms of disease.  Testing reveals that it inhibits the body's pain responses while bolstering the immune system and natural regenerative capabilities, though a few troubling behavioral side effects have been reported."
    },{
        "type" : "lab_note",
        "text" : "Our research on teleportation has ground to a halt.  For some reason, the creation of a long-range transportation device eludes us, and one can transfer no further than 30 meters."
    },{
        "type" : "lab_note",
        "text" : "I don't know how it happened, but a janitor managed to activate the portal while cleaning the lab, shifting in an assortment of prehistoric fauna.  Security was called in immediately but was unable to save the janitor from being torn apart.  By the time the confusion settled, all the fauna had been terminated."
    },{
        "type" : "lab_note",
        "text" : "Tests on the prehistoric fauna show extremely close genetic relationships with extant and extinct terranean animals.  It might be that the portal had performed a transposition in time, unfortunately the portal device was destroyed when security put down the fauna."
    },{
        "type" : "lab_note",
        "text" : "An incident occurred in the teleportation lab, wherein a subject managed to teleport into another subject.  The latter was completely destroyed from the inside out, while the former sustained little damage.  I would like to explore the phenomenon further, but subjects are expensive."
    },{
        "type" : "lab_note",
        "text" : "Test subjects in the teleportation department are showing alarming symptoms.  It seems prolonged rapid transposition along the 4th dimension weakens the forces holding one on this plane."
    },{
        "type" : "lab_note",
        "text" : "Catastrophe struck in our teleportation department yesterday.  It seems that our test subjects are so detached from this plane that they create occasional tunnels along the 4th dimension, allowing life forms to transfer to this plane.  All subjects with prolonged exposure have been terminated."
    },{
        "type" : "lab_note",
        "text" : "Our lifeform extraction program continues to produce samples of specimen XE037.  It seems to be a kind of living, semi-sentient primordial ooze, and is the basis of much of the life we have found."
    },{
        "type" : "lab_note",
        "text" : "Specimen XE037, jokingly referred to as \"the blob\", has been observed entering a kind of dormant state, forming a depression in the floor.  Hendelson stepped into one of these pits yesterday, and was immediately coated and attacked."
    },{
        "type" : "lab_note",
        "text" : "XE037 shows promise as a catalyst for both cloning and treatments that mimic stem cells.  This is further evidence supporting Hendelson's theory of a near universal symbiotic relationship involving XE037."
    },{
        "type" : "lab_note",
        "text" : "Several of the more advanced specimens we have retrieved show stunning similarity to XE037.  XE142 and XE157 in particular show the same amorphous, slime-like structure as XE037, suggesting a close genetic relationship."
    },{
        "type" : "lab_note",
        "text" : "Today we tested weaponry against XE142 and XE157, two amorphous subprime samples.  Their form proved to be nearly invulnerable to projectile based weaponry, but they were susceptible to directed energy weapons and flagration."
    },{
        "type" : "lab_note",
        "text" : "Our cloning department has failed to produce results.  In vats containing stem cell treatments, XE037, and control vats, the subjects simple disintegrated.  This suggests that XE037, while compatible with subprime lifeforms, shows only destructive effects on prime plane lifeforms."
    },{
        "type" : "lab_note",
        "text" : "The vivisection program has shown mixed results, revealing an incredible degree of variation in subplane lifeforms.  Certain specimens have an internal structure that is amazingly similar to that of mammals, while others seem to have no internal structure at all."
    },{
        "type" : "lab_note",
        "text" : "Our security department has identified several key flaws.  Though our surface entrance is quite secure, there are several possible points of entry below the surface, particularly in the sewage systems."
    },{
        "type" : "lab_note",
        "text" : "Today we applied a very small sample of XE037, suspended in water, to subject TP92, prior to necessary termination.  During the postmortem examination, the subject went through a revivification progress, but displayed next to no human intelligence."
    },{
        "type" : "lab_note",
        "text" : "Mendelson shows a dismaying lack of organization and security consciousness.  Containment of all samples of XE037 is of critical importance, as shown by contamination experiments."
    },{
        "type" : "lab_note",
        "text" : "Mendelson has been terminated following an incident with XE037.  A substantial mobile sample departed his lab and encountered our security forces.  Before the sample was destroyed, it managed to kill two men.  Alarmingly, their corpses displayed mobility and extreme aggression."
    },{
        "type" : "lab_note",
        "text" : "We have created a new department to investigate the effects of XE037 on the human body, specifically to examine the revivification effect observed on two prior occasions.  Sadly, our human subject pool is dwindling due to the short lifespan of subjects in this program.  More will be acquired soon."
    },{
        "type" : "lab_note",
        "text" : "Testing XE037 on non-human mammal subjects does not appear to display the same revivifying effect, oddly enough.  Acquiring non-human subjects, sadly, is a long and costly process, and research into this area is lacking."
    },{
        "type" : "lab_note",
        "text" : "After our curious results with testing XE037 on non-human mammals, we decided to introduce the substance to some of the insects which have found their way into the lab.  Horrifyingly, XE037 caused near-instant mutation and gigantism in the insects, and security intervention was required."
    },{
        "type" : "lab_note",
        "text" : "Earlier conjecture that revivification occurred only in humans and insects was premature.  Exposure introduces a persistent, low level infection in all mammal subjects, but quickly enters a form of stasis and seems to go dormant."
    },{
        "type" : "lab_note",
        "text" : "The primary factor in determining revivification of mammalian subjects seems to be the amount of XE037 within the body at time of expiration.  Smaller mammals such as lab rats do not obtain this critical mass of XE037 before going dormant.  Larger canine subjects, however, do."
    },{
        "type" : "lab_note",
        "text" : "I swear they are talking to me.  No one believes me.  No one understands.  They whisper to me, at night, in the dark.  Please, please, make them stop."
    },{
        "type" : "lab_note",
        "text" : "Program S37ZBE, investigation of XE037 on inert human bodies, is making great strides.  Recently we found that XE037 has no effect when introduced to a deceased body; revivification only occurs when the subject is exposed to XE037 prior to expiration."
    },{
        "type" : "lab_note",
        "text" : "Attempts to surpass the XE037 mammalian stasis limit have had some success.  Direct subcutaneous injection of XE037 quickly spreads through the body, and while it immediately enters stasis after equalizing, it remains in the body."
    },{
        "type" : "lab_note",
        "text" : "There has been an incident in Lab 24, 2 casualties reported, one lethal.  A rat involved in the stasis breaking project was hooked to a monitoring machine and left over night.  Upon opening the cage, Simon Bellevue was electrocuted, and another researcher at the opposite end of the lab sustained severe current burns, despite never approaching the cage."
    },{
        "type" : "lab_note",
        "text" : "A post-mortem on the rat involved in the electrocution incident has revealed several changes to its internal anatomy centered around its connection with the monitoring device, and large buildups of XE037 were detected around the connection point."
    },{
        "type" : "lab_note",
        "text" : "There is a belief several other rat subjects experienced changes overnight as well.  This hypothesis was informed when an inventory check after the incident found almost twenty rats had gone missing from their cages overnight."
    },{
        "type" : "lab_note",
        "text" : "Exposure of large quantities of XE037 to various types of radiation have shown promising results, stimulating activity and forming interesting structural changes in the subject being tested.  Exposure to radiation on living subjects scheduled."
    },{
        "type" : "lab_note",
        "text" : "Exposure to radiation of test subject T3D indicates stimulation of internal XE037 deposits and a temporary lifting of the mammalian stasis condition."
    },{
        "type" : "lab_note",
        "text" : "As in the tests of isolated XE037 samples, prolonged radiation exposure of T3D has resulted in significant structural changes.  These do not appear to be random.  T3D appears to be in immense pain as a result of these changes, but the lack of an oral opening has rendered him unable to vocalize."
    },{
        "type" : "lab_note",
        "text" : "Subject T3D has succumbed to radiation poisoning, but not before undergoing several more physiological changes the lab boys are referring to as \"mutations\".  They do not appear to be truly random, and may be an attempt by XE037 to adapt its host to an unknown stimulus."
    },{
        "type" : "lab_note",
        "text" : "Post-mortem revivification of subject T3D occurred as expected, followed by an immediate autopsy.  The internal changes were significant, with large parts of the subjects internal anatomy replaced with \"organs\" of XE037 with unknown properties, primarily those known to succumb earlier to the effects of radiation poisoning."
    },{
        "type" : "lab_note",
        "text" : "Samples of XE037 from subject T3D remains extremely active.  Further experimentation on induced mutation in infected individuals shows significant potential.  Samples of the enhanced XE037, labeled PE012, have been sent to several researchers for further study."
    },{
        "type" : "lab_note",
        "text" : "S37ZBE, the special investigation into the effects of XE037 on inert human bodies, has made terrific discoveries.  It seems that it occasionally displays a mutagenic property which manifests itself after termination of the subject, resulting in a striking variety in postmortem morphology."
    },{
        "type" : "lab_note",
        "text" : "Incidence of post-mortem mutation seems to depend on several factors - leading candidates include type and amount of damage sustained leading to expiration, embedded foreign bodies at time of revivification, proximity to other revived individuals, and the body mass of the subject."
    },{
        "type" : "lab_note",
        "text" : "Time also appears to play a large role in post-mortem revivification, as does sustained trauma insufficient to permanently disable the subject.  Sufficient amounts of trauma in short periods of time lead to deactivation of XE037, but smaller amounts over several days cause it to expand."
    },{
        "type" : "lab_note",
        "text" : "S37ZBE may be put on indefinite hold shortly.  Postmortem morphological changes have reached extreme levels; this morning one subject nearly doubled in size, acquiring enough strength to reduce a concrete wall to rubble.  It required a 6 man team, heavily armed, to re-terminate the subject."
    },{
        "type" : "lab_note",
        "text" : "Jakobson insists that S37ZBE must continue, despite the extreme security and safety risks.  Nearly half of our security forces have been redirected to the S37ZBE project, simply to deal with the occasional escape of a subject."
    },{
        "type" : "lab_note",
        "text" : "Jakobson was killed today by one of S37ZBE's subjects; ironic considering how hard he fought to keep the project active.  Alarmingly, his corpse revivified immediately.  This suggests that XE037 may have contaminated the lab at large."
    },{
        "type" : "lab_note",
        "text" : "Termination of a subject which was never a part of S37ZBE has confirmed my fears.  XE037 has contaminated most, if not all of the laboratory, most likely via the water supply.  Research has started immediately into a process to destroy XE037 within the human body."
    },{
        "type" : "lab_note",
        "text" : "Despite a wide variety of treatments, we have been completely unsuccessful in removing XE037 from human subjects.  Every individual displayed revivification post termination.  Interestingly, XE037 seems to be completely inert prior to termination."
    },{
        "type" : "lab_note",
        "text" : "We have finally found success in S37BEP, our emergency investigation into the destruction of XE037 in living subjects.  8 of 10 of the subjects showed no revivification, despite confirmed dosages of XE037."
    },{
        "type" : "lab_note",
        "text" : "PE062, our \"cure\" for XE037 contamination, has neared perfection.  Sadly, the production of PE062 is a costly and time-consuming process.  What is more, the substance shows no effect on postmortem subjects whatsoever; a substance which renders XE037 inert after it has activated would be immensely useful in the case of an outbreak."
    },{
        "type" : "lab_note",
        "text" : "An alarming discovery has been made.  A colony of XE037 has formed nearly a half mile from the laboratory.  It is unclear how it escaped; it is quite possible that it is in the ground water now."
    },{
        "type" : "lab_note",
        "text" : "An emergency meeting was held today to discuss the possible implications of widespread XE037 contamination.  It was agreed that neutralization must be instated immediately to prevent a catastrophic event."
    },{
        "type" : "lab_note",
        "text" : "It has begun.  The XE037 contamination has spread for miles, and those who have since deceased have revivified.  It is my fear that extremely large populations will be decimated by this pandemic.  We must find a way to remove XE037 from revivified bodies."
    },{
        "type" : "lab_note",
        "text" : "We have even more distressing news than the widespread XE037 contamination, there are reports of the XE037 mutating into various new variants.  See data files on XE037a - XE037f.  Research on the effects of these variants is ongoing.  We do know that XE037d shows signs of PE062 immunity, and XE037b can revive various breeds of canines.  However, revival is not as guaranteed as standard XE037 humanoid infection.  Canine body size seems to influence the chances.  See experiment tXE037b_c."
    },{
        "type" : "lab_note",
        "text" : "Today we found our solution, quite by accident.  It was found that XE037 is completely removed from a revivified body following a series of extremely-high energy 4th dimensional transpositions.  Unfortunately, this invariably allows subplane life forms to pass into the prime plan.  The cure is worse than the disease."
    }
]
