[
    {
        "type" : "item_group",
        "subtype": "collection",
        "id": "map_extra_science",
        "entries":
        [
            { "item": "corpse", "damage": 3, "c":"always a corpse, pulped!" },
            { "item": "id_science", "prob": 50, "c":"half the time an id card" },
            { "item": "coat_lab", "damage-min": 1, "damage-max": 3, "c":"all the time a lab coat" },
            { "group": "science" },
            { "group": "lab_pants", "damage-min": 1, "damage-max": 3 },
            { "group": "lab_shoes", "damage-min": 1, "damage-max": 3 },
            { "group": "lab_torso", "damage-min": 1, "damage-max": 3 },
            { "group": "underwear", "damage-min": 1, "damage-max": 3 }
        ]
    }, {
        "type" : "item_group",
        "subtype": "collection",
        "id": "map_extra_military",
        "entries":
        [
            { "item": "corpse", "damage": 3 },
            { "group": "mil_armor_torso", "damage-min": 1, "damage-max": 4, "prob": 40 },
            { "group": "mil_armor_helmet", "damage-min": 1, "damage-max": 4, "prob": 30 },
            { "group": "military", "damage-min": 1, "damage-max": 4, "prob": 86 },
            { "item": "winter_pants_army", "damage-min": 1, "damage-max": 4 },
            { "item": "boots_combat", "damage-min": 1, "damage-max": 4 },
            { "item": "id_military", "prob": 12 },
            { "group": "underwear", "damage-min": 1, "damage-max": 3 }
        ]
    }, {
        "type" : "item_group",
        "subtype": "collection",
        "id": "map_extra_drugdeal",
        "entries":
        [
            { "item": "corpse", "damage": 3 },
            { "group": "drugdealer", "prob": 75 },
            { "item": "pants_cargo", "damage-min": 1, "damage-max": 4 },
            { "group": "lab_shoes", "damage-min": 1, "damage-max": 4, "prob": 50 },
            { "group": "shirts", "damage-min": 1, "damage-max": 4, "prob": 50 },
            { "group": "jackets", "damage-min": 1, "damage-max": 4, "prob": 30 },
            { "group": "underwear", "damage-min": 1, "damage-max": 3 }
        ]
    }, {
        "type" : "item_group",
        "subtype": "collection",
        "id": "map_extra_police",
        "entries":
        [
            { "item": "corpse", "damage": 3 },
            { "group": "cop_torso", "damage-min": 1, "damage-max": 4 },
            { "group": "cop_armory", "damage-min": 1, "damage-max": 4, "prob": 30 },
            { "group": "cop_weapons", "damage-min": 1, "damage-max": 4, "prob": 86 },
            { "group": "prison_armor", "damage-min": 1, "damage-max": 4, "prob": 86 },
            { "group": "cop_pants", "damage-min": 1, "damage-max": 4 },
            { "group": "cop_shoes", "damage-min": 1, "damage-max": 4 },
            { "group": "underwear", "damage-min": 1, "damage-max": 3 }
        ]
    }, {
        "type" : "item_group",
        "subtype": "distribution",
        "id": "underwear",
        "groups":
        [
            ["female_underwear", 50],
            ["male_underwear", 50]
        ]
    }, {
        "type" : "item_group",
        "subtype": "collection",
        "id": "female_underwear",
        "groups":
        [
            "female_underwear_top",
            "female_underwear_bottom"
        ]
    }, {
        "type" : "item_group",
        "subtype": "collection",
        "id": "male_underwear",
        "groups":
        [
            "male_underwear_top",
            "male_underwear_bottom"
        ]
    }
]
