[
    {
        "type" : "martial_art",
        "id" : "style_none",
        "name" : "No style",
        "description" : "Not a martial art, this is just plain old punching and kicking.",
        "arm_block" : 1,
        "leg_block" : 99
    },{
        "type" : "martial_art",
        "id" : "style_brawling",
        "name" : "Brawling",
        "description" : "You're used to hand-to-creature fighting.  Not stylish or sporting, but it gets the job done.",
        "arm_block" : -1,
        "leg_block" : 7,
        "techniques" : [
            "tec_brawl_feint",
            "tec_brawl_power",
            "tec_brawl_trip",
            "tec_brawl_counter"
        ]
    },{
        "type" : "martial_art",
        "id" : "style_karate",
        "name" : "Karate",
        "description" : "Karate is a popular martial art, originating from Japan. It focuses on rapid, precise attacks, blocks, and fluid movement. A successful hit allows you an extra dodge and two extra blocks on the following round.",
        "arm_block" : 2,
        "leg_block" : 99,
        "onhit_buffs" : [
            {
                "id" : "karate_hit_buff",
                "name" : "Karate Hit",
                "unarmed_allowed" : true,
                "min_unarmed" : 0,
                "buff_duration" : 3,
                "description" : "+1 Dodges, +2 Blocks",
                "bonus_dodges" : 1,
                "bonus_blocks" : 2
            }
        ],
        "techniques" : ["tec_karate_rapid", "tec_karate_precise"]
    },{
        "type" : "martial_art",
        "id" : "style_aikido",
        "name" : "Aikido",
        "description" : "Aikido is a Japanese martial art focused on self-defense, while minimizing injury to the attacker. It uses defensive throws and disarms. Damage done while using this technique is halved, but pain inflicted is doubled.",
        "arm_block" : 99,
        "leg_block" : 99,
        "static_buffs" : [
            {
                "id" : "aikido_half_damage",
                "name" : "Aikido",
                "unarmed_allowed" : true,
                "bash_mult" : 0.5,
                "min_unarmed" : 0,
                "buff_duration" : 2,
                "description" : "Half damage to enemies"
            }
        ],
        "techniques" : [
            "tec_aikido_feint",
            "tec_aikido_disarm",
            "tec_aikido_throw",
            "tec_aikido_dodgethrow"
        ]
    },{
        "type" : "martial_art",
        "id" : "style_boxing",
        "name" : "Boxing",
        "description" : "Sport of the true Gentleman, modern boxing has evolved from the prizefights of the Victorian era.",
        "arm_block" : 2,
        "leg_block" : 99,
           "static_buffs" : [
            {
                "id" : "boxing_static",
                "name" : "Boxing",
                "description" : "Dex/Per increases unarmed power, Str reduces block damage.",
                "unarmed_allowed" : true,
                "min_unarmed" : 0,
                "max_stacks" : 1,
                "bash_dex" : 0.15,
                "bash_per" : 0.15,
                "block_str" : 0.5
            }
        ],
        "onmove_buffs" : [
            {
                "id" : "boxing_move_buff",
                "name" : "Footwork",
                "description" : "Gain an extra dodge while moving.",
                "unarmed_allowed" : true,
                "min_unarmed" : 4,
                "buff_duration" : 2,
                "max_stacks" : 2,
                "dodges_bonus" : 1
            }
        ],
        "ondodge_buffs" : [
            {
                "id" : "boxing_counter",
                "name" : "Counter Chance",
                "description" : "They're wide open!",
                "min_unarmed" : 5,
                "unarmed_allowed" : true,
                "max_stacks": 2,
                "buff_duration" : 3,
                "bash_mult" : 1.25
            }
        ],
        "techniques" : [
            "tec_boxing_rapid",
            "tec_boxing_cross",
            "tec_boxing_upper",
            "tec_boxing_counter"
        ]
    },{
        "type" : "martial_art",
        "id" : "style_judo",
        "name" : "Judo",
        "description" : "Judo is a martial art that focuses on grabs and throws, both defensive and offensive. It also focuses on recovering from throws; while using judo, you will not lose any turns to being thrown or knocked down.",
        "arm_block" : 99,
        "leg_block" : 99,
        "static_buffs" : [
            {
        "id" : "judo_recovery",
        "name" : "Judo",
        "unarmed_allowed" : true,
        "min_unarmed" : 0,
        "buff_duration" : 2,
        "throw_immune" : true,
        "description" : "Immune to throws and knockdowns"
            }
        ],
        "techniques" : ["tec_judo_grab", "tec_judo_throw"]
    },{
        "type" : "martial_art",
        "id" : "style_tai_chi",
        "name" : "Tai Chi",
        "description" : "Though tai chi is often seen as a form of mental and physical exercise, it is a legitimate martial art, focused on self-defense. Its ability to absorb the force of an attack makes your Perception decrease damage further on a block.",
        "arm_block" : 1,
        "leg_block" : 99,
        "static_buffs" : [
            {
                "id" : "tai_chi_block",
                "name" : "Tai Chi",
                "unarmed_allowed" : true,
                "min_unarmed" : 0,
                "buff_duration" : 2,
                "block_per" : 0.8,
                "description" : "Perception decreases damage when blocking"
            }
        ],
        "techniques" : ["tec_taichi_disarm", "tec_taichi_precise"]
    },{
        "type" : "martial_art",
        "id" : "style_capoeira",
        "name" : "Capoeira",
        "description" : "A dance-like style with its roots in Brazilian slavery, Capoeira is focused on fluid movement and sweeping kicks. Moving a tile will boost attack and damage and attacking boosts dodge. These bonuses stack up to three times each.",
        "arm_block" : 99,
        "leg_block" : 99,
        "onhit_buffs" : [
            {
                "id" : "capoeira_hit_buff",
                "name" : "Capoeira Tempo",
                "description" : "+1 dodge and +1 blocks per stack",
                "unarmed_allowed" : true,
                "min_unarmed" : 3,
                "buff_duration" : 5,
                "max_stacks" : 3,
                "bonus_blocks" : 1,
                "dodge" : 1
            }
        ],
        "onmove_buffs" : [
            {
                "id" : "capoeira_move_buff",
                "name" : "Capoeira Momentum",
                "description" : "+2 bash and +1 acc per stack",
                "unarmed_allowed" : true,
                "min_unarmed" : 2,
                "buff_duration" : 3,
                "max_stacks" : 3,
                "bash" : 2,
                "hit" : 1
            }
        ],
        "techniques" : ["tec_capoeira_feint"]
    },{
        "type" : "martial_art",
        "id" : "style_krav_maga",
        "name" : "Krav Maga",
        "description" : "Originating in Israel, Krav Maga is based on taking down an enemy quickly and effectively. It focuses on applicable attacks rather than showy or complex moves. Popular among police and armed forces everywhere.",
        "arm_block" : 2,
        "leg_block" : 4,
        "static_buffs" : [
            {
                "id" : "krav_maga_static",
                "name" : "Krav Maga Hand-to-Hand",
                "unarmed_allowed" : true,
                "min_unarmed" : 0,
                "bash_str" : 0.15,
                "description" : "Increased unarmed power"
            },{
                "id" : "krav_maga_static_edged",
                "name" : "Krav Maga Edged",
                "melee_allowed" : true,
                "min_unarmed" : 0,
                "cut_mult" : 1.2,
                "description" : "Increased cutting damage"
            }
        ],
        "techniques" : [
            "tec_krav_maga_rapid",
            "tec_krav_maga_feint",
            "tec_krav_maga_precise",
            "tec_krav_maga_disarm",
            "tec_krav_maga_grab"
        ]
    },{
        "type" : "martial_art",
        "id" : "style_muay_thai",
        "name" : "Muay Thai",
        "description" : "Also referred to as the \"Art of 8 Limbs,\" Muay Thai is a popular fighting technique from Thailand that uses powerful strikes. Your strikes are more powerful with high strength and weaker with low strength, and can momentarily disorient enemies.",
        "arm_block" : 3,
        "leg_block" : 4,
        "static_buffs" : [
            {
                "id" : "muay_thai_static",
                "name" : "Muay Thai",
                "unarmed_allowed" : true,
                "bash" : -5,
                "bash_str" : 0.5,
                "description" : "Attacks scale better with strength"
            }
        ],
        "techniques" : [
            "tec_muay_thai_elbow",
            "tec_muay_thai_kick",
            "tec_muay_thai_knee"
        ]
    },{
        "type" : "martial_art",
        "id" : "style_ninjutsu",
        "name" : "Ninjutsu",
        "description" : "Ninjutsu is a martial art and set of tactics used by ninja in feudal Japan. It focuses on rapid, precise, silent strikes. Ninjutsu is almost entirely silent. It also provides small combat bonuses every time you move.",
        "arm_block" : 3,
        "leg_block" : 99,
        "static_buffs" : [
            {
                "id" : "ninjutsu_static",
                "name" : "Ninjutsu",
                "unarmed_allowed" : true,
                "melee_allowed" : true,
                "quiet" : true,
                "description" : "Silent melee attacks"
            }
        ],
        "onmove_buffs" : [
            {
                "id" : "ninjutsu_momentum",
                "name" : "Momentum shift",
                "description" : "Bonus dodges and increased to-hit",
                "unarmed_allowed" : true,
                "melee_allowed" : true,
                "buff_duration" : 2,
                "max_stacks" : 1,
                "bonus_dodges" : 1,
                "hit_dex" : 0.17
            }
        ],
        "techniques" : ["tec_ninjutsu_precise"]
    },{
        "type" : "martial_art",
        "id" : "style_taekwondo",
        "name" : "Taekwondo",
        "description" : "Taekwondo is the national sport of Korea, and was used by the South Korean army in the 20th century. Focused on kicks and punches, it also includes strength training; your blocks absorb extra damage the stronger you are.",
        "arm_block" : 2,
        "leg_block" : 3,
        "static_buffs" : [
            {
                "id" : "taekwondo_static",
                "name" : "Taekwondo",
                "unarmed_allowed" : true,
                "block_str" : 0.4,
                "description" : "Strength decreases damage when blocking"
            }
        ],
        "techniques" : [
            "tec_taekwondo_precise",
            "tec_taekwondo_push",
            "tec_taekwondo_sweep"
        ]
    },{
        "type" : "martial_art",
        "id" : "style_biojutsu",
        "name" : "Bionic Combatives",
        "description": "A modern combat style for the post-modern human. Bionic Combatives combines integrated weaponry, armor and augments into an consolidated fighting discipline.",
        "arm_block" : 99,
        "leg_block" : 99,
        "arm_block_with_bio_armor_arms" : true,
        "leg_block_with_bio_armor_legs" : true,
        "static_buffs" : [
            {
                "id" : "biojutsu_static",
                "name" : "Biojutsu",
                "unarmed_allowed" : true,
                "melee_allowed" : true,
                "min_unarmed" : 2,
                "description" : "+1 Blocks",
                "bonus_blocks" : 1
            }
        ],
        "techniques" : [
            "tec_biojutsu_counter",
            "tec_biojutsu_rapid_unarmed",
            "tec_biojutsu_rapid_armed",
            "tec_biojutsu_impale",
            "tec_biojutsu_sweep",
            "tec_biojutsu_wide"
        ],
        "weapons" : [
            "bio_claws_weapon",
            "bio_blade_weapon"
        ]
    },{
        "type" : "martial_art",
        "id" : "style_zui_quan",
        "name" : "Zui Quan",
        "description": "AKA \"drunken boxing,\" Zui Quan imitates the movement of a drunk to confuse the enemy, giving you a passive dodge bonus based on your intelligence.  The turn after you attack, you may dodge any number of attacks with no penalty, and successfully dodging an attack gives you bonus damage and to-hit based on your intelligence.",
        "arm_block" : 99,
        "leg_block" : 99,
        "static_buffs" : [
            {
                "id" : "zuiquan_static",
                "name" : "Zui Quan",
                "description" : "Intelligence increases dodging ability",
                "unarmed_allowed" : true,
                "dodge_int": 0.12
            }
        ],
        "onattack_buffs" : [
            {
                "id" : "zuiquan_attack_buff",
                "name" : "Drunken Dodging",
                "description" : "Unlimited dodges after attacking",
                "buff_duration" : 4,
                "unarmed_allowed" : true,
                "dodges_bonus" : 100
            }
        ],
        "ondodge_buffs" : [
            {
                "id" : "zuiquan_dodge_buff",
                "name" : "Counter Strike",
                "description" : "Extra damage and to-hit after successful dodge",
                "unarmed_allowed" : true,
                "max_stacks": 2,
                "bash_int": 0.2,
                "hit_int": 0.2
            }
        ],
        "techniques" : [
            "tec_zuiquan_feint",
            "tec_zuiquan_counter"
        ]
    },{
        "type" : "martial_art",
        "id" : "style_silat",
        "name" : "Silat",
        "description": "Pentjak Silat, of Indonesian origin, is a fighting style that covers the use of short blades and bludgeons. Fighters stay low and mobile to avoid attacks, then unleash deadly critical hits.", 
        "arm_block" : 99,
        "leg_block" : 99,
        "static_buffs" : [
            {
                "id" : "silat_buff",
                "name" : "Silat Stance",
                "description" : "+1 dodge",
                "unarmed_allowed" : true,
                "melee_allowed" : true,
                "bonus_dodges" : 1
            }
        ],
        "ondodge_buffs" : [
            {
                "id" : "silat_dodge_buff",
                "name" : "Silat Counter",
                "description" : "Extra to-hit after successful dodge",
                "unarmed_allowed" : true,
                "melee_allowed" : true,
                "buff_duration" : 3,
                "max_stacks": 4,
                "hit_dex": 0.4
            }
        ],
        "techniques" : [
            "tec_silat_hamstring",
            "tec_silat_precise",
            "tec_silat_brutal",
            "tec_silat_dirty"
        ],
        "weapons" : [
            "baton-extended",
            "bio_blade_weapon",
            "bowling_pin",
            "cudgel",
            "diamond_knife",
            "diamond_machete",
            "diveknife",
            "firemachete_off",
            "firemachete_on",
            "golf_club",
            "hockey_stick",
            "i_staff",
            "javelin",
            "javelin_iron",
            "knife_combat",
            "kris",
            "machete",
            "makeshift_halberd",
            "makeshift_knife",
            "makeshift_machete",
            "pipe",
            "pointy_stick",
            "pool_cue",
            "PR24-extended",
            "primitive_knife",
            "q_staff",
            "rebar",
            "scythe",
            "scythe_war",
            "shock_staff",
            "shocktonfa_off",
            "shocktonfa_on",
            "sickle",
            "shishkebab_off",
            "shishkebab_on",
            "spear_knife",
            "spear_rebar",
            "spear_steel",
            "spear_wood",
            "stick",
            "tanto",
            "tonfa",
            "tonfa_wood",
            "kukri",
            "diamond_kukri",
            "knife_rambo",
            "knife_rm42",
            "switchblade"
        ]
    },{
        "type" : "martial_art",
        "id" : "style_fencing",
        "name" : "Fencing",
        "description": "The noble art of fencing is taught with flexible competition blades, but the techniques are derived from (and applicable to) more functional examples. Skilled fencers can take advantage of advances and retreats to deliver accurate strikes.", 
        "arm_block" : 99,
        "leg_block" : 99,
        "onmove_buffs" : [
            {
                "id" : "fencing_move_buff",
                "name" : "Fencing Footwork",
                "description" : "+2 stab and +1 acc per stack",
                "unarmed_allowed" : true,
                "min_melee" : 2,
                "buff_duration" : 2,
                "max_stacks" : 2,
                "stab" : 2,
                "hit" : 1
            }
        ],
        "techniques" : [
            "tec_feint",
            "tec_fencing_lunge",
            "tec_fencing_stop_thrust",
            "tec_fencing_thrust"
        ],
        "weapons" : [
            "broadsword",
            "diamond_broadsword",
            "broadfire_off",
            "broadfire_on",
            "sword_forged",
            "rapier",
            "diamond_rapier",
            "fencing_foil",
            "fencing_sabre",
            "fencing_epee",
            "umbrella",
            "cane",
            "cudgel"
        ]
    },{
        "type" : "martial_art",
        "id" : "style_niten",
        "name" : "Niten Ichi-Ryu",
        "description" : "Niten Ichi-Ryu is an ancient school of combat, transmitting a style of classical Japanese swordsmanship conceived by the warrior Miyamoto Musashi.  It primarily focuses on the proper use of the katana and wakizashi, but includes staff techniques as well.",
        "arm_block" : 99,
        "leg_block" : 99,
        "static_buffs" : [
            {
                 "id": "niten_stationary_buff",
                 "name" : "Niten Ichi-Ryu",
                 "description" : "Perception increases dodging and damage.",
                 "min_melee" : 2,
                 "cut_per" : 1.1,
                 "bash_per" : 1.1,
                 "dodge_per" : 0.5
            }
        ],
        "onmove_buffs" : [
          {
             "id" : "niten_move_buff",
            "name" : "Blocking",
            "description" : "You forgo dodging on the move, but gain more blocks.",
            "min_melee" : 2,
            "max_stacks" : 1,
            "buff_duration" : 2,
            "dodge" : -4,
            "bonus_dodges" : -1,
            "bonus_blocks" : 2
         }
      ],
      "onhit_buffs" : [
          {
            "id" : "niten_hit_buff",
            "name" : "Blocking",
            "description" : "You forgo dodging on the offensive, but gain more blocks.",
            "min_melee" : 2,
            "max_stacks" : 1,
            "buff_duration" : 2,
            "dodge" : -4,
            "bonus_dodges" : -1,
            "bonus_blocks" : 2
         }
      ],
        "ondodge_buffs" : [
            {
                 "id" : "niten_set-up",
                 "name" : "In-One Timing Set-Up",
                 "description" : "You found a gap in the enemy's defense!",
                 "min_melee" : 4,
                 "buff_duration" : 2,
                 "max_stacks" : 1,
                 "cut_mult" : 1
            }
        ],
        "techniques" : [
            "niten_water_cut",
            "niten_red_leaf",
            "niten_stone_cut",
            "niten_timing_attack",
            "niten_feint"
        ],
        "weapons" : [
            "katana",
            "diamond_katana",
            "firekatana_off",
            "firekatana_on",
            "bokken",
            "wakizashi",
            "diamond_wakizashi",
            "q_staff",
            "cudgel"
        ]
      
    },{
        "type" : "martial_art",
        "id" : "style_eskrima",
        "name" : "Eskrima",
        "description": "Eskrima, also known as Kali, is a Filipino martial art. It emphasises rapid strikes with knife and baton weapons, along with a variety of improvised substitutes.",
        "arm_block" : 99,
        "leg_block" : 99,
        "static_buffs" : [
            {
                "id" : "eskrima_bash",
                "name" : "Eskrima Bashing",
                "melee_allowed" : true,
                "min_melee" : 1,
                "bash_mult" : 1.2,
                "description" : "Increased bashing damage"
            }
        ],
        "onhit_buffs" : [
            {
                "id" : "eskrima_hit_buff",
                "name" : "Eskrima Combination",
                "description" : "Combination",
                "melee_allowed" : true,
                "min_melee" : 2,
                "buff_duration" : 3,
                "max_stacks" : 1,
                "bash_mult": 1.1,
                "cut_mult": 1.1
            }
        ],
        "techniques" : [
            "tec_eskrima_round",
            "tec_eskrima_fan",
            "tec_eskrima_snap",
            "tec_eskrima_puno",
            "tec_eskrima_kick",
            "tec_eskrima_combination"
        ],
        "weapons" : [
            "2x4",
            "baton-extended",
            "bee_sting",
            "bio_blade_weapon",
            "bowling_pin",
            "cane",
            "cudgel",
            "cu_pipe",
            "diamond_knife",
            "diamond_machete",
            "diveknife",
            "fighter_sting",
            "firemachete_off",
            "firemachete_on",
            "glass_shiv",
            "hammer",
            "knife_combat",
            "machete",
            "survivor_machete",
            "makeshift_knife",
            "makeshift_machete",
            "pipe",
            "pockknife",
            "pool_cue",
            "primitive_knife",
            "primitive_hammer",
            "punch_dagger",
            "scissors",
            "screwdriver",
            "sharp_toothbrush",
            "shishkebab_off",
            "shishkebab_on",
            "stick",
            "switchblade",
            "tanto",
            "umbrella",
            "wasp_sting",
            "wrench",
            "kukri",
            "diamond_kukri",
            "knife_rambo",
            "knife_rm42"
        ]
    },{
        "type" : "martial_art",
        "id" : "style_crane",
        "name" : "Crane Kung Fu",
        "description": "One of the five Shaolin animal styles.  The Crane uses intricate hand techniques and jumping dodges.  Dexterity determines the majority of your damage, rather than Strength; you also receive a dodge bonus the turn after moving a tile.",
        "arm_block" : 3,
        "leg_block" : 99,
        "static_buffs" : [
            {
                "id" : "crane_static",
                "name" : "Crane's Precision",
                "description" : "Damage bonus from dexterity at the cost of damage from strength.",
                "unarmed_allowed" : true,
                "bash_str" : -0.2,
                "bash_dex" : 0.8
            }
        ],
        "onmove_buffs" : [
                  {
                      "id" : "crane_move_buff",
                      "name" : "Crane's Flight",
                      "description" : "+2 Dodge",
                      "unarmed_allowed" : true,
                      "min_unarmed" : 2,
                      "buff_duration" : 2,
                      "dodge" : 2
                  }
        ],
        "techniques" : [
            "tec_crane_feint",
            "tec_crane_break",
            "tec_crane_precise"
        ]
    },{
        "type" : "martial_art",
        "id" : "style_dragon",
        "name" : "Dragon Kung Fu",
        "description": "One of the five Shaolin animal styles.  The Dragon uses fluid movements and hard strikes. Intelligence improves your accuracy and damage dealt, as does moving.",
        "arm_block" : 2,
        "leg_block" : 99,
        "static_buffs" : [
            {
                "id" : "dragon_static",
                "name" : "Dragon Style",
                "description" : "Bonus damage from intelligence.",
                "unarmed_allowed" : true,
                "bash_int" : 0.8
            }
        ],
        "onmove_buffs" : [
            {
                "id" : "dragon_move_buff",
                "name" : "Dragon's Flight",
                "description" : "+2 Accuracy & Damage",
                "unarmed_allowed" : true,
                "min_unarmed" : 2,
                "buff_duration" : 2,
                "hit" : 2,
                "bash" : 2
            }
        ],
        "techniques" : [
            "tec_dragon_grab",
            "tec_dragon_counter",
            "tec_dragon_sweep",
            "tec_dragon_brutal"
        ]
    },{
        "type" : "martial_art",
        "id" : "style_leopard",
        "name" : "Leopard Kung Fu",
        "description": "One of the five Shaolin animal styles.  The Leopard focuses on rapid, strategically planned strikes.  Perception and Intelligence both boost accuracy, and moving further boosts your accuracy.",
        "arm_block" : 99,
        "leg_block" : 99,
        "static_buffs" : [
            {
                "id" : "leopard_static",
                "name" : "Leopard Strategy",
                "description" : "Perception and intelligence provide a bonus to hit.",
                "unarmed_allowed" : true,
                "hit_per" : 0.2,
                "hit_int" : 0.2
            }
        ],
        "onmove_buffs" : [
            {
                "id" : "leopard_move_buff",
                "name" : "Leopard's Stalk",
                "description" : "+2 Accuracy",
                "unarmed_allowed" : true,
                "min_unarmed" : 2,
                "buff_duration" : 2,
                "hit" : 2
            }
        ],
        "techniques" : [
            "tec_leopard_rapid",
            "tec_leopard_counter",
            "tec_leopard_precise"
        ]
    },{
        "type" : "martial_art",
        "id" : "style_tiger",
        "name" : "Tiger Kung Fu",
        "description": "One of the five Shaolin animal styles.  The Tiger focuses on relentless attacks above all else.  Your Strength determines your accuracy, and your attacks do increasing damage as you continue attacking.",
        "arm_block" : 99,
        "leg_block" : 99,
        "static_buffs" : [
            {
                "id" : "tiger_static",
                "name" : "Tiger Strength",
                "description" : "Strength provides additional damage bonus.",
                "unarmed_allowed" : true,
                "hit_str" : 0.8
            }
        ],
        "onhit_buffs" : [
            {
                "id" : "tiger_hit_buff",
                "name" : "Tiger Fury",
                "description" : "+3 Bash/atk",
                "unarmed_allowed" : true,
                "min_unarmed" : 2,
                "buff_duration" : 3,
                "max_stacks" : 8,
                "bash" : 3
            }
        ],
        "techniques" : [
            "tec_tiger_grab"
        ]
    },{
        "type" : "martial_art",
        "id" : "style_snake",
        "name" : "Snake Kung Fu",
        "description": "One of the five Shaolin animal styles.  The Snake focuses on sinuous movement and precision strikes. Your Perception improves your accuracy and your damage.",
        "arm_block" : 99,
        "leg_block" : 99,
        "static_buffs" : [
            {
                "id" : "snake_static",
                "name" : "Snake Sight",
                "description" : "Perception provides a bonus to hit.",
                "unarmed_allowed" : true,
                "hit_per" : 0.8
            }
        ],
        "techniques" : [
            "tec_snake_rapid",
            "tec_snake_feint",
            "tec_snake_break",
            "tec_snake_precise"
        ]
    },{
        "type" : "martial_art",
        "id" : "style_centipede",
        "name" : "Centipede Kung Fu",
        "description": "One of the Five Deadly Venoms.  Centipede Style uses an onslaught of rapid strikes.  Each attack you land increases your speed by 4.",
        "arm_block" : 3,
        "leg_block" : 99,
        "onhit_buffs" : [
            {
                "id" : "centipede_hit_buff",
                "name" : "Hundred-Hitter",
                "description" : "+4 Atk Speed",
                "unarmed_allowed" : true,
                "min_unarmed" : 1,
                "buff_duration" : 3,
                "max_stacks" : 8,
                "speed" : 4
            }
        ],
        "techniques" : [
            "tec_centipede_rapid"
        ]
    },{
        "type" : "martial_art",
        "id" : "style_scorpion",
        "name" : "Scorpion Kung Fu",
        "description": "One of the Five Deadly Venoms.  Scorpion Style is a mysterious art which uses pincer-like hands and a stinger kick.  Critical hits do massive damage and knock your target back.",
        "arm_block" : 3,
        "leg_block" : 99,
        "static_buffs" : [
            {
                "id" : "scorpion_static",
                "name" : "Scorpion Venom",
                "description" : "+2 bashing damage.",
                "unarmed_allowed" : true,
                "bash" : 2
            }
        ],
        "techniques" : [
            "tec_scorpion_precise",
            "tec_scorpion_brutal"
        ]
    },{
        "type" : "martial_art",
        "id" : "style_toad",
        "name" : "Toad Kung Fu",
        "description": "One of the Five Deadly Venoms.  Masters of Toad Style can focus themselves against all attacks.  You can meditate by pausing, giving you armor, though you will lose focus when you move.",
        "arm_block" : 3,
        "leg_block" : 99,
        "static_buffs" : [
            {
                "id" : "toad_static",
                "name" : "Toad's Iron Skin",
                "description" : "Gain up to +6 armor while standing still",
                "//" : "FWIW, this is twice the amount of armor provided by bionic plating.",
                "unarmed_allowed" : true,
                "arm_bash": 6,
                "arm_cut": 6
            }
        ],
        "onmove_buffs": [
            {
                "id" : "toad_armor_dissipate",
                "name" : "Iron Skin Dissipation",
                "description" : "Iron Skin softens when you move!",
                "unarmed_allowed" : true,
                "min_unarmed" : 0,
                "buff_duration" : 6,
                "max_stacks" : 6,
                "arm_bash" : -1,
                "arm_cut" : -1
            }
        ],
        "techniques" : [
            "tec_toad_grab"
        ]
    },{
        "type" : "martial_art",
        "id" : "style_lizard",
        "name" : "Lizard Kung Fu",
        "description": "One of the Five Deadly Venoms, and likely to be refactored to a mutation at the next save-compatibility breaker. Lizard Style focuses on using walls to your advantage.",
        "arm_block" : 2,
        "leg_block" : 99,
        "techniques" : [
        ]
    },{
        "type" : "martial_art",
        "id" : "style_venom_snake",
        "name" : "Viper Kung Fu",
        "description": "A legacy of the Five Deadly Venoms.  Viper Style has a unique three-part combo, which initiates on a dodge, then counters with a stunning chop and the legendary Viper Strike.",
        "arm_block" : 99,
        "leg_block" : 99,
        "static_buffs" : [
            {
                "id" : "venom_snake_static",
                "name" : "Viper Patience",
                "description" : "You are trained to stick close and stay cool in a fight, waiting for the opportunity to strike...",
                "unarmed_allowed" : true,
                "dodge" : 2
            }
        ],
        "ondodge_buffs": [
            {
                "id" : "venom_snake_combo_initiate",
                "name" : "Viper Ambush",
                "description" : "You've lured 'em in! Your next attack will be a Viper Bite.",
                "unarmed_allowed" : true,
                "min_unarmed" : 0,
                "buff_duration" : 2,
                "max_stacks" : 1,
                "bash_mult" : 1.5,
                "stun_dur" : 2
            }
        ],
        "onhit_buffs": [
            {
                "id" : "venom_snake_combo_continue",
                "name" : "Viper Lock",
                "description" : "You bit true! Your next attack will be the Viper Strike!",
                "unarmed_allowed" : true,
                "min_unarmed" : 0,
                "req_buffs" : [
                  "venom_snake_combo_initiate"
                  ],
                "buff_duration" : 2,
                "max_stacks" : 1,
                "bash_mult" : 3
            }
        ],
        "techniques" : [
            "tec_venom_snake_rapid",
            "tec_venom_snake_feint",
            "tec_venom_snake_break",
            "tec_venom_snake_bite",
            "tec_venom_snake_strike"
        ]
    }
]


