[
{
    "type": "MOD_INFO",
    "mod-type": "SUPPLEMENTAL",
    "ident": "no_powered_armor",
    "name": "No Powered Armor",
    "author": "Rivet-the-Zombie",
    "description": "Removes powered armor.",
    "path": "modinfo.json"
},{
    "type": "ITEM_BLACKLIST",
    "items": [
        "power_armor_basic",
        "power_armor_helmet_basic",
        "power_armor_light",
        "power_armor_helmet_light",
        "power_armor_heavy",
        "power_armor_helmet_heavy",
        "power_armor_frame",
        "depowered_armor",
        "depowered_helmet",
        "rm13_armor",
        "rm13_armor_on"
    ]
}
]
