[
{
        "type" : "BOOK",
        "id" : "recipe_igm",
        "name" : "Case #5846, Illegal Gun Modification",
        "name_plural" : "Case #5846, Illegal Gun Modification",
        "max_level" : 3,
        "description" : "This file details illegal gun modifications. Maybe you could learn something. At least you don't have to worry abut the cops anymore.",
        "weight" : 400,
        "to_hit" : 0,
        "color" : "white",
        "intelligence" : 4,
        "symbol" : "?",
        "material" : ["paper", "null"],
        "volume" : 2,
        "bashing" : 2,
        "cutting" : 0,
        "time" : 30,
        "fun" : 0,
        "skill" : "gun",
        "price" : 18000,
        "required_level" : 1
    }
]
