[
  {
    "type": "MOD_INFO",
    "mod-type": "SUPPLEMENTAL",
    "ident": "no_mutagen",
    "name": "Disable mutagens",
    "author": "Kevin Granade",
    "description": "Removes mutagen items from the game.",
    "path": "modinfo.json"
  },{
    "type": "ITEM_BLACKLIST",
    "items": [
      "mutagen",
      "mutagen_plant",
      "mutagen_insect",
      "mutagen_spider",
      "mutagen_slime",
      "mutagen_fish",
      "mutagen_rat",
      "mutagen_beast",
      "mutagen_ursine",
      "mutagen_feline",
      "mutagen_lupine",
      "mutagen_cattle",
      "mutagen_cephalopod",
      "mutagen_bird",
      "mutagen_lizard",
      "mutagen_troglobite",
      "mutagen_medical",
      "purifier",
      "mutagen_chimera",
      "mutagen_alpha",
      "mutagen_elfa",
      "mutagen_raptor",
      "iv_mutagen",
      "iv_mutagen_plant",
      "iv_mutagen_insect",
      "iv_mutagen_spider",
      "iv_mutagen_slime",
      "iv_mutagen_fish",
      "iv_mutagen_rat",
      "iv_mutagen_beast",
      "iv_mutagen_ursine",
      "iv_mutagen_feline",
      "iv_mutagen_lupine",
      "iv_mutagen_cattle",
      "iv_mutagen_cephalopod",
      "iv_mutagen_bird",
      "iv_mutagen_lizard",
      "iv_mutagen_troglobite",
      "iv_mutagen_alpha",
      "iv_mutagen_medical",
      "iv_mutagen_chimera",
      "iv_mutagen_elfa",
      "iv_mutagen_raptor",
      "iv_purifier",
      "fetus",
      "arm",
      "leg",
      "taint_tornado"
    ]
  }
]