[
   {
      "type" : "AMMO",
      "id" : "arrowhead",
      "price" : 300,
      "name" : "arrowhead",
      "symbol" : "=",
      "color" : "light_gray",
      "description" : "Steel heads for an arrow. Placing these on arrows will make them more damaging and piercing.",
      "material" : "steel",
      "volume" : 1,
      "weight" : 8,
      "bashing" : 1,
      "cutting" : 0,
      "to_hit" : 0,
      "ammo_type" : "components",
      "casing" : "NULL",
      "damage" : 0,
      "pierce" : 0,
      "range" : 0,
      "dispersion" : 0,
      "recoil" : 0,
      "count" : 10,
      "stack_size" : 20
   },
   {
      "type" : "AMMO",
      "id" : "fletching",
      "price" : 300,
      "name" : "fletching",
      "symbol" : "=",
      "color" : "white",
      "description" : "Also known as a flight, this item provides aerodynamic stabilization of arrows. You'll need to put these on your arrows to make them functional.",
      "material" : "paper",
      "volume" : 1,
      "weight" : 1,
      "bashing" : 1,
      "cutting" : 0,
      "to_hit" : 0,
      "ammo_type" : "components",
      "casing" : "NULL",
      "damage" : 0,
      "pierce" : 0,
      "range" : 0,
      "dispersion" : 0,
      "recoil" : 0,
      "count" : 10,
      "stack_size" : 100
   },
   {
      "type" : "AMMO",
      "id" : "shaft_wood",
      "category" : "spare_parts",
      "price" : 500,
      "name" : "wooden arrow shaft",
      "symbol" : "=",
      "color" : "green",
      "description" : "A crude shaft made from wood.  It needs arrowheads and fletching to become a functional arrow.",
      "material" : "wood",
      "volume" : 1,
      "weight" : 42,
      "bashing" : 1,
      "cutting" : 0,
      "to_hit" : 0,
      "ammo_type" : "components",
      "casing" : "NULL",
      "damage" : 0,
      "pierce" : 0,
      "range" : 0,
      "dispersion" : 510,
      "recoil" : 0,
      "count" : 10
   },
   {
      "type" : "AMMO",
      "id" : "shaft_wood_heavy",
      "price" : 500,
      "category" : "spare_parts",
      "name" : "heavy wooden arrow shaft",
      "symbol" : "=",
      "color" : "green",
      "description" : "A heavy shaft made from wood.  It needs arrowheads and fletching to become a functional arrow.",
      "material" : "wood",
      "volume" : 1,
      "weight" : 48,
      "bashing" : 2,
      "cutting" : 0,
      "to_hit" : 0,
      "ammo_type" : "components",
      "casing" : "NULL",
      "damage" : 2,
      "pierce" : 0,
      "range" : 1,
      "dispersion" : 345,
      "recoil" : 0,
      "count" : 10
   },
   {
      "type" : "AMMO",
      "id" : "shaft_metal",
      "price" : 1000,
      "category" : "spare_parts",
      "name" : "metal arrow shaft",
      "symbol" : "=",
      "color" : "green",
      "description" : "A heavy shaft made from scrap metal.  It needs arrowheads and fletching to become a functional arrow.",
      "material" : "steel",
      "volume" : 1,
      "weight" : 54,
      "bashing" : 3,
      "cutting" : 0,
      "to_hit" : 0,
      "ammo_type" : "components",
      "casing" : "NULL",
      "damage" : 3,
      "pierce" : 0,
      "range" : 3,
      "dispersion" : 360,
      "recoil" : 0,
      "count" : 10
   },
   {
      "type" : "AMMO",
      "id" : "arrow_fire_hardened",
      "price" : 500,
      "category" : "spare_parts",
      "name" : "unfletched fire-hardened wooden arrow",
      "symbol" : "=",
      "color" : "green",
      "description" : "A simple arrow shaft that has had a point carved into it and then fire-hardened.  Needs fletching to be worth firing from a bow.",
      "material" : "wood",
      "volume" : 1,
      "weight" : 42,
      "bashing" : 2,
      "cutting" : 0,
      "to_hit" : 0,
      "ammo_type" : "components",
      "casing" : "NULL",
      "damage" : 3,
      "pierce" : 0,
      "range" : 2,
      "dispersion" : 435,
      "recoil" : 0,
      "count" : 10,
      "effects" : ["RECOVER_5"]
   },
   {
      "type" : "AMMO",
      "id" : "arrow_field_point",
      "price" : 700,
      "category" : "spare_parts",
      "name" : "unfletched field point wooden arrow",
      "symbol" : "=",
      "color" : "green",
      "description" : "A simple arrow shaft that has a crude arrowhead.  Useful for hunting small woodland creatures, but needs fletching before it is worth firing.",
      "material" : "wood",
      "volume" : 1,
      "weight" : 44,
      "bashing" : 3,
      "cutting" : 0,
      "to_hit" : 0,
      "ammo_type" : "components",
      "casing" : "NULL",
      "damage" : 6,
      "pierce" : 1,
      "range" : 2,
      "dispersion" : 435,
      "recoil" : 0,
      "count" : 10,
      "effects" : ["RECOVER_5"]
   },
   {
      "type" : "AMMO",
      "id" : "arrow_small_game",
      "price" : 600,
      "category" : "spare_parts",
      "name" : "unfletched small game arrow",
      "symbol" : "=",
      "color" : "green",
      "description" : "A simple arrow shaft that has a wide blunt head.  Useful for hunting small woodland creatures without splattering them all over the ground, but needs fletching before it is worth firing.",
      "material" : "wood",
      "volume" : 1,
      "weight" : 44,
      "bashing" : 4,
      "cutting" : 0,
      "to_hit" : 0,
      "ammo_type" : "components",
      "casing" : "NULL",
      "damage" : 2,
      "pierce" : 0,
      "range" : 2,
      "dispersion" : 435,
      "recoil" : 0,
      "count" : 10,
      "flags" : ["NOGIB"],
      "effects" : ["RECOVER_5"]
   },
   {
      "type" : "AMMO",
      "id" : "arrow_fire_hardened_fletched",
      "price" : 900,
      "name" : "fletched fire-hardened wooden arrow",
      "symbol" : "=",
      "color" : "green",
      "description" : "This simple arrow has a fire-hardened point and fletching. Stands a below average chance of remaining intact once fired.",
      "material" : "wood",
      "volume" : 1,
      "weight" : 43,
      "bashing" : 3,
      "cutting" : 0,
      "to_hit" : 0,
      "ammo_type" : "arrow",
      "casing" : "NULL",
      "damage" : 4,
      "pierce" : 0,
      "range" : 6,
      "dispersion" : 190,
      "recoil" : 0,
      "count" : 10,
      "effects" : ["RECOVER_5"]
   },
   {
      "type" : "AMMO",
      "id" : "arrow_field_point_fletched",
      "price" : 1000,
      "name" : "fletched field point wooden arrow",
      "symbol" : "=",
      "color" : "green",
      "description" : "A simple arrow shaft that has a crude arrowhead and fletching.  Useful for hunting small woodland creatures or as a last ditch defense against zombies. Stands a below average chance of remaining intact once fired.",
      "material" : "wood",
      "volume" : 1,
      "weight" : 46,
      "bashing" : 3,
      "cutting" : 0,
      "to_hit" : 0,
      "ammo_type" : "arrow",
      "casing" : "NULL",
      "damage" : 7,
      "pierce" : 2,
      "range" : 6,
      "dispersion" : 175,
      "recoil" : 0,
      "count" : 10,
      "effects" : ["RECOVER_5"]
   },
   {
      "type" : "AMMO",
      "id" : "arrow_small_game_fletched",
      "price" : 600,
      "name" : "fletched small game arrow",
      "symbol" : "=",
      "color" : "green",
      "description" : "A simple arrow shaft that has a wide blunt head.  Useful for hunting small woodland creatures without splattering them all over the ground, but stands a below average chance of remaining intact once fired.",
      "material" : "wood",
      "volume" : 1,
      "weight" : 44,
      "bashing" : 4,
      "cutting" : 0,
      "to_hit" : 0,
      "ammo_type" : "arrow",
      "casing" : "NULL",
      "damage" : 3,
      "pierce" : 0,
      "range" : 6,
      "dispersion" : 210,
      "recoil" : 0,
      "count" : 10,
      "flags" : ["NOGIB"],
      "effects" : ["RECOVER_5"]
   },
   {
      "type" : "AMMO",
      "id" : "arrow_wood",
      "price" : 1000,
      "name" : "fletched wooden arrow",
      "symbol" : "=",
      "color" : "green",
      "description" : "A basic wooden arrow, it has a metal arrowhead and fletching.  It's light-weight, does some damage, and is so-so on accuracy.  Stands a below average chance of remaining intact once fired.",
      "material" : "wood",
      "volume" : 1,
      "weight" : 51,
      "bashing" : 2,
      "cutting" : 1,
      "to_hit" : 0,
      "ammo_type" : "arrow",
      "casing" : "NULL",
      "damage" : 10,
      "pierce" : 3,
      "range" : 7,
      "dispersion" : 135,
      "recoil" : 0,
      "count" : 10,
      "effects" : ["RECOVER_5"]
   },
   {
      "type" : "AMMO",
      "id" : "arrow_heavy_fire_hardened_fletched",
      "price" : 1000,
      "name" : "heavy fletched fire-hardened arrow",
      "symbol" : "=",
      "color" : "green",
      "description" : "This arrow is significantly sturdier than other wooden arrows.  It has a fire-hardened point and fletching. Stands a good chance of remaining intact once fired.",
      "material" : "wood",
      "volume" : 1,
      "weight" : 49,
      "bashing" : 4,
      "cutting" : 0,
      "to_hit" : 0,
      "ammo_type" : "arrow",
      "casing" : "NULL",
      "damage" : 5,
      "pierce" : 2,
      "range" : 7,
      "dispersion" : 135,
      "recoil" : 0,
      "count" : 10,
      "effects" : ["RECOVER_10"]
   },
   {
      "type" : "AMMO",
      "id" : "arrow_heavy_fire_hardened",
      "price" : 1000,
	  "category" : "spare_parts",
      "name" : "unfletched heavy fire-hardened arrow",
      "symbol" : "=",
      "color" : "green",
      "description" : "This arrow is significantly sturdier than other wooden arrows.  It has a fire-hardened point, but needs fletching to be worth firing.",
      "material" : "wood",
      "volume" : 1,
      "weight" : 49,
      "bashing" : 4,
      "cutting" : 0,
      "to_hit" : 0,
      "ammo_type" : "components",
      "casing" : "NULL",
      "damage" : 5,
      "pierce" : 2,
      "range" : 2,
      "dispersion" : 375,
      "recoil" : 0,
      "count" : 10,
      "effects" : ["RECOVER_10"]
   },
   {
      "type" : "AMMO",
      "id" : "arrow_heavy_field_point",
      "price" : 1000,
	  "category" : "spare_parts",
      "name" : "unfletched heavy field point arrow",
      "symbol" : "=",
      "color" : "green",
      "description" : "This arrow is significantly sturdier than other wooden arrows.  It has a field point tip, but needs fletching before it is worth firing.",
      "material" : "wood",
      "volume" : 1,
      "weight" : 49,
      "bashing" : 4,
      "cutting" : 0,
      "to_hit" : 0,
      "ammo_type" : "components",
      "casing" : "NULL",
      "damage" : 6,
      "pierce" : 3,
      "range" : 2,
      "dispersion" : 325,
      "recoil" : 0,
      "count" : 10,
      "effects" : ["RECOVER_10"]
   }, 
   {
      "type" : "AMMO",
      "id" : "arrow_heavy_field_point_fletched",
      "price" : 1000,
      "name" : "heavy fletched field point arrow",
      "symbol" : "=",
      "color" : "green",
      "description" : "This arrow is significantly sturdier than other wooden arrows.  It has a crude field point head and fletching. Stands a good chance of remaining intact once fired.",
      "material" : "wood",
      "volume" : 1,
      "weight" : 57,
      "bashing" : 4,
      "cutting" : 0,
      "to_hit" : 0,
      "ammo_type" : "arrow",
      "casing" : "NULL",
      "damage" : 6,
      "pierce" : 3,
      "range" : 7,
      "dispersion" : 135,
      "recoil" : 0,
      "count" : 10,
      "effects" : ["RECOVER_10"]
   },
   {
      "type" : "AMMO",
      "id" : "arrow_wood_heavy",
      "price" : 2400,
      "name" : "fletched heavy wooden arrow",
      "symbol" : "=",
      "color" : "green",
      "description" : "A heavy wooden arrow, with fletching and a metal arrowhead.  It's much heavier than other wooden arrows, and as a result it does more damage and is more stable in flight, resulting in better accuracy over a longer range.  Stands a good chance of remaining intact once fired.",
      "material" : "wood",
      "volume" : 1,
      "weight" : 57,
      "bashing" : 6,
      "cutting" : 2,
      "to_hit" : 0,
      "ammo_type" : "arrow",
      "casing" : "NULL",
      "damage" : 12,
      "pierce" : 5,
      "range" : 8,
      "dispersion" : 60,
      "recoil" : 0,
      "count" : 10,
      "effects" : ["RECOVER_10"]
   },
   {
      "type" : "AMMO",
      "id" : "arrow_metal_sharpened",
      "price" : 1000,
	  "category" : "spare_parts",
      "name" : "unfletched sharpened metal arrow",
      "symbol" : "=",
      "color" : "green",
      "description" : "This metal shaft has been carefully sharpened so that it has a crude point at the end. Needs fletching to be worth firing from a bow.",
      "material" : "steel",
      "volume" : 1,
      "weight" : 55,
      "bashing" : 2,
      "cutting" : 0,
      "to_hit" : 0,
      "ammo_type" : "components",
      "casing" : "NULL",
      "damage" : 5,
      "pierce" : 3,
      "range" : 5,
      "dispersion" : 285,
      "recoil" : 0,
      "count" : 10,
      "effects" : ["RECOVER_15"]
    },
    {
      "type" : "AMMO",
      "id" : "arrow_metal_sharpened_fletched",
      "price" : 1000,
      "name" : "fletched sharpened metal arrow",
      "symbol" : "=",
      "color" : "green",
      "description" : "This metal shaft has been carefully sharpened so that it has a crude point at the end. Stands a very good chance of remaining intact once fired.",
      "material" : "steel",
      "volume" : 1,
      "weight" : 55,
      "bashing" : 2,
      "cutting" : 0,
      "to_hit" : 0,
      "ammo_type" : "arrow",
      "casing" : "NULL",
      "damage" : 5,
      "pierce" : 3,
      "range" : 5,
      "dispersion" : 285,
      "recoil" : 0,
      "count" : 10,
      "effects" : ["RECOVER_15"]
   },
   {
      "type" : "AMMO",
      "id" : "arrow_metal",
      "price" : 5000,
      "name" : "fletched metal arrow",
      "symbol" : "=",
      "color" : "green",
      "description" : "This metal arrow has fletching and a steel arrowhead. Stands a very good chance of remaining intact once fired.",
      "material" : "steel",
      "volume" : 1,
      "weight" : 63,
      "bashing" : 3,
      "cutting" : 2,
      "to_hit" : 0,
      "ammo_type" : "arrow",
      "casing" : "NULL",
      "damage" : 14,
      "pierce" : 7,
      "range" : 10,
      "dispersion" : 60,
      "recoil" : 0,
      "count" : 10,
      "effects" : ["RECOVER_15"]
   },
   {
      "type" : "AMMO",
      "id" : "arrow_cf",
      "price" : 9500,
      "name" : "carbon fiber arrow",
      "symbol" : "=",
      "color" : "green",
      "description" : "High-tech carbon fiber shafts and 100 grain broadheads.  Very lightweight, fast, and notoriously fragile. Stands a bad chance of remaining intact once fired.",
      "material" : "kevlar",
      "volume" : 2,
      "weight" : 8,
      "bashing" : 1,
      "cutting" : 0,
      "to_hit" : 0,
      "ammo_type" : "arrow",
      "casing" : "NULL",
      "damage" : 10,
      "pierce" : 5,
      "range" : 8,
      "dispersion" : 135,
      "recoil" : 0,
      "count" : 8,
      "stack_size" : 10,
      "effects" : ["RECOVER_3"]
   },
   {
      "type" : "AMMO",
      "id" : "arrow_exploding",
      "price" : 5000,
      "name" : "exploding arrow",
      "symbol" : "=",
      "color" : "green",
      "description" : "This arrow has a small IED strapped to its tip.  Horribly inaccurate, heavy, and bulky, not only does this contraption require expert hands to pull off a shot, it requires one to loose this with a small measure of confidence the shooter won't be caught in the blast radius.",
      "material" : "steel",
      "volume" : 2,
      "weight" : 633,
      "bashing" : 2,
      "cutting" : 0,
      "to_hit" : 0,
      "ammo_type" : "arrow",
      "casing" : "NULL",
      "damage" : 15,
      "pierce" : 9,
      "range" : 5,
      "dispersion" : 285,
      "recoil" : 0,
      "count" : 5,
      "effects" : ["EXPLOSIVE"]
   },
   {
      "type":"GENERIC",
      "id" : "exploding_arrow_warhead",
      "category" : "spare_parts",
      "symbol" : "=",
      "color" : "green",
      "name" : "exploding arrowhead",
      "description" : "This simple IED is designed to be attached to an arrow and detonate on impact.  Theoretically you could throw it but who would want to do that?",
      "price" : 2000,
      "material" : "steel",
      "weight" : 562,
      "volume" : 1,
      "bashing" : 10,
      "cutting" : 0,
      "to_hit" : -1,
      "count" : 5,
      "effects" : ["EXPLOSIVE"]
   },
   {
      "type" : "AMMO",
      "id" : "arrow_flamming",
      "price" : 1200,
      "name" : "flaming arrow",
      "symbol" : "=",
      "color" : "green",
      "description" : "This arrow has a flaming rag wrapped around the shaft near the head.  You should shoot it soon before it burns your bow.",
      "material" : "steel",
      "volume" : 2,
      "weight" : 150,
      "bashing" : 2,
      "cutting" : 0,
      "to_hit" : 0,
      "ammo_type" : "arrow",
      "casing" : "NULL",
      "damage" : 15,
      "pierce" : 9,
      "range" : 5,
      "dispersion" : 285,
      "recoil" : 0,
      "count" : 5,
      "effects" : ["IGNITE"]
   },
   {
      "type" : "AMMO",
      "id" : "bolt_wood",
      "price" : 500,
      "name" : "wooden crossbow bolt",
      "symbol" : "=",
      "color" : "green",
      "description" : "A sharpened bolt carved from wood.  It's very light, but doesn't do much damage and isn't particularly accurate.  Stands a below average chance of remaining intact once fired.",
      "material" : "wood",
      "volume" : 1,
      "weight" : 31,
      "bashing" : 1,
      "cutting" : 0,
      "to_hit" : 0,
      "ammo_type" : "bolt",
      "casing" : "NULL",
      "damage" : 10,
      "pierce" : 1,
      "range" : 0,
      "dispersion" : 150,
      "recoil" : 0,
      "count" : 15,
      "effects" : ["RECOVER_5"]
   },
   {
      "type" : "AMMO",
      "id" : "bolt_metal",
      "rarity" : 7,
      "price" : 1000,
      "name" : "metal crossbow bolt",
      "symbol" : "=",
      "color" : "green",
      "description" : "A sharpened bolt made from metal of some kind.  It's heavy and unwieldy, providing moderate damage and accuracy.  Stands a very good chance of remaining intact once fired.",
      "material" : "iron",
      "volume" : 1,
      "weight" : 250,
      "bashing" : 1,
      "cutting" : 0,
      "to_hit" : 0,
      "ammo_type" : "bolt",
      "casing" : "NULL",
      "damage" : 15,
      "pierce" : 5,
      "range" : 3,
      "dispersion" : 135,
      "recoil" : 0,
      "count" : 10,
      "effects" : ["RECOVER_15"]
   },
   {
      "type" : "AMMO",
      "id" : "bolt_steel",
      "price" : 5000, "//" : "That's the going rate for aluminum, but unless you want carbon fiber, that's as metal as Cabela's seems to stock.",
      "name" : "steel crossbow bolt",
      "symbol" : "=",
      "color" : "green",
      "description" : "A sharp bolt made from steel.  Deadly in skilled hands.  Stands an excellent chance of remaining intact once fired.",
      "material" : "steel",
      "volume" : 1,
      "weight" : 217,
      "bashing" : 5,
      "cutting" : 0,
      "to_hit" : 0,
      "ammo_type" : "bolt",
      "casing" : "NULL",
      "damage" : 20,
      "pierce" : 10,
      "range" : 6,
      "dispersion" : 120,
      "recoil" : 0,
      "count" : 10,
      "effects" : ["RECOVER_25"]
   },
   {
      "type" : "AMMO",
      "id" : "bolt_explosive",
      "rarity" : 7,
      "price" : 30000, "//" : "Resin and carbon-fiber bolts get to $10 per shot IRL, so explosives can only go higher.",
      "name" : "explosive crossbow bolt",
      "symbol" : "=",
      "color" : "green",
      "description" : "A lightweight, sharpened bolt made from some kind of metal.  It is fairly unwieldy and only provides moderate accuracy, due to being filled with explosives and fitted with an impact trigger.",
      "material" : "steel",
      "volume" : 1,
      "weight" : 620,
      "bashing" : 1,
      "cutting" : 0,
      "to_hit" : 0,
      "ammo_type" : "bolt",
      "casing" : "NULL",
      "damage" : 12,
      "pierce" : 2,
      "range" : 8,
      "dispersion" : 135,
      "recoil" : 0,
      "count" : 1,
      "stack_size" : 10,
      "effects" : ["COOKOFF", "EXPLOSIVE"]
   },
   {
      "id" : "selfbow",
      "type" : "GUN",
      "symbol" : "(",
      "color" : "yellow",
      "name" : "self bow",
      "description" : "A bow made from a single piece of wood, made specifically for the person using it.",
      "price" : 10000, "//" : "Not exactly something that would have high resale value, I'm afraid.",
      "material" : "wood",
      "flags" : ["ALWAYS_TWOHAND", "RELOAD_AND_SHOOT"],
      "skill" : "archery",
      "ammo" : "arrow",
      "weight" : 1360,
      "volume" : 10,
      "bashing" : 6,
      "cutting" : 0,
      "to_hit" : 0,
      "armor_data" : {
         "covers" : ["TORSO"],
         "coverage" : 5,
         "material_thickness" : 1,
         "encumbrance" : 2,
         "environmental_protection" : 0,
         "warmth" : 0,
         "storage" : 0
      },
      "ranged_damage" : 4,
      "range" : 5,
      "dispersion" : 250,
      "sight_dispersion": 150,
      "aim_speed" : 0,
      "recoil" : 0,
      "durability" : 6,
      "clip_size" : 1,
      "reload" : 70
   },
   {
      "id" : "shortbow",
      "type" : "GUN",
      "symbol" : "(",
      "color" : "yellow",
      "name" : "short bow",
      "description" : "Shorter than the longbow and not as powerful, this bow is easier to draw and can be used effectively by average archers.  Arrows fired from this weapon have a good chance of remaining intact for re-use.",
      "price" : 16000,
      "material" : "wood",
      "flags" : ["ALWAYS_TWOHAND", "STR8_DRAW", "RELOAD_AND_SHOOT"],
      "skill" : "archery",
      "ammo" : "arrow",
      "weight" : 340,
      "volume" : 6,
      "bashing" : 6,
      "cutting" : 0,
      "to_hit" : 0,
      "armor_data" : {
         "covers" : ["TORSO"],
         "coverage" : 5,
         "material_thickness" : 1,
         "encumbrance" : 2,
         "environmental_protection" : 0,
         "warmth" : 0,
         "storage" : 0
      },
      "ranged_damage" : 3,
      "range" : 6,
      "dispersion" : 210,
      "sight_dispersion": 150,
      "aim_speed" : 0,
      "recoil" : 0,
      "durability" : 6,
      "clip_size" : 1,
      "reload" : 60,
      "valid_mod_locations": [["underbarrel", 1],[ "sights", 1 ],[ "accessories", 2 ]]
   },
   {
      "id" : "compbow",
      "type" : "GUN",
      "symbol" : "(",
      "color" : "yellow",
      "name" : "compound bow",
      "description" : "A bow with cams for high velocity shots that can be used effectively by average archers.  Arrows fired from this weapon have a good chance of remaining intact for re-use.",
      "price" : 55000,
      "material" : ["steel", "plastic"],
      "flags" : ["ALWAYS_TWOHAND", "STR8_DRAW", "RELOAD_AND_SHOOT"],
      "skill" : "archery",
      "ammo" : "arrow",
      "weight" : 907,
      "volume" : 8,
      "bashing" : 8,
      "cutting" : 0,
      "to_hit" : 1,
      "armor_data" : {
         "covers" : ["TORSO"],
         "coverage" : 5,
         "material_thickness" : 1,
         "encumbrance" : 2,
         "environmental_protection" : 0,
         "warmth" : 0,
         "storage" : 0
      },
      "ranged_damage" : 5,
      "range" : 10,
      "dispersion" : 180,
      "sight_dispersion": 150,
      "aim_speed" : 0,
      "recoil" : 0,
      "durability" : 6,
      "clip_size" : 1,
      "reload" : 100,
      "valid_mod_locations": [["underbarrel", 1],[ "sights", 1 ],[ "accessories", 2 ]]
   },
   {
      "id" : "compositebow",
      "type" : "GUN",
      "symbol" : "(",
      "color" : "yellow",
      "name" : "composite bow",
      "description" : "A bow made from multiple materials for increased energy tension which can be used effectively by above-average archers.  Arrows fired from this weapon have a good chance of remaining intact for re-use.",
      "price" : 32000,
      "material" : ["wood", "plastic"],
      "flags" : ["ALWAYS_TWOHAND", "STR10_DRAW", "RELOAD_AND_SHOOT"],
      "skill" : "archery",
      "ammo" : "arrow",
      "weight" : 540,
      "volume" : 10,
      "bashing" : 8,
      "cutting" : 0,
      "to_hit" : 0,
      "armor_data" : {
         "covers" : ["TORSO"],
         "coverage" : 5,
         "material_thickness" : 1,
         "encumbrance" : 2,
         "environmental_protection" : 0,
         "warmth" : 0,
         "storage" : 0
      },
      "ranged_damage" : 7,
      "range" : 12,
      "dispersion" : 150,
      "sight_dispersion": 150,
      "aim_speed" : 0,
      "recoil" : 0,
      "durability" : 6,
      "clip_size" : 1,
      "reload" : 110,
      "valid_mod_locations": [["underbarrel", 1],[ "sights", 1 ],[ "accessories", 2 ]]
   },
   {
      "id" : "recurbow",
      "type" : "GUN",
      "symbol" : "(",
      "color" : "yellow",
      "name" : "recurve bow",
      "description" : "A bow that curves away from the archer at the tips for increased power, which can be used effectively by above-average archers.  Arrows fired from this weapon have a good chance of remaining intact for re-use.",
      "price" : 38000,
      "material" : ["steel", "plastic"],
      "flags" : ["ALWAYS_TWOHAND", "STR10_DRAW", "RELOAD_AND_SHOOT"],
      "skill" : "archery",
      "ammo" : "arrow",
      "weight" : 540,
      "volume" : 10,
      "bashing" : 12,
      "cutting" : 0,
      "to_hit" : 0,
      "armor_data" : {
         "covers" : ["TORSO"],
         "coverage" : 5,
         "material_thickness" : 1,
         "encumbrance" : 2,
         "environmental_protection" : 0,
         "warmth" : 0,
         "storage" : 0
      },
      "ranged_damage" : 9,
      "range" : 14,
      "dispersion" : 120,
      "sight_dispersion": 150,
      "aim_speed" : 0,
      "recoil" : 0,
      "durability" : 6,
      "clip_size" : 1,
      "reload" : 100,
      "valid_mod_locations": [["underbarrel", 1],[ "sights", 1 ],[ "accessories", 2 ]]
   },
   {
      "id" : "reflexbow",
      "type" : "GUN",
      "symbol" : "(",
      "color" : "yellow",
      "name" : "reflex bow",
      "description" : "A bow with limbs that curve away from the archer to sacrifice accuracy for power, which can be used effectively by above-average archers.  Arrows fired from this weapon have a good chance of remaining intact for re-use.",
      "price" : 42000,
      "material" : ["steel", "plastic"],
      "flags" : ["ALWAYS_TWOHAND", "STR10_DRAW", "RELOAD_AND_SHOOT"],
      "skill" : "archery",
      "ammo" : "arrow",
      "weight" : 540,
      "volume" : 10,
      "bashing" : 12,
      "cutting" : 0,
      "to_hit" : 0,
      "armor_data" : {
         "covers" : ["TORSO"],
         "coverage" : 5,
         "material_thickness" : 1,
         "encumbrance" : 2,
         "environmental_protection" : 0,
         "warmth" : 0,
         "storage" : 0
      },
      "ranged_damage" : 11,
      "range" : 16,
      "dispersion" : 120,
      "sight_dispersion": 150,
      "aim_speed" : 0,
      "recoil" : 0,
      "durability" : 6,
      "clip_size" : 1,
      "reload" : 100,
      "valid_mod_locations": [["underbarrel", 1],[ "sights", 1 ],[ "accessories", 2 ]]
   },
   {
      "id" : "longbow",
      "type" : "GUN",
      "symbol" : "(",
      "color" : "yellow",
      "name" : "longbow",
      "description" : "A six-foot wooden bow that takes a fair amount of strength to draw and can be used effectively by above-average archers.  Arrows fired from this weapon have a good chance of remaining intact for re-use.",
      "price" : 50000,
      "material" : "wood",
      "flags" : ["ALWAYS_TWOHAND", "STR10_DRAW", "RELOAD_AND_SHOOT"],
      "skill" : "archery",
      "ammo" : "arrow",
      "weight" : 680,
      "volume" : 14,
      "bashing" : 10,
      "cutting" : 0,
      "to_hit" : 0,
      "armor_data" : {
         "covers" : ["TORSO"],
         "coverage" : 5,
         "material_thickness" : 1,
         "encumbrance" : 2,
         "environmental_protection" : 0,
         "warmth" : 0,
         "storage" : 0
      },
      "ranged_damage" : 7,
      "range" : 20,
      "dispersion" : 210,
      "sight_dispersion": 150,
      "aim_speed" : 0,
      "recoil" : 0,
      "durability" : 6,
      "clip_size" : 1,
      "reload" : 80,
      "valid_mod_locations": [["underbarrel", 1],[ "sights", 1 ],[ "accessories", 2 ]]
   },
   {
      "id" : "reflexrecurvebow",
      "type" : "GUN",
      "symbol" : "(",
      "color" : "yellow",
      "name" : "reflex recurve bow",
      "description" : "A bow that combines the traits from both the reflex and the recurve bows, with both limbs and tips curving away from the archer.  This dramatically increases the power and requires significant strength to draw the bow effectively.",
      "price" : 72000,
      "material" : ["wood", "null"],
      "flags" : ["ALWAYS_TWOHAND", "STR12_DRAW", "RELOAD_AND_SHOOT"],
      "skill" : "archery",
      "ammo" : "arrow",
      "weight" : 540,
      "volume" : 5,
      "bashing" : 12,
      "cutting" : 0,
      "to_hit" : 0,
      "armor_data" : {
         "covers" : ["TORSO"],
         "coverage" : 5,
         "material_thickness" : 1,
         "encumbrance" : 2,
         "environmental_protection" : 0,
         "warmth" : 0,
         "storage" : 0
      },
      "ranged_damage" : 15,
      "range" : 18,
      "dispersion" : 120,
      "sight_dispersion": 150,
      "aim_speed" : 0,
      "recoil" : 0,
      "durability" : 6,
      "clip_size" : 1,
      "reload" : 80,
      "valid_mod_locations": [["underbarrel", 1],[ "sights", 1 ],[ "accessories", 2 ]]
   },
   {
      "id" : "hand_crossbow",
      "type" : "GUN",
      "symbol" : "(",
      "color" : "green",
      "name" : "pistol crossbow",
      "description" : "A small concealable pistol-like crossbow.  It's weak due to it's small size and draw, so it is best suited for hunting small game.  Bolts fired from this weapon have a good chance of remaining intact for re-use.",
      "price" : 55000,
      "material" : ["steel", "wood"],
      "flags" : "none",
      "skill" : "archery",
      "ammo" : "bolt",
      "weight" : 900,
      "volume" : 2,
      "bashing" : 4,
      "cutting" : 0,
      "to_hit" : -0,
      "ranged_damage" : 7,
      "range" : 6,
      "dispersion" : 180,
      "sight_dispersion": 90,
      "aim_speed" : 4,
      "recoil" : 0,
      "durability" : 6,
      "clip_size" : 1,
      "reload" : 100,
      "valid_mod_locations": [[ "accessories", 2 ],[ "grip", 1 ],[ "mechanism", 4 ],[ "rail", 1 ],[ "sights", 1 ],[ "stock", 1 ],[ "underbarrel", 1 ]]
   },
   {
      "id" : "crossbow",
      "type" : "GUN",
      "symbol" : "(",
      "color" : "green",
      "name" : "crossbow",
      "description" : "A slow-loading hand weapon that launches bolts.  Stronger people can reload it much faster.  Bolts fired from this weapon have a good chance of remaining intact for re-use.",
      "price" : 69000,
      "material" : ["steel", "wood"],
      "flags" : "STR_RELOAD",
      "skill" : "archery",
      "ammo" : "bolt",
      "weight" : 2728,
      "volume" : 6,
      "bashing" : 11,
      "cutting" : 0,
      "to_hit" : 1,
      "ranged_damage" : 13,
      "range" : 10,
      "dispersion" : 150,
      "sight_dispersion": 90,
      "aim_speed" : 4,
      "recoil" : 0,
      "durability" : 6,
      "clip_size" : 1,
      "reload" : 800,
      "valid_mod_locations": [[ "accessories", 4 ],[ "grip", 1 ],[ "mechanism", 4 ],[ "rail", 1 ],[ "sights", 1 ],[ "stock", 1 ],[ "underbarrel", 1 ]]
   },
   {
      "id" : "huge_crossbow",
      "type" : "GUN",
      "symbol" : "(",
      "color" : "green",
      "name" : "heavy crossbow",
      "description" : "A HUGE medieval crossbow from Germany with a very slow, difficult reloading process not suited for unskilled users.  Its tension is so powerful that you feel it shake after firing.  Bolts fired from this weapon have a good chance of remaining intact for re-use.",
      "price" : 324000, "//" : "Modern crossbows can come in anywhere from $300 to $2K.  Large plus Antique = expensive.",
      "material" : ["iron", "wood"],
      "flags" : ["ALWAYS_TWOHAND", "STR_RELOAD"],
      "skill" : "archery",
      "ammo" : "bolt",
      "weight" : 6803,
      "volume" : 20,
      "bashing" : 20,
      "cutting" : 0,
      "to_hit" : -1,
      "ranged_damage" : 40,
      "range" : 30,
      "dispersion" : 330,
      "sight_dispersion": 90,
      "aim_speed" : 4,
      "recoil" : 30,
      "durability" : 6,
      "clip_size" : 1,
      "reload" : 6000,
      "valid_mod_locations": [[ "accessories", 4 ],[ "grip", 1 ],[ "mechanism", 4 ],[ "rail", 1 ],[ "sights", 1 ],[ "stock", 1 ],[ "underbarrel", 1 ]]
   },
   {
      "id" : "rep_crossbow",
      "type" : "GUN",
      "symbol" : "(",
      "color" : "green",
      "name" : "repeating crossbow",
      "description" : "A custom-made, large mechanical bolt-action crossbow with a wooden magazine that holds 10 bolts.  Bolts fired from this weapon have a good chance of remaining intact for re-use.",
      "price" : 324000,
      "material" : ["steel", "wood"],
      "flags" : ["ALWAYS_TWOHAND", "RELOAD_ONE", "MODE_BURST"],
      "skill" : "archery",
      "ammo" : "bolt",
      "weight" : 3628,
      "volume" : 10,
      "bashing" : 13,
      "cutting" : 0,
      "to_hit" : -1,
      "ranged_damage" : 10,
      "range" : 8,
      "dispersion" : 330,
      "sight_dispersion": 90,
      "aim_speed" : 4,
      "recoil" : 225,
      "durability" : 6,
      "burst" : 3,
      "clip_size" : 10,
      "reload" : 100,
      "valid_mod_locations": [[ "accessories", 4 ],[ "grip", 1 ],[ "mechanism", 4 ],[ "rail", 1 ],[ "sights", 1 ],[ "stock", 1 ],[ "underbarrel", 1 ]]
   },
   {
      "id":"shaft_plastic",
      "type":"AMMO",
      "symbol":"=",
      "color":"green",
      "name":"plastic shaft",
      "description":"A crude shaft made from plastic.  It needs arrowheads and fletching to become a functional arrow.",
      "to_hit":0,
      "price": 100,
      "category" : "spare_parts",
      "material":"plastic",
      "bashing":1,
      "cutting":0,
      "weight":6,
      "volume":1,
      "ammo_type":"components",
      "range":0,
      "pierce":0,
      "damage":0,
      "recoil":0,
      "dispersion":600,
      "count":10
   },
   {
      "id":"arrowhead_plastic",
      "type":"AMMO",
      "color":"green",
      "symbol":"=",
      "name":"plastic arrowhead",
      "description":"Plastic heads for an arrow.  Placing these on arrows will make them more damaging and piercing.",
      "price": 100,
      "material":"plastic",
      "to_hit":0,
      "cutting":0,
      "bashing":1,
      "weight":1,
      "volume":1,
      "ammo_type":"components",
      "range":0,
      "pierce":0,
      "damage":0,
      "recoil":0,
      "dispersion":0,
      "count":10
   },
    {   "type" : "AMMO",
        "id" : "throwing_knife",
        "category" : "weapons",
        "price" : 5200,
        "name" : "throwing knife",
        "name_plural" : "throwing knives",
        "symbol" : ";",
        "color" : "light_gray",
        "description" : "A thin and flat knife made for throwing.  Its ineffective cutting edge and odd shape makes it unsuitable for use as a tool.",
        "material" : "steel",
        "volume" : 1,
        "weight" : 268,
        "bashing" : 1,
        "cutting" : 12,
        "to_hit" : 0,
        "ammo_type" : "thrown",
        "casing" : "NULL",
        "damage" : 0,
        "pierce" : 0,
        "range" : 0,
        "dispersion" : 0,
        "recoil" : 0,
        "count" : 5
    },
    {
        "type" : "AMMO",
        "id" : "throwing_axe",
        "category" : "weapons",
        "price" : 12400,
        "name" : "throwing axe",
        "symbol" : ";",
        "color" : "light_gray",
        "description" : "A lightweight hatchet made for throwing.  Its ineffective cutting edge and light weight makes it unsuitable for use as a tool.",
        "material" : ["steel", "wood"],
        "volume" : 3,
        "weight" : 792,
        "bashing" : 6,
        "cutting" : 16,
        "to_hit" : 0,
        "ammo_type" : "thrown",
        "casing" : "NULL",
        "damage" : 0,
        "pierce" : 0,
        "range" : 0,
        "dispersion" : 0,
        "recoil" : 0,
        "count" : 3
    },
    {
        "type" : "AMMO",
        "id" : "lawn_dart",
        "category" : "weapons",
        "price" : 1000,
        "name" : "lawn dart",
        "symbol" : ";",
        "color" : "yellow",
        "description" : "A large plastic dart made for outdoor games.",
        "material" : ["plastic", "iron"],
        "volume" : 2,
        "weight" : 175,
        "bashing" : 0,
        "cutting" : 16,
        "to_hit" : -1,
        "ammo_type" : "thrown",
        "casing" : "NULL",
        "damage" : 0,
        "pierce" : 0,
        "range" : 0,
        "dispersion" : 0,
        "recoil" : 0,
        "count" : 2
    },
    {
        "type" : "AMMO",
        "id" : "fishspear",
        "price" : 4000,
        "name" : "wooden fishing spear",
        "symbol" : "=",
        "color" : "brown",
        "description" : "An underwater fishing spear made from wood tipped with steel.  It's very light, but doesn't have much range.  Stands a below average chance of remaining intact once fired.",
        "material" : "wood",
        "volume" : 1,
        "weight" : 18,
        "bashing" : 1,
        "cutting" : 0,
        "to_hit" : 0,
        "ammo_type" : "fishspear",
        "casing" : "NULL",
        "damage" : 12,
        "pierce" : 4,
        "range" : 6,
        "dispersion" : 150,
        "recoil" : 0,
        "count" : 4,
        "effects" : ["RECOVER_5"]
    },
    {
        "type" : "AMMO",
        "id" : "m_fishspear",
        "price" : 16000,
        "name" : "metal fishing spear",
        "symbol" : "=",
        "color" : "light_gray",
        "description" : "An underwater fishing spear made from metal.  It's light, but doesn't have much range.  Stands a very good chance of remaining intact once fired.",
        "material" : "iron",
        "volume" : 1,
        "weight" : 28,
        "bashing" : 1,
        "cutting" : 0,
        "to_hit" : 0,
        "ammo_type" : "fishspear",
        "casing" : "NULL",
        "damage" : 14,
        "pierce" : 8,
        "range" : 6,
        "dispersion" : 120,
        "recoil" : 0,
        "count" : 4,
        "effects" : ["RECOVER_15"]
    },
    {
        "type" : "AMMO",
        "id" : "c_fishspear",
        "price" : 32000,
        "name" : "carbon fiber fishing spear",
        "symbol" : "=",
        "color" : "dark_gray",
        "description" : "An underwater fishing spear made from carbon fiber.  It's very light, but doesn't have much range.  Stands a bad chance of remaining intact once fired.",
        "material" : "kevlar",
        "volume" : 1,
        "weight" : 12,
        "bashing" : 1,
        "cutting" : 0,
        "to_hit" : 0,
        "ammo_type" : "fishspear",
        "casing" : "NULL",
        "damage" : 14,
        "pierce" : 12,
        "range" : 10,
        "dispersion" : 90,
        "recoil" : 0,
        "count" : 4,
        "effects" : ["RECOVER_3"]
    },
    {
        "id":"arrow_plastic",
        "type":"AMMO",
        "symbol":"=",
        "color":"green",
        "name":"plastic arrow",
        "description":"This plastic arrow has a plastic arrowhead and fletching. Stands a good chance of remaining intact once fired.",
        "price": 2000,
        "material":"plastic",
        "volume":1,
        "weight":8,
        "bashing":2,
        "cutting":1,
        "to_hit":0,
        "ammo_type":"arrow",
        "damage":8,
        "pierce":1,
        "range":12,
        "dispersion":125,
        "recoil":0,
        "count":10,
        "effects" : ["RECOVER_10"]
    }
]
