[

{
    "type" : "AMMO",
    "id" : "chem_sulphur",
    "category" : "spare_parts",
    "price" : 50,
    "name" : "sulphur",
    "name_plural" : "sulphur",
    "symbol" : "=",
    "color" : "yellow",
    "description" : "A handful of yellow grains of pure sulphur.  Primarily used to make battery acid, sulphur is sometimes used as fuel for explosives.  Can be burned to produce acidic smoke, that is deadly to bacteria and humans alike, or oxidised to make paper-bleaching agents.",
    "material" : "powder",
    "volume" : 1,
    "weight" : 5, "//": "NOTE: Weights are given for ONE UNIT.  The actual weight of a spawned pile of sulphur is now 5*100 = 500g.  For reference, 1 C:DDA unit of volume is around a quarter of a liter (calculated from the weight of water).",
    "bashing" : 1,
    "cutting" : 0,
    "to_hit" : 0,
    "ammo_type" : "components",
    "casing" : "NULL",
    "damage" : 0,
    "pierce" : 0,
    "range" : 0,
    "dispersion" : 0,
    "recoil" : 0,
    "container" : "bag_canvas",
    "count" : 100
   },
{
    "type" : "AMMO",
    "id" : "chem_aluminium_powder",
    "category" : "spare_parts",
    "price" : 500,
    "name" : "aluminum powder",
    "name_plural" : "aluminum powder",
    "symbol" : "=",
    "color" : "white",
    "description" : "A handful of finely ground aluminum powder.  This strong reducing agent was used in combination with various oxidants for chemical welding and explosives alike.  Just before the Cataclysm, however, it was the basis of virtually all commercial metallic-hued paints and anti-corrosive coatings.",
    "material" : "powder",
    "volume" : 1,
    "weight" : 1.75,
    "bashing" : 1,
    "cutting" : 0,
    "to_hit" : 0,
    "ammo_type" : "components",
    "casing" : "NULL",
    "damage" : 0,
    "pierce" : 0,
    "range" : 0,
    "dispersion" : 0,
    "recoil" : 0,
    "container" : "bag_plastic",
    "count" : 100
   },
   {
    "type" : "AMMO",
    "id" : "chem_zinc_powder",
    "category" : "spare_parts",
    "price" : 600,
    "name" : "zinc powder",
    "name_plural" : "zinc powder",
    "symbol" : "=",
    "color" : "white",
    "description" : "A handful of zinc powder.  While commercially used mostly in cosmetics and for paints, hobbyists used to mix it with sulphur to make basic rocket fuel / smokescreen.  When treated with a strong acid, it will produce hydrogen.",
    "material" : "powder",
    "volume" : 1,
    "weight" : 8.4,
    "bashing" : 1,
    "cutting" : 0,
    "to_hit" : 0,
    "ammo_type" : "components",
    "casing" : "NULL",
    "damage" : 0,
    "pierce" : 0,
    "range" : 0,
    "dispersion" : 0,
    "recoil" : 0,
    "container" : "bag_plastic",
    "count" : 100
   },


{
    "type" : "AMMO",
    "id" : "chem_sulphuric_acid",
    "category" : "spare_parts",
    "price" : 250,
    "name" : "sulphuric acid",
    "name_plural" : "sulphuric acid",
    "symbol" : "=",
    "color" : "white",
    "description" : "Sulphuric acid: viscous, foul-smelling and extremely corrosive, particularly to organic matter and evil clowns.  Although used to prepare a number of chemicals, it is mostly known as battery acid, due to its widest commercial application.",
    "material" : "null",
    "volume" : 1,
    "weight" : 460,
    "bashing" : 1,
    "cutting" : 0,
    "to_hit" : 0,
    "ammo_type" : "components",
    "casing" : "NULL",
    "damage" : 0,
    "pierce" : 0,
    "range" : 0,
    "dispersion" : 0,
    "recoil" : 0,
    "charges" : 2,
    "phase" : "liquid",
    "container" : "bottle_glass",
    "count" : 1
   },
{
    "type" : "AMMO",
    "id" : "chem_acetone",
    "category" : "spare_parts",
    "price" : 50,
    "name" : "acetone",
    "name_plural" : "acetone",
    "symbol" : "=",
    "color" : "white",
    "description" : "Acetone, best known as the primary constituent of most nail polish removers.  Flammable and can be easily used for potent home-made explosives, as demonstrated by the terrorist attacks of 2016.",
    "material" : "null",
    "volume" : 1,
    "weight" : 200,
    "bashing" : 1,
    "cutting" : 0,
    "to_hit" : 0,
    "ammo_type" : "components",
    "casing" : "NULL",
    "damage" : 0,
    "pierce" : 0,
    "range" : 0,
    "dispersion" : 0,
    "recoil" : 0,
    "charges" : 1,
    "phase" : "liquid",
    "container" : "bottle_glass",
    "count" : 1
   },
{
    "type" : "AMMO",
    "id" : "chem_nitric_acid",
    "category" : "spare_parts",
    "price" : 300,
    "name" : "nitric acid",
    "name_plural" : "nitric acid",
    "symbol" : "=",
    "color" : "white",
    "description" : "Nitric acid, a strong oxidant and extremely corrosive material.  Mainly used in the production of synthetic fertilisers, for etching of circuit boards and in woodworking.  Remains quite useful both for making a vast array of pyrotechnic and explosive agents and as a direct weapon: not many beings enjoy being doused in nitric acid.",
    "material" : "null",
    "volume" : 1,
    "weight" : 375,
    "bashing" : 1,
    "cutting" : 0,
    "to_hit" : 0,
    "ammo_type" : "components",
    "casing" : "NULL",
    "damage" : 0,
    "pierce" : 0,
    "range" : 0,
    "dispersion" : 0,
    "recoil" : 0,
    "charges" : 2,
    "phase" : "liquid",
    "container" : "bottle_glass",
    "count" : 1
   },
{
    "type" : "AMMO",
    "id" : "chem_hydrogen_peroxide",
    "category" : "spare_parts",
    "price" : 100,
    "name" : "hydrogen peroxide",
    "name_plural" : "hydrogen peroxide",
    "symbol" : "~",
    "color" : "white",
    "description" : "A bottle of dilute hydrogen peroxide, for use as a disinfectant and for bleaching hair or textiles.  Foams a little, when in contact with organic matter, but otherwise harmless.",
    "material" : "null",
    "volume" : 1,
    "weight" : 275,
    "bashing" : 1,
    "cutting" : 0,
    "to_hit" : 0,
    "ammo_type" : "components",
    "casing" : "NULL",
    "damage" : 0,
    "pierce" : 0,
    "range" : 0,
    "dispersion" : 0,
    "recoil" : 0,
    "charges" : 1,
    "phase" : "liquid",
    "container" : "bottle_glass",
    "count" : 1
   },
{
    "type" : "AMMO",
    "id" : "chem_chromium_oxide",
    "category" : "spare_parts",
    "price" : 500,
    "name" : "chromium oxide",
    "name_plural" : "chromium oxide",
    "symbol" : "=",
    "color" : "green",
    "description" : "A handful of chromium oxide pellets.  This substance, typically known as the only stable green pigment for paints, is also a mild oxidiser, which can be mixed with aluminum powder to make thermite for welding.  If one had access to a CVD machine and a laboratory worth of reagents, they might be able to produce very durable ceramic layers.",
    "material" : "powder",
    "volume" : 1,
    "weight" : 13.05,
    "bashing" : 1,
    "cutting" : 0,
    "to_hit" : 0,
    "ammo_type" : "components",
    "casing" : "NULL",
    "damage" : 0,
    "pierce" : 0,
    "range" : 0,
    "dispersion" : 0,
    "recoil" : 0,
    "container" : "bag_canvas",
    "count" : 100
   },
{
    "type" : "AMMO",
    "id" : "chem_carbide",
    "category" : "spare_parts",
    "price" : 75,
    "name" : "calcium carbide",
    "name_plural" : "calcium carbide",
    "symbol" : "=",
    "color" : "white",
    "description" : "A handful of calcium carbide chunks, giving off a faint, garlic-like smell.  Commercially, calcium carbide was used for on-the-spot manufacture of acetylene and historically to power acetylene lamps.  If mixed with water and sealed, it will explode with little strength, but with relatively loud noise and could maybe be used as a decoy...",
    "material" : "powder",
    "volume" : 1,
    "weight" : 5.55,
    "bashing" : 1,
    "cutting" : 0,
    "to_hit" : 0,
    "ammo_type" : "components",
    "casing" : "NULL",
    "damage" : 0,
    "pierce" : 0,
    "range" : 0,
    "dispersion" : 0,
    "recoil" : 0,
    "container" : "bag_plastic",
    "count" : 100
   },
   {
    "type" : "AMMO",
    "id" : "chem_hexamine",
    "category" : "spare_parts",
    "price" : 900,
    "name" : "hexamine",
    "name_plural" : "hexamine",
    "symbol" : "=",
    "color" : "red",
    "description" : "A handful of waxy hexamine tablets.  This ubiquitous fuel was used to start up almost every garden grill and no 'real' camping trip could do its cooking without it, until the Cataclysm.  Nowadays, it is even more valuable then before, being the key component in the preparation of several military-grade explosives.",
    "material" : "powder",
    "volume" : 1,
    "weight" : 16.625,
    "bashing" : 1,
    "cutting" : 0,
    "to_hit" : 0,
    "ammo_type" : "components",
    "casing" : "NULL",
    "damage" : 0,
    "pierce" : 0,
    "range" : 0,
    "dispersion" : 0,
    "recoil" : 0,
    "container" : "box_small",
    "count" : 20
   },





{
    "type" : "AMMO",
    "id" : "chem_hydrogen_peroxide_conc",
    "category" : "spare_parts",
    "price" : 1000,
    "name" : "hydrogen peroxide (concentrated)",
    "name_plural" : "hydrogen peroxide (concentrated)",
    "symbol" : "~",
    "color" : "white",
    "description" : "Concentrated hydrogen peroxide is a powerful oxidant, violently decomposing in contact with most reducing agents.  Can be used as rocket fuel or to make high explosives.  Causes severe burns to any organic matter and may ignite it on contact.",
    "material" : "null",
    "volume" : 1,
    "weight" : 325,
    "bashing" : 1,
    "cutting" : 0,
    "to_hit" : 0,
    "ammo_type" : "components",
    "casing" : "NULL",
    "damage" : 0,
    "pierce" : 0,
    "range" : 0,
    "dispersion" : 0,
    "recoil" : 0,
    "charges" : 1,
    "phase" : "liquid",
    "container" : "bottle_glass",
    "count" : 1
   },
   {
    "type" : "AMMO",
    "id" : "chem_ammonium_nitrate",
    "category" : "spare_parts",
    "price" : 100,
    "name" : "ammonium nitrate",
    "name_plural" : "ammonium nitrate",
    "symbol" : "=",
    "color" : "white",
    "description" : "A handful of ammonium nitrate.  This white, crystalline powder is commonly used as a component of fertilisers and explosives.  Could also be dissolved in water to sharply lower its temperature, but is there any use for this quality in this new world?",
    "material" : "powder",
    "volume" : 1,
    "weight" : 8.6,
    "bashing" : 1,
    "cutting" : 0,
    "to_hit" : 0,
    "ammo_type" : "components",
    "casing" : "NULL",
    "damage" : 0,
    "pierce" : 0,
    "range" : 0,
    "dispersion" : 0,
    "recoil" : 0,
    "container" : "bag_canvas",
    "count" : 50
   },
   {
    "type" : "AMMO",
    "id" : "chem_saltpetre",
    "category" : "spare_parts",
    "price" : 200,
    "name" : "saltpetre",
    "name_plural" : "saltpetre",
    "symbol" : "=",
    "color" : "white",
    "description" : "A handful of saltpetre.  Sometimes used as a fertiliser, this ubiquitous nitrate is the principal constituent of black gunpowder and simple rocket propellants, such as rocket candy.",
    "material" : "powder",
    "volume" : 1,
    "weight" : 5.275,
    "bashing" : 1,
    "cutting" : 0,
    "to_hit" : 0,
    "ammo_type" : "components",
    "casing" : "NULL",
    "damage" : 0,
    "pierce" : 0,
    "range" : 0,
    "dispersion" : 0,
    "recoil" : 0,
    "container" : "bag_canvas",
    "count" : 50
   },
{
    "type" : "AMMO",
    "id" : "chem_aluminium_sulphate",
    "category" : "spare_parts",
    "price" : 300,
    "name" : "aluminum sulphate",
    "name_plural" : "aluminum sulphate",
    "symbol" : "=",
    "color" : "white",
    "description" : "Several crystals of aluminum sulphate.  Historically, an agent for purifying water and as molluscicide, due to the fact that it degenerates their slime.  Just before the Cataclysm, its main uses were for adjusting the acidity of the soil and as an additive to baking powder.  If mixed with a strong acid, it could be used to saturate the soil with aluminum, causing all but the most resistant of plants to wither and die.",
    "material" : "powder",
    "volume" : 1,
    "weight" : 13.35,
    "bashing" : 1,
    "cutting" : 0,
    "to_hit" : 0,
    "ammo_type" : "components",
    "casing" : "NULL",
    "damage" : 0,
    "pierce" : 0,
    "range" : 0,
    "dispersion" : 0,
    "recoil" : 0,
    "container" : "bag_canvas",
    "count" : 50
   },
{
    "type" : "AMMO",
    "id" : "chem_acetic_acid",
    "category" : "spare_parts",
    "price" : 200,
    "name" : "acetic acid",
    "name_plural" : "acetic acid",
    "symbol" : "~",
    "color" : "white",
    "description" : "Concentrated acetic acid, typically used as a chemical reagent and antifungal agent.  Despite its horrid smell, it was used to prepare several types of perfumes, but would making perfume not be too ...fancy for postapocalyptic New England?",
    "material" : "null",
    "volume" : 1,
    "weight" : 300,
    "bashing" : 1,
    "cutting" : 0,
    "to_hit" : 0,
    "ammo_type" : "components",
    "casing" : "NULL",
    "damage" : 0,
    "pierce" : 0,
    "range" : 0,
    "dispersion" : 0,
    "recoil" : 0,
    "charges" : 1,
    "phase" : "liquid",
    "container" : "bottle_glass",
    "count" : 1
   },
   {
    "type" : "AMMO",
    "id" : "chem_thermite",
    "category" : "spare_parts",
    "price" : 2500,
    "name" : "thermite",
    "name_plural" : "thermite",
    "symbol" : "=",
    "color" : "white",
    "description" : "A handful of silvery-greenish powder, produced by mixing aluminum and chromium oxide.  This mixture, burning at a constant pace and at extremely high temperature, was once used for on-the-spot welding.  Can be used as an incendiary material in a pinch.",
    "material" : "powder",
    "volume" : 1,
    "weight" : 10, "//": "Weight might not be accurate.",
    "bashing" : 1,
    "cutting" : 0,
    "to_hit" : 0,
    "ammo_type" : "components",
    "casing" : "NULL",
    "damage" : 0,
    "pierce" : 0,
    "range" : 0,
    "dispersion" : 0,
    "recoil" : 0,
    "container" : "bag_canvas",
    "count" : 50
   },



{
    "type" : "AMMO",
    "id" : "chem_anfo",
    "category" : "spare_parts",
    "price" : 500,
    "name" : "ANFO",
    "name_plural" : "ANFO",
    "symbol" : "=",
    "color" : "red",
    "description" : "Several brownish pellets that were made by absorbing organic fuel on ammonium nitrate.  This ammonium nitrate–fuel oil or ANFO, as it is called, mixture is a common industrial explosive due to its stability and low price.  Burns fast, but needs an explosive primer to detonate...",
    "material" : "powder",
    "volume" : 1,
    "weight" : 9,
    "bashing" : 1,
    "cutting" : 0,
    "to_hit" : 0,
    "ammo_type" : "components",
    "casing" : "NULL",
    "damage" : 0,
    "pierce" : 0,
    "range" : 0,
    "dispersion" : 0,
    "recoil" : 0,
    "container" : "bag_canvas",
    "count" : 50
   },
   {
    "type" : "AMMO",
    "id" : "chem_black_powder",
    "category" : "spare_parts",
    "price" : 400,
    "name" : "black gunpowder",
    "name_plural" : "black gunpowder",
    "symbol" : "=",
    "color" : "dark_gray",
    "description" : "A handful of black gunpowder, made by mixing charcoal and sulphur with saltpetre.  Pretty useless for making modern cartridges, as the soot produced when it burns will quickly clog any firearm, but it could be used to make some vicious bombs.",
    "material" : "powder",
    "volume" : 1,
    "weight" : 5,
    "bashing" : 1,
    "cutting" : 0,
    "to_hit" : 0,
    "ammo_type" : "components",
    "casing" : "NULL",
    "damage" : 0,
    "pierce" : 0,
    "range" : 0,
    "dispersion" : 0,
    "recoil" : 0,
    "container" : "bag_canvas",
    "count" : 50
   },
   {
    "type" : "AMMO",
    "id" : "chem_rdx",
    "category" : "spare_parts",
    "price" : 7500,
    "name" : "RDX",
    "name_plural" : "RDX",
    "symbol" : "=",
    "color" : "white",
    "description" : "Several off-white crystals of RDX or hexogen--a military-grade, shelf-stable high explosive.  Can be cast into shaped charges or mixed with scrap to pepper the blast area with high-velocity shrapnel.",
    "material" : "powder",
    "volume" : 1,
    "weight" : 100,
    "bashing" : 1,
    "cutting" : 0,
    "to_hit" : 0,
    "ammo_type" : "components",
    "casing" : "NULL",
    "damage" : 0,
    "pierce" : 0,
    "range" : 0,
    "dispersion" : 0,
    "recoil" : 0,
    "count" : 5
   },
   {
    "type" : "AMMO",
    "id" : "chem_hmtd",
    "category" : "spare_parts",
    "price" : 5000,
    "name" : "HMTD",
    "name_plural" : "HMTD",
    "symbol" : "=",
    "color" : "white",
    "description" : "Hexamine peroxide: this fine, yellowish powder is a powerful primary explosive, used to initiate detonation of more stable explosives, such as RDX.  Relatively stable, but best not store it for too long...",
    "material" : "powder",
    "volume" : 1,
    "weight" : 200,
    "bashing" : 1,
    "cutting" : 0,
    "to_hit" : 0,
    "ammo_type" : "components",
    "casing" : "NULL",
    "damage" : 0,
    "pierce" : 0,
    "range" : 0,
    "dispersion" : 0,
    "recoil" : 0,
    "container" : "bag_plastic",
    "count" : 10
   },
      {
    "type" : "AMMO",
    "id" : "chem_rocket_fuel",
    "category" : "spare_parts",
    "price" : 500,
    "name" : "rocket fuel",
    "name_plural" : "rocket fuel",
    "symbol" : "=",
    "color" : "white",
    "description" : "A chunk of a zinc powder and sulphur mixture, bound together by superglue, that can be used as an impromptu rocket fuel.",
    "material" : "powder",
    "volume" : 1,
    "weight" : 70,
    "bashing" : 1,
    "cutting" : 0,
    "to_hit" : 0,
    "ammo_type" : "components",
    "casing" : "NULL",
    "damage" : 0,
    "pierce" : 0,
    "range" : 0,
    "dispersion" : 0,
    "recoil" : 0,
    "container" : "bag_plastic",
    "count" : 10
   }


]
